estado,unidade,equipamento,host
PR,7445-0 - EVENTOS,PR7445EV1,10.105.0.128
PR,7445-0 - EVENTOS,PR7445EV10,10.105.0.115
PR,7445-0 - EVENTOS,PR7445EV11,10.105.0.114
PR,7445-0 - EVENTOS,PR7445EV12,10.105.0.113
PR,7445-0 - EVENTOS,PR7445EV13,10.105.0.108
PR,7445-0 - EVENTOS,PR7445EV14,10.105.0.111
PR,7445-0 - EVENTOS,PR7445EV15,10.105.0.110
PR,7445-0 - EVENTOS,PR7445EV16,10.105.0.109
PR,7445-0 - EVENTOS,PR7445EV17,10.105.0.117
PR,7445-0 - EVENTOS,PR7445EV2,10.105.0.134
PR,7445-0 - EVENTOS,PR7445EV3,10.105.0.133
PR,7445-0 - EVENTOS,PR7445EV4,10.105.0.132
PR,7445-0 - EVENTOS,PR7445EV5,10.105.0.112
PR,7445-0 - EVENTOS,PR7445EV6,10.105.0.131
PR,7445-0 - EVENTOS,PR7445EV7,10.105.0.130
PR,7445-0 - EVENTOS,PR7445EV8,10.105.0.129
PR,7445-0 - EVENTOS,PR7445EV9,10.105.0.116
PR,7445-0 - EVENTOS,PR7876EV20,10.105.0.220
PR,7445-0 - EVENTOS,PR7876EV21,10.105.0.221
PR,7445-0 - EVENTOS,PR7876EV22,10.105.0.222
SC,0019-0 FAXINAL DOS GUEDES,SC0019RA1.sc.caixa,SC0019RA1.sc.caixa
SC,0019-0 FAXINAL DOS GUEDES,SC0019SW020.sc.caixa,SC0019SW020.sc.caixa
SC,0019-0 FAXINAL DOS GUEDES,SC0019SW021.sc.caixa,SC0019SW021.sc.caixa
SC,0408-0 ANITA GARIBALDI,SC0408RA1.sc.caixa,SC0408RA1.sc.caixa
SC,0408-0 ANITA GARIBALDI,SC0408SW150.sc.caixa,SC0408SW150.sc.caixa
SC,0408-0 ANITA GARIBALDI,SC0408SW151.sc.caixa,SC0408SW151.sc.caixa
SC,0408-0 ANITA GARIBALDI,SC0408SW152.sc.caixa,SC0408SW152.sc.caixa
SC,0408-0 ANITA GARIBALDI,SC0408SW153.sc.caixa,SC0408SW153.sc.caixa
SC,0408-0 ANITA GARIBALDI,SC0408SW154.sc.caixa,SC0408SW154.sc.caixa
SC,0408-0 ANITA GARIBALDI,SC0408SW155.sc.caixa,SC0408SW155.sc.caixa
SC,0408-0 ANITA GARIBALDI,SC0408SW199.sc.caixa,SC0408SW199.sc.caixa
SC,0409-0 NEWTON MACUCO,SC0409RA1.sc.caixa,SC0409RA1.sc.caixa
SC,0409-0 NEWTON MACUCO,SC0409SW150.sc.caixa,SC0409SW150.sc.caixa
SC,0409-0 NEWTON MACUCO,SC0409SW151.sc.caixa,SC0409SW151.sc.caixa
SC,0409-0 NEWTON MACUCO,SC0409SW152.sc.caixa,SC0409SW152.sc.caixa
SC,0409-0 NEWTON MACUCO,SC0409SW153.sc.caixa,SC0409SW153.sc.caixa
SC,0409-0 NEWTON MACUCO,SC0409SW154.sc.caixa,SC0409SW154.sc.caixa
SC,0409-0 NEWTON MACUCO,SC0409SW199.sc.caixa,SC0409SW199.sc.caixa
SC,0410-0 HERIBERTO HULSE,SC0410RA1.sc.caixa,SC0410RA1.sc.caixa
SC,0410-0 HERIBERTO HULSE,SC0410SW150.sc.caixa,SC0410SW150.sc.caixa
SC,0410-0 HERIBERTO HULSE,SC0410SW151.sc.caixa,SC0410SW151.sc.caixa
SC,0410-0 HERIBERTO HULSE,SC0410SW152.sc.caixa,SC0410SW152.sc.caixa
SC,0410-0 HERIBERTO HULSE,SC0410SW199.sc.caixa,SC0410SW199.sc.caixa
SC,0410-1 PAT JUSTICA DO TRABALHO DE TUBARAO,SC0410RA2.sc.caixa,SC0410RA2.sc.caixa
SC,0410-1 PAT JUSTICA DO TRABALHO DE TUBARAO,SC0410SW100.sc.caixa,SC0410SW100.sc.caixa
SC,0410-2 PAT PM GRAVATAL,SC0410RA3.sc.caixa,SC0410RA3.sc.caixa
SC,0410-2 PAT PM GRAVATAL,SC0410SW101.sc.caixa,SC0410SW101.sc.caixa
SC,0411-0 BLUMENAU,SC0411RA1.sc.caixa,SC0411RA1.sc.caixa
SC,0411-0 BLUMENAU,SC0411SW150.sc.caixa,SC0411SW150.sc.caixa
SC,0411-0 BLUMENAU,SC0411SW151.sc.caixa,SC0411SW151.sc.caixa
SC,0411-0 BLUMENAU,SC0411SW152.sc.caixa,SC0411SW152.sc.caixa
SC,0411-0 BLUMENAU,SC0411SW153.sc.caixa,SC0411SW153.sc.caixa
SC,0411-0 BLUMENAU,SC0411SW154.sc.caixa,SC0411SW154.sc.caixa
SC,0411-0 BLUMENAU,SC0411SW155.sc.caixa,SC0411SW155.sc.caixa
SC,0411-0 BLUMENAU,SC0411SW199.sc.caixa,SC0411SW199.sc.caixa
SC,0411-1 PM BLUMENAU,SC0411RA2.sc.caixa,SC0411RA2.sc.caixa
SC,0411-1 PM BLUMENAU,SC0411SW220.sc.caixa,SC0411SW220.sc.caixa
SC,0412-0 BRUSQUE,SC0412RA1.sc.caixa,SC0412RA1.sc.caixa
SC,0412-0 BRUSQUE,SC0412SW150.sc.caixa,SC0412SW150.sc.caixa
SC,0412-0 BRUSQUE,SC0412SW151.sc.caixa,SC0412SW151.sc.caixa
SC,0412-0 BRUSQUE,SC0412SW152.sc.caixa,SC0412SW152.sc.caixa
SC,0412-0 BRUSQUE,SC0412SW153.sc.caixa,SC0412SW153.sc.caixa
SC,0412-0 BRUSQUE,SC0412SW154.sc.caixa,SC0412SW154.sc.caixa
SC,0412-0 BRUSQUE,SC0412SW155.sc.caixa,SC0412SW155.sc.caixa
SC,0412-0 BRUSQUE,SC0412SW199.sc.caixa,SC0412SW199.sc.caixa
SC,0412-1 PAB PREFEITURA MUNICIPAL DE BRUSQUE,SC0412RA2.sc.caixa,SC0412RA2.sc.caixa
SC,0412-1 PAB PREFEITURA MUNICIPAL DE BRUSQUE,SC0412SW100.sc.caixa,SC0412SW100.sc.caixa
SC,0413-0 CANOINHAS,SC0413RA1.sc.caixa,SC0413RA1.sc.caixa
SC,0413-0 CANOINHAS,SC0413SW150.sc.caixa,SC0413SW150.sc.caixa
SC,0413-0 CANOINHAS,SC0413SW151.sc.caixa,SC0413SW151.sc.caixa
SC,0413-0 CANOINHAS,SC0413SW152.sc.caixa,SC0413SW152.sc.caixa
SC,0413-0 CANOINHAS,SC0413SW199.sc.caixa,SC0413SW199.sc.caixa
SC,0414-0 CHAPECO,SC0414RA1.sc.caixa,SC0414RA1.sc.caixa
SC,0414-0 CHAPECO,SC0414SW150.sc.caixa,SC0414SW150.sc.caixa
SC,0414-0 CHAPECO,SC0414SW151.sc.caixa,SC0414SW151.sc.caixa
SC,0414-0 CHAPECO,SC0414SW152.sc.caixa,SC0414SW152.sc.caixa
SC,0414-0 CHAPECO,SC0414SW153.sc.caixa,SC0414SW153.sc.caixa
SC,0414-0 CHAPECO,SC0414SW154.sc.caixa,SC0414SW154.sc.caixa
SC,0414-0 CHAPECO,SC0414SW155.sc.caixa,SC0414SW155.sc.caixa
SC,0414-0 CHAPECO,SC0414SW156.sc.caixa,SC0414SW156.sc.caixa
SC,0414-0 CHAPECO,SC0414SW157.sc.caixa,SC0414SW157.sc.caixa
SC,0414-0 CHAPECO,SC0414SW158.sc.caixa,SC0414SW158.sc.caixa
SC,0414-0 CHAPECO,SC0414SW159.sc.caixa,SC0414SW159.sc.caixa
SC,0414-0 CHAPECO,SC0414SW199.sc.caixa,SC0414SW199.sc.caixa
SC,0415-0 CRICIUMA,SC0415RA1.sc.caixa,SC0415RA1.sc.caixa
SC,0415-0 CRICIUMA,SC0415SW150.sc.caixa,SC0415SW150.sc.caixa
SC,0415-0 CRICIUMA,SC0415SW151.sc.caixa,SC0415SW151.sc.caixa
SC,0415-0 CRICIUMA,SC0415SW152.sc.caixa,SC0415SW152.sc.caixa
SC,0415-0 CRICIUMA,SC0415SW153.sc.caixa,SC0415SW153.sc.caixa
SC,0415-0 CRICIUMA,SC0415SW154.sc.caixa,SC0415SW154.sc.caixa
SC,0415-0 CRICIUMA,SC0415SW199.sc.caixa,SC0415SW199.sc.caixa
SC,0415-1 PAT JT CRICIUMA,SC0415RA2.sc.caixa,SC0415RA2.sc.caixa
SC,0415-1 PAT JT CRICIUMA,SC0415SW100.sc.caixa,SC0415SW100.sc.caixa
SC,0415-3 PAT PREFEITURA MUNICIPAL DE CRICIuMA,SC0415RA4.sc.caixa,SC0415RA4.sc.caixa
SC,0415-3 PAT PREFEITURA MUNICIPAL DE CRICIuMA,SC0415SW102.sc.caixa,SC0415SW102.sc.caixa
SC,0416-0 ITAJAi,SC0416RA1.sc.caixa,SC0416RA1.sc.caixa
SC,0416-0 ITAJAi,SC0416SW150.sc.caixa,SC0416SW150.sc.caixa
SC,0416-0 ITAJAi,SC0416SW151.sc.caixa,SC0416SW151.sc.caixa
SC,0416-0 ITAJAi,SC0416SW152.sc.caixa,SC0416SW152.sc.caixa
SC,0416-0 ITAJAi,SC0416SW153.sc.caixa,SC0416SW153.sc.caixa
SC,0416-0 ITAJAi,SC0416SW154.sc.caixa,SC0416SW154.sc.caixa
SC,0416-0 ITAJAi,SC0416SW199.sc.caixa,SC0416SW199.sc.caixa
SC,0417-0 JARAGUa DO SUL,SC0417RA1.sc.caixa,SC0417RA1.sc.caixa
SC,0417-0 JARAGUa DO SUL,SC0417SW150.sc.caixa,SC0417SW150.sc.caixa
SC,0417-0 JARAGUa DO SUL,SC0417SW151.sc.caixa,SC0417SW151.sc.caixa
SC,0417-0 JARAGUa DO SUL,SC0417SW152.sc.caixa,SC0417SW152.sc.caixa
SC,0417-0 JARAGUa DO SUL,SC0417SW153.sc.caixa,SC0417SW153.sc.caixa
SC,0417-0 JARAGUa DO SUL,SC0417SW154.sc.caixa,SC0417SW154.sc.caixa
SC,0417-0 JARAGUa DO SUL,SC0417SW155.sc.caixa,SC0417SW155.sc.caixa
SC,0417-0 JARAGUa DO SUL,SC0417SW199.sc.caixa,SC0417SW199.sc.caixa
SC,0417-1 PAT JUSTICA DO TRABALHO JARAGUa DO SUL,SC0417RA2.sc.caixa,SC0417RA2.sc.caixa
SC,0417-1 PAT JUSTICA DO TRABALHO JARAGUa DO SUL,SC0417SW100.sc.caixa,SC0417SW100.sc.caixa
SC,0418-0 JOACABA,SC0418RA1.sc.caixa,SC0418RA1.sc.caixa
SC,0418-0 JOACABA,SC0418SW150.sc.caixa,SC0418SW150.sc.caixa
SC,0418-0 JOACABA,SC0418SW151.sc.caixa,SC0418SW151.sc.caixa
SC,0418-0 JOACABA,SC0418SW152.sc.caixa,SC0418SW152.sc.caixa
SC,0418-0 JOACABA,SC0418SW153.sc.caixa,SC0418SW153.sc.caixa
SC,0418-0 JOACABA,SC0418SW199.sc.caixa,SC0418SW199.sc.caixa
SC,0418-0 JOACABA,SC2817SW150.sc.caixa,SC2817SW150.sc.caixa
SC,0419-0 JOINVILLE,SC0419RA1.sc.caixa,SC0419RA1.sc.caixa
SC,0419-0 JOINVILLE,SC0419SW150.sc.caixa,SC0419SW150.sc.caixa
SC,0419-0 JOINVILLE,SC0419SW151.sc.caixa,SC0419SW151.sc.caixa
SC,0419-0 JOINVILLE,SC0419SW152.sc.caixa,SC0419SW152.sc.caixa
SC,0419-0 JOINVILLE,SC0419SW153.sc.caixa,SC0419SW153.sc.caixa
SC,0419-0 JOINVILLE,SC0419SW154.sc.caixa,SC0419SW154.sc.caixa
SC,0419-0 JOINVILLE,SC0419SW155.sc.caixa,SC0419SW155.sc.caixa
SC,0419-0 JOINVILLE,SC0419SW156.sc.caixa,SC0419SW156.sc.caixa
SC,0419-0 JOINVILLE,SC0419SW157.sc.caixa,SC0419SW157.sc.caixa
SC,0419-0 JOINVILLE,SC0419SW158.sc.caixa,SC0419SW158.sc.caixa
SC,0419-0 JOINVILLE,SC0419SW199.sc.caixa,SC0419SW199.sc.caixa
SC,0420-0 LAGES,SC0420RA1.sc.caixa,SC0420RA1.sc.caixa
SC,0420-0 LAGES,SC0420SW150.sc.caixa,SC0420SW150.sc.caixa
SC,0420-0 LAGES,SC0420SW151.sc.caixa,SC0420SW151.sc.caixa
SC,0420-0 LAGES,SC0420SW152.sc.caixa,SC0420SW152.sc.caixa
SC,0420-0 LAGES,SC0420SW153.sc.caixa,SC0420SW153.sc.caixa
SC,0420-0 LAGES,SC0420SW154.sc.caixa,SC0420SW154.sc.caixa
SC,0420-0 LAGES,SC0420SW199.sc.caixa,SC0420SW199.sc.caixa
SC,0420-1 PAT PM LAGES,SC0420RA2.sc.caixa,SC0420RA2.sc.caixa
SC,0420-1 PAT PM LAGES,SC0420SW100.sc.caixa,SC0420SW100.sc.caixa
SC,0421-0 LAGUNA,SC0421RA1.sc.caixa,SC0421RA1.sc.caixa
SC,0421-0 LAGUNA,SC0421SW150.sc.caixa,SC0421SW150.sc.caixa
SC,0421-0 LAGUNA,SC0421SW151.sc.caixa,SC0421SW151.sc.caixa
SC,0421-0 LAGUNA,SC0421SW152.sc.caixa,SC0421SW152.sc.caixa
SC,0421-0 LAGUNA,SC0421SW199.sc.caixa,SC0421SW199.sc.caixa
SC,0422-0 PORTO UNIAO,SC0422RA1.sc.caixa,SC0422RA1.sc.caixa
SC,0422-0 PORTO UNIAO,SC0422SW020.sc.caixa,SC0422SW020.sc.caixa
SC,0422-0 PORTO UNIAO,SC0422SW021.sc.caixa,SC0422SW021.sc.caixa
SC,0422-0 PORTO UNIAO,SC0422SW022.sc.caixa,SC0422SW022.sc.caixa
SC,0422-0 PORTO UNIAO,SC0422SW050.sc.caixa,SC0422SW050.sc.caixa
SC,0423-0 RIO DO SUL,SC0423RA1.sc.caixa,SC0423RA1.sc.caixa
SC,0423-0 RIO DO SUL,SC0423SW150.sc.caixa,SC0423SW150.sc.caixa
SC,0423-0 RIO DO SUL,SC0423SW151.sc.caixa,SC0423SW151.sc.caixa
SC,0423-0 RIO DO SUL,SC0423SW152.sc.caixa,SC0423SW152.sc.caixa
SC,0423-0 RIO DO SUL,SC0423SW153.sc.caixa,SC0423SW153.sc.caixa
SC,0423-0 RIO DO SUL,SC0423SW154.sc.caixa,SC0423SW154.sc.caixa
SC,0423-0 RIO DO SUL,SC0423SW199.sc.caixa,SC0423SW199.sc.caixa
SC,0424-0 SAO FRANCISCO DO SUL,SC0424RA1.sc.caixa,SC0424RA1.sc.caixa
SC,0424-0 SAO FRANCISCO DO SUL,SC0424SW020.sc.caixa,SC0424SW020.sc.caixa
SC,0424-0 SAO FRANCISCO DO SUL,SC0424SW021.sc.caixa,SC0424SW021.sc.caixa
SC,0424-0 SAO FRANCISCO DO SUL,SC0424SW022.sc.caixa,SC0424SW022.sc.caixa
SC,0424-0 SAO FRANCISCO DO SUL,SC0424SW050.sc.caixa,SC0424SW050.sc.caixa
SC,0425-0 TUBARAO,SC0425RA1.sc.caixa,SC0425RA1.sc.caixa
SC,0425-0 TUBARAO,SC0425SW020.sc.caixa,SC0425SW020.sc.caixa
SC,0425-0 TUBARAO,SC0425SW150.sc.caixa,SC0425SW150.sc.caixa
SC,0425-0 TUBARAO,SC0425SW151.sc.caixa,SC0425SW151.sc.caixa
SC,0425-0 TUBARAO,SC0425SW152.sc.caixa,SC0425SW152.sc.caixa
SC,0425-0 TUBARAO,SC0425SW153.sc.caixa,SC0425SW153.sc.caixa
SC,0425-0 TUBARAO,SC0425SW199.sc.caixa,SC0425SW199.sc.caixa
SC,0426-0 SIDERoPOLIS,SC0426RA1.sc.caixa,SC0426RA1.sc.caixa
SC,0426-0 SIDERoPOLIS,SC0426SW150.sc.caixa,SC0426SW150.sc.caixa
SC,0426-0 SIDERoPOLIS,SC0426SW151.sc.caixa,SC0426SW151.sc.caixa
SC,0426-0 SIDERoPOLIS,SC0426SW199.sc.caixa,SC0426SW199.sc.caixa
SC,0427-0 ARARANGUA,SC0427RA1.sc.caixa,SC0427RA1.sc.caixa
SC,0427-0 ARARANGUA,SC0427SW150.sc.caixa,SC0427SW150.sc.caixa
SC,0427-0 ARARANGUA,SC0427SW151.sc.caixa,SC0427SW151.sc.caixa
SC,0427-0 ARARANGUA,SC0427SW152.sc.caixa,SC0427SW152.sc.caixa
SC,0427-0 ARARANGUA,SC0427SW153.sc.caixa,SC0427SW153.sc.caixa
SC,0427-0 ARARANGUA,SC0427SW199.sc.caixa,SC0427SW199.sc.caixa
SC,0535-0 PRoSPERA,SC0535RA1.sc.caixa,SC0535RA1.sc.caixa
SC,0535-0 PRoSPERA,SC0535SW020.sc.caixa,SC0535SW020.sc.caixa
SC,0535-0 PRoSPERA,SC0535SW021.sc.caixa,SC0535SW021.sc.caixa
SC,0535-0 PRoSPERA,SC0535SW050.sc.caixa,SC0535SW050.sc.caixa
SC,0547-0 BARRA SUL,SC0547RA1.sc.caixa,SC0547RA1.sc.caixa
SC,0547-0 BARRA SUL,SC0547SW020.sc.caixa,SC0547SW020.sc.caixa
SC,0547-0 BARRA SUL,SC0547SW021.sc.caixa,SC0547SW021.sc.caixa
SC,0547-0 BARRA SUL,SC0547SW050.sc.caixa,SC0547SW050.sc.caixa
SC,0549-0 SAO DOMINGOS,SC0549RA1.sc.caixa,SC0549RA1.sc.caixa
SC,0549-0 SAO DOMINGOS,SC0549SW020.sc.caixa,SC0549SW020.sc.caixa
SC,0549-0 SAO DOMINGOS,SC0549SW021.sc.caixa,SC0549SW021.sc.caixa
SC,0549-0 SAO DOMINGOS,SC0549SW050.sc.caixa,SC0549SW050.sc.caixa
SC,0571-0 CURITIBANOS,SC0571RA1.sc.caixa,SC0571RA1.sc.caixa
SC,0571-0 CURITIBANOS,SC0571SW020.sc.caixa,SC0571SW020.sc.caixa
SC,0571-0 CURITIBANOS,SC0571SW021.sc.caixa,SC0571SW021.sc.caixa
SC,0571-0 CURITIBANOS,SC0571SW022.sc.caixa,SC0571SW022.sc.caixa
SC,0571-0 CURITIBANOS,SC0571SW050.sc.caixa,SC0571SW050.sc.caixa
SC,0572-0 CACADOR,SC0572RA1.sc.caixa,SC0572RA1.sc.caixa
SC,0572-0 CACADOR,SC0572SW150.sc.caixa,SC0572SW150.sc.caixa
SC,0572-0 CACADOR,SC0572SW151.sc.caixa,SC0572SW151.sc.caixa
SC,0572-0 CACADOR,SC0572SW152.sc.caixa,SC0572SW152.sc.caixa
SC,0572-0 CACADOR,SC0572SW153.sc.caixa,SC0572SW153.sc.caixa
SC,0572-0 CACADOR,SC0572SW154.sc.caixa,SC0572SW154.sc.caixa
SC,0572-0 CACADOR,SC0572SW199.sc.caixa,SC0572SW199.sc.caixa
SC,0580-0 INDUSTRIAL,SC0580RA1.sc.caixa,SC0580RA1.sc.caixa
SC,0580-0 INDUSTRIAL,SC0580SW020.sc.caixa,SC0580SW020.sc.caixa
SC,0580-0 INDUSTRIAL,SC0580SW021.sc.caixa,SC0580SW021.sc.caixa
SC,0627-0 CONCoRDIA,SC0627RA1.sc.caixa,SC0627RA1.sc.caixa
SC,0627-0 CONCoRDIA,SC0627SW150.sc.caixa,SC0627SW150.sc.caixa
SC,0627-0 CONCoRDIA,SC0627SW151.sc.caixa,SC0627SW151.sc.caixa
SC,0627-0 CONCoRDIA,SC0627SW152.sc.caixa,SC0627SW152.sc.caixa
SC,0627-0 CONCoRDIA,SC0627SW153.sc.caixa,SC0627SW153.sc.caixa
SC,0627-0 CONCoRDIA,SC0627SW199.sc.caixa,SC0627SW199.sc.caixa
SC,0628-0 SAO BENTO DO SUL,SC0628RA1.sc.caixa,SC0628RA1.sc.caixa
SC,0628-0 SAO BENTO DO SUL,SC0628SW150.sc.caixa,SC0628SW150.sc.caixa
SC,0628-0 SAO BENTO DO SUL,SC0628SW151.sc.caixa,SC0628SW151.sc.caixa
SC,0628-0 SAO BENTO DO SUL,SC0628SW152.sc.caixa,SC0628SW152.sc.caixa
SC,0628-0 SAO BENTO DO SUL,SC0628SW153.sc.caixa,SC0628SW153.sc.caixa
SC,0628-0 SAO BENTO DO SUL,SC0628SW199.sc.caixa,SC0628SW199.sc.caixa
SC,0701-0 XANXERe,SC0701RA1.sc.caixa,SC0701RA1.sc.caixa
SC,0701-0 XANXERe,SC0701SW150.sc.caixa,SC0701SW150.sc.caixa
SC,0701-0 XANXERe,SC0701SW151.sc.caixa,SC0701SW151.sc.caixa
SC,0701-0 XANXERe,SC0701SW152.sc.caixa,SC0701SW152.sc.caixa
SC,0701-0 XANXERe,SC0701SW153.sc.caixa,SC0701SW153.sc.caixa
SC,0701-0 XANXERe,SC0701SW199.sc.caixa,SC0701SW199.sc.caixa
SC,0702-0 SAO MIGUEL DO OESTE,SC0702RA1.sc.caixa,SC0702RA1.sc.caixa
SC,0702-0 SAO MIGUEL DO OESTE,SC0702SW150.sc.caixa,SC0702SW150.sc.caixa
SC,0702-0 SAO MIGUEL DO OESTE,SC0702SW151.sc.caixa,SC0702SW151.sc.caixa
SC,0702-0 SAO MIGUEL DO OESTE,SC0702SW152.sc.caixa,SC0702SW152.sc.caixa
SC,0702-0 SAO MIGUEL DO OESTE,SC0702SW153.sc.caixa,SC0702SW153.sc.caixa
SC,0702-0 SAO MIGUEL DO OESTE,SC0702SW199.sc.caixa,SC0702SW199.sc.caixa
SC,0796-0 VIDEIRA,SC0796RA1.sc.caixa,SC0796RA1.sc.caixa
SC,0796-0 VIDEIRA,SC0796SW050.sc.caixa,SC0796SW050.sc.caixa
SC,0796-0 VIDEIRA,SC0796SW150.sc.caixa,SC0796SW150.sc.caixa
SC,0796-0 VIDEIRA,SC0796SW151.sc.caixa,SC0796SW151.sc.caixa
SC,0796-0 VIDEIRA,SC0796SW152.sc.caixa,SC0796SW152.sc.caixa
SC,0796-0 VIDEIRA,SC0796SW153.sc.caixa,SC0796SW153.sc.caixa
SC,0809-0 TIMBo,SC0809RA1.sc.caixa,SC0809RA1.sc.caixa
SC,0809-0 TIMBo,SC0809SW150.sc.caixa,SC0809SW150.sc.caixa
SC,0809-0 TIMBo,SC0809SW151.sc.caixa,SC0809SW151.sc.caixa
SC,0809-0 TIMBo,SC0809SW152.sc.caixa,SC0809SW152.sc.caixa
SC,0809-0 TIMBo,SC0809SW153.sc.caixa,SC0809SW153.sc.caixa
SC,0809-0 TIMBo,SC0809SW199.sc.caixa,SC0809SW199.sc.caixa
SC,0851-0 CAMPOS NOVOS,SC0851RA1.sc.caixa,SC0851RA1.sc.caixa
SC,0851-0 CAMPOS NOVOS,SC0851SW020.sc.caixa,SC0851SW020.sc.caixa
SC,0851-0 CAMPOS NOVOS,SC0851SW021.sc.caixa,SC0851SW021.sc.caixa
SC,0851-0 CAMPOS NOVOS,SC0851SW022.sc.caixa,SC0851SW022.sc.caixa
SC,0851-0 CAMPOS NOVOS,SC0851SW050.sc.caixa,SC0851SW050.sc.caixa
SC,0852-0 INDAIAL,SC0852RA1.sc.caixa,SC0852RA1.sc.caixa
SC,0852-0 INDAIAL,SC0852SW150.sc.caixa,SC0852SW150.sc.caixa
SC,0852-0 INDAIAL,SC0852SW151.sc.caixa,SC0852SW151.sc.caixa
SC,0852-0 INDAIAL,SC0852SW152.sc.caixa,SC0852SW152.sc.caixa
SC,0852-0 INDAIAL,SC0852SW199.sc.caixa,SC0852SW199.sc.caixa
SC,0853-0 URUSSANGA,SC0853RA1.sc.caixa,SC0853RA1.sc.caixa
SC,0853-0 URUSSANGA,SC0853SW020.sc.caixa,SC0853SW020.sc.caixa
SC,0853-0 URUSSANGA,SC0853SW021.sc.caixa,SC0853SW021.sc.caixa
SC,0853-0 URUSSANGA,SC0853SW022.sc.caixa,SC0853SW022.sc.caixa
SC,0853-0 URUSSANGA,SC0853SW050.sc.caixa,SC0853SW050.sc.caixa
SC,0878-0 MAFRA,SC0878RA1.sc.caixa,SC0878RA1.sc.caixa
SC,0878-0 MAFRA,SC0878SW150.sc.caixa,SC0878SW150.sc.caixa
SC,0878-0 MAFRA,SC0878SW151.sc.caixa,SC0878SW151.sc.caixa
SC,0878-0 MAFRA,SC0878SW152.sc.caixa,SC0878SW152.sc.caixa
SC,0878-0 MAFRA,SC0878SW199.sc.caixa,SC0878SW199.sc.caixa
SC,0879-0 PRAIA DE FORA,SC0879RA1.sc.caixa,SC0879RA1.sc.caixa
SC,0879-0 PRAIA DE FORA,SC0879SW150.sc.caixa,SC0879SW150.sc.caixa
SC,0879-0 PRAIA DE FORA,SC0879SW151.sc.caixa,SC0879SW151.sc.caixa
SC,0879-0 PRAIA DE FORA,SC0879SW152.sc.caixa,SC0879SW152.sc.caixa
SC,0879-0 PRAIA DE FORA,SC0879SW153.sc.caixa,SC0879SW153.sc.caixa
SC,0879-0 PRAIA DE FORA,SC0879SW154.sc.caixa,SC0879SW154.sc.caixa
SC,0879-0 PRAIA DE FORA,SC0879SW199.sc.caixa,SC0879SW199.sc.caixa
SC,0921-0 BALNEARIO CAMBORIU,SC0921RA1.sc.caixa,SC0921RA1.sc.caixa
SC,0921-0 BALNEARIO CAMBORIU,SC0921SW150.sc.caixa,SC0921SW150.sc.caixa
SC,0921-0 BALNEARIO CAMBORIU,SC0921SW151.sc.caixa,SC0921SW151.sc.caixa
SC,0921-0 BALNEARIO CAMBORIU,SC0921SW152.sc.caixa,SC0921SW152.sc.caixa
SC,0921-0 BALNEARIO CAMBORIU,SC0921SW153.sc.caixa,SC0921SW153.sc.caixa
SC,0921-0 BALNEARIO CAMBORIU,SC0921SW154.sc.caixa,SC0921SW154.sc.caixa
SC,0921-0 BALNEARIO CAMBORIU,SC0921SW155.sc.caixa,SC0921SW155.sc.caixa
SC,0921-0 BALNEARIO CAMBORIU,SC0921SW156.sc.caixa,SC0921SW156.sc.caixa
SC,0921-0 BALNEARIO CAMBORIU,SC0921SW157.sc.caixa,SC0921SW157.sc.caixa
SC,0921-0 BALNEARIO CAMBORIU,SC0921SW199.sc.caixa,SC0921SW199.sc.caixa
SC,0921-1 PAB JUSTICA DO TRABALHO BALNEaRIO CAMBORIu,SC0921RA2.sc.caixa,SC0921RA2.sc.caixa
SC,0921-1 PAB JUSTICA DO TRABALHO BALNEaRIO CAMBORIu,SC0921SW100.sc.caixa,SC0921SW100.sc.caixa
SC,1011-0 UNIVERSITaRIA,SC1011RA1.sc.caixa,SC1011RA1.sc.caixa
SC,1011-0 UNIVERSITaRIA,SC1011SW150.sc.caixa,SC1011SW150.sc.caixa
SC,1011-0 UNIVERSITaRIA,SC1011SW151.sc.caixa,SC1011SW151.sc.caixa
SC,1011-0 UNIVERSITaRIA,SC1011SW152.sc.caixa,SC1011SW152.sc.caixa
SC,1011-0 UNIVERSITaRIA,SC1011SW153.sc.caixa,SC1011SW153.sc.caixa
SC,1011-0 UNIVERSITaRIA,SC1011SW154.sc.caixa,SC1011SW154.sc.caixa
SC,1011-0 UNIVERSITaRIA,SC1011SW199.sc.caixa,SC1011SW199.sc.caixa
SC,1011-1 SNC FLORIPA SHOPPING,SC1011RA2.sc.caixa,SC1011RA2.sc.caixa
SC,1070-0 BRACO DO NORTE,SC1070RA1.sc.caixa,SC1070RA1.sc.caixa
SC,1070-0 BRACO DO NORTE,SC1070SW020.sc.caixa,SC1070SW020.sc.caixa
SC,1070-0 BRACO DO NORTE,SC1070SW021.sc.caixa,SC1070SW021.sc.caixa
SC,1070-0 BRACO DO NORTE,SC1070SW050.sc.caixa,SC1070SW050.sc.caixa
SC,1071-0 CAPINZAL,SC1071RA1.sc.caixa,SC1071RA1.sc.caixa
SC,1071-0 CAPINZAL,SC1071SW050.sc.caixa,SC1071SW050.sc.caixa
SC,1071-0 CAPINZAL,SC1071SW150.sc.caixa,SC1071SW150.sc.caixa
SC,1071-0 CAPINZAL,SC1071SW151.sc.caixa,SC1071SW151.sc.caixa
SC,1071-0 CAPINZAL,SC1071SW152.sc.caixa,SC1071SW152.sc.caixa
SC,1073-0 GASPAR,SC1073RA1.sc.caixa,SC1073RA1.sc.caixa
SC,1073-0 GASPAR,SC1073SW150.sc.caixa,SC1073SW150.sc.caixa
SC,1073-0 GASPAR,SC1073SW151.sc.caixa,SC1073SW151.sc.caixa
SC,1073-0 GASPAR,SC1073SW152.sc.caixa,SC1073SW152.sc.caixa
SC,1073-0 GASPAR,SC1073SW199.sc.caixa,SC1073SW199.sc.caixa
SC,1074-0 GUARAMIRIM,SC1074RA1.sc.caixa,SC1074RA1.sc.caixa
SC,1074-0 GUARAMIRIM,SC1074SW020.sc.caixa,SC1074SW020.sc.caixa
SC,1074-0 GUARAMIRIM,SC1074SW021.sc.caixa,SC1074SW021.sc.caixa
SC,1074-0 GUARAMIRIM,SC1074SW022.sc.caixa,SC1074SW022.sc.caixa
SC,1074-0 GUARAMIRIM,SC1074SW050.sc.caixa,SC1074SW050.sc.caixa
SC,1075-0 IMBITUBA,SC1075RA1.sc.caixa,SC1075RA1.sc.caixa
SC,1075-0 IMBITUBA,SC1075SW150.sc.caixa,SC1075SW150.sc.caixa
SC,1075-0 IMBITUBA,SC1075SW151.sc.caixa,SC1075SW151.sc.caixa
SC,1075-0 IMBITUBA,SC1075SW152.sc.caixa,SC1075SW152.sc.caixa
SC,1075-0 IMBITUBA,SC1075SW199.sc.caixa,SC1075SW199.sc.caixa
SC,1077-0 MARAVILHA,SC1077RA1.sc.caixa,SC1077RA1.sc.caixa
SC,1077-0 MARAVILHA,SC1077SW020.sc.caixa,SC1077SW020.sc.caixa
SC,1077-0 MARAVILHA,SC1077SW021.sc.caixa,SC1077SW021.sc.caixa
SC,1077-0 MARAVILHA,SC1077SW050.sc.caixa,SC1077SW050.sc.caixa
SC,1078-0 MAURO RAMOS,SC1078RA1.sc.caixa,SC1078RA1.sc.caixa
SC,1078-0 MAURO RAMOS,SC1078SW150.sc.caixa,SC1078SW150.sc.caixa
SC,1078-0 MAURO RAMOS,SC1078SW151.sc.caixa,SC1078SW151.sc.caixa
SC,1078-0 MAURO RAMOS,SC1078SW152.sc.caixa,SC1078SW152.sc.caixa
SC,1078-0 MAURO RAMOS,SC1078SW199.sc.caixa,SC1078SW199.sc.caixa
SC,1079-0 ORLEANS,SC1079RA1.sc.caixa,SC1079RA1.sc.caixa
SC,1079-0 ORLEANS,SC1079SW150.sc.caixa,SC1079SW150.sc.caixa
SC,1079-0 ORLEANS,SC1079SW151.sc.caixa,SC1079SW151.sc.caixa
SC,1079-0 ORLEANS,SC1079SW199.sc.caixa,SC1079SW199.sc.caixa
SC,1080-0 PALMITOS,SC1080RA1.sc.caixa,SC1080RA1.sc.caixa
SC,1080-0 PALMITOS,SC1080SW020.sc.caixa,SC1080SW020.sc.caixa
SC,1080-0 PALMITOS,SC1080SW021.sc.caixa,SC1080SW021.sc.caixa
SC,1080-0 PALMITOS,SC1080SW050.sc.caixa,SC1080SW050.sc.caixa
SC,1081-0 RIO NEGRINHO,SC1081RA1.sc.caixa,SC1081RA1.sc.caixa
SC,1081-0 RIO NEGRINHO,SC1081SW020.sc.caixa,SC1081SW020.sc.caixa
SC,1081-0 RIO NEGRINHO,SC1081SW021.sc.caixa,SC1081SW021.sc.caixa
SC,1081-0 RIO NEGRINHO,SC1081SW022.sc.caixa,SC1081SW022.sc.caixa
SC,1081-0 RIO NEGRINHO,SC1081SW050.sc.caixa,SC1081SW050.sc.caixa
SC,1082-0 SAO JOAQUIM,SC1082RA1.sc.caixa,SC1082RA1.sc.caixa
SC,1082-0 SAO JOAQUIM,SC1082SW020.sc.caixa,SC1082SW020.sc.caixa
SC,1082-0 SAO JOAQUIM,SC1082SW021.sc.caixa,SC1082SW021.sc.caixa
SC,1082-0 SAO JOAQUIM,SC1082SW050.sc.caixa,SC1082SW050.sc.caixa
SC,1084-0 TURVO,SC1084RA1.sc.caixa,SC1084RA1.sc.caixa
SC,1084-0 TURVO,SC1084SW020.sc.caixa,SC1084SW020.sc.caixa
SC,1084-0 TURVO,SC1084SW021.sc.caixa,SC1084SW021.sc.caixa
SC,1084-0 TURVO,SC1084SW050.sc.caixa,SC1084SW050.sc.caixa
SC,1084-1 PAB JACINTO MACHADO,SC1084RA2.sc.caixa,SC1084RA2.sc.caixa
SC,1084-1 PAB JACINTO MACHADO,SC1084SW100.sc.caixa,SC1084SW100.sc.caixa
SC,1085-0 XAXIM,SC1085RA1.sc.caixa,SC1085RA1.sc.caixa
SC,1085-0 XAXIM,SC1085SW020.sc.caixa,SC1085SW020.sc.caixa
SC,1085-0 XAXIM,SC1085SW021.sc.caixa,SC1085SW021.sc.caixa
SC,1085-0 XAXIM,SC1085SW050.sc.caixa,SC1085SW050.sc.caixa
SC,1096-0 BALNEaRIO PICARRAS,SC1096RA1.sc.caixa,SC1096RA1.sc.caixa
SC,1096-0 BALNEaRIO PICARRAS,SC1096SW020.sc.caixa,SC1096SW020.sc.caixa
SC,1096-0 BALNEaRIO PICARRAS,SC1096SW021.sc.caixa,SC1096SW021.sc.caixa
SC,1102-0 ITUPORANGA,SC1102RA1.sc.caixa,SC1102RA1.sc.caixa
SC,1102-0 ITUPORANGA,SC1102SW150.sc.caixa,SC1102SW150.sc.caixa
SC,1102-0 ITUPORANGA,SC1102SW151.sc.caixa,SC1102SW151.sc.caixa
SC,1102-0 ITUPORANGA,SC1102SW152.sc.caixa,SC1102SW152.sc.caixa
SC,1102-0 ITUPORANGA,SC1102SW199.sc.caixa,SC1102SW199.sc.caixa
SC,1348-0 BAIA NORTE,SC1348RA1.sc.caixa,SC1348RA1.sc.caixa
SC,1348-0 BAIA NORTE,SC1348SW150.sc.caixa,SC1348SW150.sc.caixa
SC,1348-0 BAIA NORTE,SC1348SW151.sc.caixa,SC1348SW151.sc.caixa
SC,1348-0 BAIA NORTE,SC1348SW152.sc.caixa,SC1348SW152.sc.caixa
SC,1348-0 BAIA NORTE,SC1348SW153.sc.caixa,SC1348SW153.sc.caixa
SC,1348-0 BAIA NORTE,SC1348SW154.sc.caixa,SC1348SW154.sc.caixa
SC,1348-0 BAIA NORTE,SC1348SW199.sc.caixa,SC1348SW199.sc.caixa
SC,1348-1 SNC CORPORATE PARK,SC1348RA2.sc.caixa,SC1348RA2.sc.caixa
SC,1348-1 SNC CORPORATE PARK,SC1348SW100.sc.caixa,SC1348SW100.sc.caixa
SC,1420-0 AVENTUREIRO,SC1420RA1.sc.caixa,SC1420RA1.sc.caixa
SC,1420-0 AVENTUREIRO,SC1420SW020.sc.caixa,SC1420SW020.sc.caixa
SC,1420-0 AVENTUREIRO,SC1420SW021.sc.caixa,SC1420SW021.sc.caixa
SC,1420-0 AVENTUREIRO,SC1420SW050.sc.caixa,SC1420SW050.sc.caixa
SC,1499-0 MASSARANDUBA,SC1499RA1.sc.caixa,SC1499RA1.sc.caixa
SC,1499-0 MASSARANDUBA,SC1499SW020.sc.caixa,SC1499SW020.sc.caixa
SC,1499-0 MASSARANDUBA,SC1499SW021.sc.caixa,SC1499SW021.sc.caixa
SC,1544-0 VERDE VALE,SC1544RA1.sc.caixa,SC1544RA1.sc.caixa
SC,1544-0 VERDE VALE,SC1544SW150.sc.caixa,SC1544SW150.sc.caixa
SC,1544-0 VERDE VALE,SC1544SW151.sc.caixa,SC1544SW151.sc.caixa
SC,1544-0 VERDE VALE,SC1544SW152.sc.caixa,SC1544SW152.sc.caixa
SC,1544-0 VERDE VALE,SC1544SW199.sc.caixa,SC1544SW199.sc.caixa
SC,1554-0 COLON,SC1554RA1.sc.caixa,SC1554RA1.sc.caixa
SC,1554-0 COLON,SC1554SW150.sc.caixa,SC1554SW150.sc.caixa
SC,1554-0 COLON,SC1554SW151.sc.caixa,SC1554SW151.sc.caixa
SC,1554-0 COLON,SC1554SW152.sc.caixa,SC1554SW152.sc.caixa
SC,1554-0 COLON,SC1554SW153.sc.caixa,SC1554SW153.sc.caixa
SC,1554-0 COLON,SC1554SW199.sc.caixa,SC1554SW199.sc.caixa
SC,1555-0 CORONEL AMeRICO,SC1555RA1.sc.caixa,SC1555RA1.sc.caixa
SC,1555-0 CORONEL AMeRICO,SC1555SW150.sc.caixa,SC1555SW150.sc.caixa
SC,1555-0 CORONEL AMeRICO,SC1555SW151.sc.caixa,SC1555SW151.sc.caixa
SC,1555-0 CORONEL AMeRICO,SC1555SW152.sc.caixa,SC1555SW152.sc.caixa
SC,1555-0 CORONEL AMeRICO,SC1555SW199.sc.caixa,SC1555SW199.sc.caixa
SC,1637-0 CIDADE DAS ORQUiDEAS,SC1637RA1.sc.caixa,SC1637RA1.sc.caixa
SC,1637-0 CIDADE DAS ORQUiDEAS,SC1637SW150.sc.caixa,SC1637SW150.sc.caixa
SC,1637-0 CIDADE DAS ORQUiDEAS,SC1637SW151.sc.caixa,SC1637SW151.sc.caixa
SC,1637-0 CIDADE DAS ORQUiDEAS,SC1637SW152.sc.caixa,SC1637SW152.sc.caixa
SC,1637-0 CIDADE DAS ORQUiDEAS,SC1637SW153.sc.caixa,SC1637SW153.sc.caixa
SC,1637-0 CIDADE DAS ORQUiDEAS,SC1637SW199.sc.caixa,SC1637SW199.sc.caixa
SC,1638-0 COQUEIROS,SC1638RA1.sc.caixa,SC1638RA1.sc.caixa
SC,1638-0 COQUEIROS,SC1638SW050.sc.caixa,SC1638SW050.sc.caixa
SC,1638-0 COQUEIROS,SC1638SW150.sc.caixa,SC1638SW150.sc.caixa
SC,1638-0 COQUEIROS,SC1638SW151.sc.caixa,SC1638SW151.sc.caixa
SC,1638-0 COQUEIROS,SC1638SW152.sc.caixa,SC1638SW152.sc.caixa
SC,1638-0 COQUEIROS,SC1638SW153.sc.caixa,SC1638SW153.sc.caixa
SC,1660-0 ITOUPAVA NORTE,SC1660RA1.sc.caixa,SC1660RA1.sc.caixa
SC,1660-0 ITOUPAVA NORTE,SC1660SW150.sc.caixa,SC1660SW150.sc.caixa
SC,1660-0 ITOUPAVA NORTE,SC1660SW151.sc.caixa,SC1660SW151.sc.caixa
SC,1660-0 ITOUPAVA NORTE,SC1660SW152.sc.caixa,SC1660SW152.sc.caixa
SC,1660-0 ITOUPAVA NORTE,SC1660SW153.sc.caixa,SC1660SW153.sc.caixa
SC,1660-0 ITOUPAVA NORTE,SC1660SW199.sc.caixa,SC1660SW199.sc.caixa
SC,1662-0 OURO NEGRO,SC1662RA1.sc.caixa,SC1662RA1.sc.caixa
SC,1662-0 OURO NEGRO,SC1662SW150.sc.caixa,SC1662SW150.sc.caixa
SC,1662-0 OURO NEGRO,SC1662SW151.sc.caixa,SC1662SW151.sc.caixa
SC,1662-0 OURO NEGRO,SC1662SW152.sc.caixa,SC1662SW152.sc.caixa
SC,1662-0 OURO NEGRO,SC1662SW153.sc.caixa,SC1662SW153.sc.caixa
SC,1662-0 OURO NEGRO,SC1662SW199.sc.caixa,SC1662SW199.sc.caixa
SC,1663-0 CORAL,SC1663RA1.sc.caixa,SC1663RA1.sc.caixa
SC,1663-0 CORAL,SC1663SW150.sc.caixa,SC1663SW150.sc.caixa
SC,1663-0 CORAL,SC1663SW151.sc.caixa,SC1663SW151.sc.caixa
SC,1663-0 CORAL,SC1663SW152.sc.caixa,SC1663SW152.sc.caixa
SC,1663-0 CORAL,SC1663SW199.sc.caixa,SC1663SW199.sc.caixa
SC,1782-0 CORUPA,SC1782RA1.sc.caixa,SC1782RA1.sc.caixa
SC,1782-0 CORUPA,SC1782SW020.sc.caixa,SC1782SW020.sc.caixa
SC,1782-0 CORUPA,SC1782SW021.sc.caixa,SC1782SW021.sc.caixa
SC,1784-0 PALHOCA,SC1784RA1.sc.caixa,SC1784RA1.sc.caixa
SC,1784-0 PALHOCA,SC1784SW150.sc.caixa,SC1784SW150.sc.caixa
SC,1784-0 PALHOCA,SC1784SW151.sc.caixa,SC1784SW151.sc.caixa
SC,1784-0 PALHOCA,SC1784SW152.sc.caixa,SC1784SW152.sc.caixa
SC,1784-0 PALHOCA,SC1784SW153.sc.caixa,SC1784SW153.sc.caixa
SC,1784-0 PALHOCA,SC1784SW199.sc.caixa,SC1784SW199.sc.caixa
SC,1784-1 PAT PREFEITURA MUNICIPAL PALHOCA,SC1784RA2.sc.caixa,SC1784RA2.sc.caixa
SC,1784-1 PAT PREFEITURA MUNICIPAL PALHOCA,SC1784SW100.sc.caixa,SC1784SW100.sc.caixa
SC,1785-0 ICARA,SC1785RA1.sc.caixa,SC1785RA1.sc.caixa
SC,1785-0 ICARA,SC1785SW150.sc.caixa,SC1785SW150.sc.caixa
SC,1785-0 ICARA,SC1785SW151.sc.caixa,SC1785SW151.sc.caixa
SC,1785-0 ICARA,SC1785SW152.sc.caixa,SC1785SW152.sc.caixa
SC,1785-0 ICARA,SC1785SW199.sc.caixa,SC1785SW199.sc.caixa
SC,1788-0 MORRO DA FUMACA,SC1788RA1.sc.caixa,SC1788RA1.sc.caixa
SC,1788-0 MORRO DA FUMACA,SC1788SW020.sc.caixa,SC1788SW020.sc.caixa
SC,1788-0 MORRO DA FUMACA,SC1788SW021.sc.caixa,SC1788SW021.sc.caixa
SC,1788-0 MORRO DA FUMACA,SC1788SW050.sc.caixa,SC1788SW050.sc.caixa
SC,1791-0 FRAIBURGO,SC1791RA1.sc.caixa,SC1791RA1.sc.caixa
SC,1791-0 FRAIBURGO,SC1791SW150.sc.caixa,SC1791SW150.sc.caixa
SC,1791-0 FRAIBURGO,SC1791SW151.sc.caixa,SC1791SW151.sc.caixa
SC,1791-0 FRAIBURGO,SC1791SW152.sc.caixa,SC1791SW152.sc.caixa
SC,1791-0 FRAIBURGO,SC1791SW199.sc.caixa,SC1791SW199.sc.caixa
SC,1792-0 PENHA,SC1792RA1.sc.caixa,SC1792RA1.sc.caixa
SC,1792-0 PENHA,SC1792SW150.sc.caixa,SC1792SW150.sc.caixa
SC,1792-0 PENHA,SC1792SW151.sc.caixa,SC1792SW151.sc.caixa
SC,1792-0 PENHA,SC1792SW199.sc.caixa,SC1792SW199.sc.caixa
SC,1795-0 TIJUCAS,SC1795RA1.sc.caixa,SC1795RA1.sc.caixa
SC,1795-0 TIJUCAS,SC1795SW150.sc.caixa,SC1795SW150.sc.caixa
SC,1795-0 TIJUCAS,SC1795SW151.sc.caixa,SC1795SW151.sc.caixa
SC,1795-0 TIJUCAS,SC1795SW152.sc.caixa,SC1795SW152.sc.caixa
SC,1795-0 TIJUCAS,SC1795SW199.sc.caixa,SC1795SW199.sc.caixa
SC,1868-0 CIDADE DO PORTO,SC1868RA1.sc.caixa,SC1868RA1.sc.caixa
SC,1868-0 CIDADE DO PORTO,SC1868SW150.sc.caixa,SC1868SW150.sc.caixa
SC,1868-0 CIDADE DO PORTO,SC1868SW151.sc.caixa,SC1868SW151.sc.caixa
SC,1868-0 CIDADE DO PORTO,SC1868SW152.sc.caixa,SC1868SW152.sc.caixa
SC,1868-0 CIDADE DO PORTO,SC1868SW153.sc.caixa,SC1868SW153.sc.caixa
SC,1868-0 CIDADE DO PORTO,SC1868SW199.sc.caixa,SC1868SW199.sc.caixa
SC,1873-0 HERCiLIO LUZ,SC1873RA1.sc.caixa,SC1873RA1.sc.caixa
SC,1873-0 HERCiLIO LUZ,SC1873SW150.sc.caixa,SC1873SW150.sc.caixa
SC,1873-0 HERCiLIO LUZ,SC1873SW151.sc.caixa,SC1873SW151.sc.caixa
SC,1873-0 HERCiLIO LUZ,SC1873SW152.sc.caixa,SC1873SW152.sc.caixa
SC,1873-0 HERCiLIO LUZ,SC1873SW153.sc.caixa,SC1873SW153.sc.caixa
SC,1873-0 HERCiLIO LUZ,SC1873SW199.sc.caixa,SC1873SW199.sc.caixa
SC,1874-0 BIGUACU,SC1874RA1.sc.caixa,SC1874RA1.sc.caixa
SC,1874-0 BIGUACU,SC1874SW150.sc.caixa,SC1874SW150.sc.caixa
SC,1874-0 BIGUACU,SC1874SW151.sc.caixa,SC1874SW151.sc.caixa
SC,1874-0 BIGUACU,SC1874SW152.sc.caixa,SC1874SW152.sc.caixa
SC,1874-0 BIGUACU,SC1874SW199.sc.caixa,SC1874SW199.sc.caixa
SC,1875-0 KOBRASOL,SC1875RA1.sc.caixa,SC1875RA1.sc.caixa
SC,1875-0 KOBRASOL,SC1875SW150.sc.caixa,SC1875SW150.sc.caixa
SC,1875-0 KOBRASOL,SC1875SW151.sc.caixa,SC1875SW151.sc.caixa
SC,1875-0 KOBRASOL,SC1875SW152.sc.caixa,SC1875SW152.sc.caixa
SC,1875-0 KOBRASOL,SC1875SW153.sc.caixa,SC1875SW153.sc.caixa
SC,1875-0 KOBRASOL,SC1875SW154.sc.caixa,SC1875SW154.sc.caixa
SC,1875-0 KOBRASOL,SC1875SW199.sc.caixa,SC1875SW199.sc.caixa
SC,1877-0 MIRAMAR,SC1877RA1.sc.caixa,SC1877RA1.sc.caixa
SC,1877-0 MIRAMAR,SC1877SW150.sc.caixa,SC1877SW150.sc.caixa
SC,1877-0 MIRAMAR,SC1877SW151.sc.caixa,SC1877SW151.sc.caixa
SC,1877-0 MIRAMAR,SC1877SW152.sc.caixa,SC1877SW152.sc.caixa
SC,1877-0 MIRAMAR,SC1877SW153.sc.caixa,SC1877SW153.sc.caixa
SC,1877-0 MIRAMAR,SC1877SW154.sc.caixa,SC1877SW154.sc.caixa
SC,1877-0 MIRAMAR,SC1877SW155.sc.caixa,SC1877SW155.sc.caixa
SC,1877-0 MIRAMAR,SC1877SW156.sc.caixa,SC1877SW156.sc.caixa
SC,1877-0 MIRAMAR,SC1877SW157.sc.caixa,SC1877SW157.sc.caixa
SC,1877-0 MIRAMAR,SC1877SW199.sc.caixa,SC1877SW199.sc.caixa
SC,1877-1 PAT PM FLORIANOPOLIS ADMINISTRACAO,SC1877RA2.sc.caixa,SC1877RA2.sc.caixa
SC,1877-1 PAT PM FLORIANOPOLIS ADMINISTRACAO,SC1877SW100.sc.caixa,SC1877SW100.sc.caixa
SC,1879-0 SENHORA DOS NAVEGANTES,SC1879RA1.sc.caixa,SC1879RA1.sc.caixa
SC,1879-0 SENHORA DOS NAVEGANTES,SC1879SW150.sc.caixa,SC1879SW150.sc.caixa
SC,1879-0 SENHORA DOS NAVEGANTES,SC1879SW151.sc.caixa,SC1879SW151.sc.caixa
SC,1879-0 SENHORA DOS NAVEGANTES,SC1879SW152.sc.caixa,SC1879SW152.sc.caixa
SC,1879-0 SENHORA DOS NAVEGANTES,SC1879SW199.sc.caixa,SC1879SW199.sc.caixa
SC,1880-0 POMERODE,SC1880RA1.sc.caixa,SC1880RA1.sc.caixa
SC,1880-0 POMERODE,SC1880SW020.sc.caixa,SC1880SW020.sc.caixa
SC,1880-0 POMERODE,SC1880SW021.sc.caixa,SC1880SW021.sc.caixa
SC,1880-0 POMERODE,SC1880SW022.sc.caixa,SC1880SW022.sc.caixa
SC,1881-0 SEARA,SC1881RA1.sc.caixa,SC1881RA1.sc.caixa
SC,1881-0 SEARA,SC1881SW020.sc.caixa,SC1881SW020.sc.caixa
SC,1881-0 SEARA,SC1881SW021.sc.caixa,SC1881SW021.sc.caixa
SC,1884-0 SAO LOURENCO DO OESTE,SC1884RA1.sc.caixa,SC1884RA1.sc.caixa
SC,1884-0 SAO LOURENCO DO OESTE,SC1884SW020.sc.caixa,SC1884SW020.sc.caixa
SC,1884-0 SAO LOURENCO DO OESTE,SC1884SW021.sc.caixa,SC1884SW021.sc.caixa
SC,1884-0 SAO LOURENCO DO OESTE,SC1884SW050.sc.caixa,SC1884SW050.sc.caixa
SC,1885-0 SAO JOSe DO CEDRO,SC1885RA1.sc.caixa,SC1885RA1.sc.caixa
SC,1885-0 SAO JOSe DO CEDRO,SC1885SW020.sc.caixa,SC1885SW020.sc.caixa
SC,1885-0 SAO JOSe DO CEDRO,SC1885SW021.sc.caixa,SC1885SW021.sc.caixa
SC,1885-0 SAO JOSe DO CEDRO,SC1885SW050.sc.caixa,SC1885SW050.sc.caixa
SC,1896-0 DESBRAVADOR,SC1896RA1.sc.caixa,SC1896RA1.sc.caixa
SC,1896-0 DESBRAVADOR,SC1896SW150.sc.caixa,SC1896SW150.sc.caixa
SC,1896-0 DESBRAVADOR,SC1896SW151.sc.caixa,SC1896SW151.sc.caixa
SC,1896-0 DESBRAVADOR,SC1896SW152.sc.caixa,SC1896SW152.sc.caixa
SC,1896-0 DESBRAVADOR,SC1896SW153.sc.caixa,10.112.150.28
SC,1896-0 DESBRAVADOR,SC1896SW199.sc.caixa,SC1896SW199.sc.caixa
SC,1897-0 XV DE NOVEMBRO,SC1897RA1.sc.caixa,SC1897RA1.sc.caixa
SC,1897-0 XV DE NOVEMBRO,SC1897SW150.sc.caixa,SC1897SW150.sc.caixa
SC,1897-0 XV DE NOVEMBRO,SC1897SW151.sc.caixa,SC1897SW151.sc.caixa
SC,1897-0 XV DE NOVEMBRO,SC1897SW152.sc.caixa,SC1897SW152.sc.caixa
SC,1897-0 XV DE NOVEMBRO,SC1897SW153.sc.caixa,SC1897SW153.sc.caixa
SC,1897-0 XV DE NOVEMBRO,SC1897SW154.sc.caixa,SC1897SW154.sc.caixa
SC,1897-0 XV DE NOVEMBRO,SC1897SW199.sc.caixa,SC1897SW199.sc.caixa
SC,1897-1 PAT TRT JOINVILLE,SC1897RA2.sc.caixa,SC1897RA2.sc.caixa
SC,1897-1 PAT TRT JOINVILLE,SC1897SW100.sc.caixa,SC1897SW100.sc.caixa
SC,1924-0 FRITZ MULLER,SC1924RA1.sc.caixa,SC1924RA1.sc.caixa
SC,1924-0 FRITZ MULLER,SC1924SW150.sc.caixa,SC1924SW150.sc.caixa
SC,1924-0 FRITZ MULLER,SC1924SW151.sc.caixa,SC1924SW151.sc.caixa
SC,1924-0 FRITZ MULLER,SC1924SW152.sc.caixa,SC1924SW152.sc.caixa
SC,1924-0 FRITZ MULLER,SC1924SW153.sc.caixa,SC1924SW153.sc.caixa
SC,1924-0 FRITZ MULLER,SC1924SW199.sc.caixa,SC1924SW199.sc.caixa
SC,2149-0 FOZ DO ITAJAi,SC2149RA1.sc.caixa,SC2149RA1.sc.caixa
SC,2149-0 FOZ DO ITAJAi,SC2149SW020.sc.caixa,SC2149SW020.sc.caixa
SC,2149-0 FOZ DO ITAJAi,SC2149SW021.sc.caixa,SC2149SW021.sc.caixa
SC,2149-0 FOZ DO ITAJAi,SC2149SW050.sc.caixa,SC2149SW050.sc.caixa
SC,2225-0 VeNETO,SC2225RA1.sc.caixa,SC2225RA1.sc.caixa
SC,2225-0 VeNETO,SC2225SW020.sc.caixa,SC2225SW020.sc.caixa
SC,2225-0 VeNETO,SC2225SW021.sc.caixa,SC2225SW021.sc.caixa
SC,2225-0 VeNETO,SC2225SW022.sc.caixa,SC2225SW022.sc.caixa
SC,2225-0 VeNETO,SC2225SW050.sc.caixa,SC2225SW050.sc.caixa
SC,2358-0 PAB JUSTICA FEDERAL JOINVILLE,SC2358RA1.sc.caixa,SC2358RA1.sc.caixa
SC,2358-0 PAB JUSTICA FEDERAL JOINVILLE,SC2358SW150.sc.caixa,SC2358SW150.sc.caixa
SC,2362-0 CAPIVARI DE BAIXO,SC2362RA1.sc.caixa,SC2362RA1.sc.caixa
SC,2362-0 CAPIVARI DE BAIXO,SC2362SW020.sc.caixa,SC2362SW020.sc.caixa
SC,2362-0 CAPIVARI DE BAIXO,SC2362SW021.sc.caixa,SC2362SW021.sc.caixa
SC,2362-0 CAPIVARI DE BAIXO,SC2362SW050.sc.caixa,SC2362SW050.sc.caixa
SC,2369-0 PAB JUSTICA DO TRABALHO LAGES,SC2369RA1.sc.caixa,SC2369RA1.sc.caixa
SC,2369-0 PAB JUSTICA DO TRABALHO LAGES,SC2369SW020.sc.caixa,SC2369SW020.sc.caixa
SC,2370-0 PAB JUSTICA FEDERAL FLORIANoPOLIS,SC2370RA1.sc.caixa,SC2370RA1.sc.caixa
SC,2370-0 PAB JUSTICA FEDERAL FLORIANoPOLIS,SC2370SW150.sc.caixa,SC2370SW150.sc.caixa
SC,2370-0 PAB JUSTICA FEDERAL FLORIANoPOLIS,SC2370SW151.sc.caixa,SC2370SW151.sc.caixa
SC,2374-0 GERMaNIA,SC2374RA1.sc.caixa,SC2374RA1.sc.caixa
SC,2374-0 GERMaNIA,SC2374SW150.sc.caixa,SC2374SW150.sc.caixa
SC,2374-0 GERMaNIA,SC2374SW151.sc.caixa,SC2374SW151.sc.caixa
SC,2374-0 GERMaNIA,SC2374SW152.sc.caixa,SC2374SW152.sc.caixa
SC,2374-0 GERMaNIA,SC2374SW199.sc.caixa,SC2374SW199.sc.caixa
SC,2375-0 PAB TRT 12A REGIAO FLORIANoPOLIS,SC2375RA1.sc.caixa,SC2375RA1.sc.caixa
SC,2375-0 PAB TRT 12A REGIAO FLORIANoPOLIS,SC2375SW020.sc.caixa,SC2375SW020.sc.caixa
SC,2375-1 PAT TRT FLORIANoPOLIS,SC2375RA2.sc.caixa,SC2375RA2.sc.caixa
SC,2375-1 PAT TRT FLORIANoPOLIS,SC2375SW100.sc.caixa,SC2375SW100.sc.caixa
SC,2623-0 AREA MEIO - OESTE,SC2623SW150.sc.caixa,SC2623SW150.sc.caixa
SC,2623-0 AREA MEIO - OESTE,SC2623SW151.sc.caixa,SC2623SW151.sc.caixa
SC,2623-0 AREA MEIO - OESTE,SC2623SW152.sc.caixa,SC2623SW152.sc.caixa
SC,2623-0 AREA MEIO - OESTE,SC2623SW153.sc.caixa,SC2623SW153.sc.caixa
SC,2623-0 AREA MEIO - OESTE,SC3936SW150.sc.caixa,SC3936SW150.sc.caixa
SC,2623-0 AREA MEIO - OESTE,SC4313SW150.sc.caixa,SC4313SW150.sc.caixa
SC,2624-0 AREA MEIO - SUL,SC1662SW154.sc.caixa,SC1662SW154.sc.caixa
SC,2625-0 EDIFiCIO SEDE - FLORIANoPOLIS,SC2625RA10.sc.caixa,SC2625RA10.sc.caixa
SC,2625-0 EDIFiCIO SEDE - FLORIANoPOLIS,SC2625RA9.sc.caixa,SC2625RA9.sc.caixa
SC,2625-0 EDIFiCIO SEDE - FLORIANoPOLIS,SC2625SW150.sc.caixa,SC2625SW150.sc.caixa
SC,2625-0 EDIFiCIO SEDE - FLORIANoPOLIS,SC2625SW151.sc.caixa,SC2625SW151.sc.caixa
SC,2625-0 EDIFiCIO SEDE - FLORIANoPOLIS,SC2625SW152.sc.caixa,SC2625SW152.sc.caixa
SC,2625-0 EDIFiCIO SEDE - FLORIANoPOLIS,SC2625SW153.sc.caixa,SC2625SW153.sc.caixa
SC,2625-0 EDIFiCIO SEDE - FLORIANoPOLIS,SC2625SW154.sc.caixa,SC2625SW154.sc.caixa
SC,2625-0 EDIFiCIO SEDE - FLORIANoPOLIS,SC2625SW155.sc.caixa,SC2625SW155.sc.caixa
SC,2625-0 EDIFiCIO SEDE - FLORIANoPOLIS,SC2625SW156.sc.caixa,SC2625SW156.sc.caixa
SC,2625-0 EDIFiCIO SEDE - FLORIANoPOLIS,SC2625SW157.sc.caixa,SC2625SW157.sc.caixa
SC,2625-0 EDIFiCIO SEDE - FLORIANoPOLIS,SC2625SW158.sc.caixa,SC2625SW158.sc.caixa
SC,2625-0 EDIFiCIO SEDE - FLORIANoPOLIS,SC2625SW159.sc.caixa,SC2625SW159.sc.caixa
SC,2625-0 EDIFiCIO SEDE - FLORIANoPOLIS,SC2625SW170.sc.caixa,SC2625SW170.sc.caixa
SC,2625-0 EDIFiCIO SEDE - FLORIANoPOLIS,SC2625SW171.sc.caixa,SC2625SW171.sc.caixa
SC,2625-0 EDIFiCIO SEDE - FLORIANoPOLIS,SC2625SW172.sc.caixa,SC2625SW172.sc.caixa
SC,2625-0 EDIFiCIO SEDE - FLORIANoPOLIS,SC2625SW173.sc.caixa,SC2625SW173.sc.caixa
SC,2625-0 EDIFiCIO SEDE - FLORIANoPOLIS,SC2625SW174.sc.caixa,SC2625SW174.sc.caixa
SC,2625-0 EDIFiCIO SEDE - FLORIANoPOLIS,SC2625SW176.sc.caixa,SC2625SW176.sc.caixa
SC,2625-0 EDIFiCIO SEDE - FLORIANoPOLIS,SC2625SW177.sc.caixa,SC2625SW177.sc.caixa
SC,2625-0 EDIFiCIO SEDE - FLORIANoPOLIS,SC2625SW178.sc.caixa,SC2625SW178.sc.caixa
SC,2625-0 EDIFiCIO SEDE - FLORIANoPOLIS,SC2625SW179.sc.caixa,SC2625SW179.sc.caixa
SC,2625-0 EDIFiCIO SEDE - FLORIANoPOLIS,SC2625SW180.sc.caixa,SC2625SW180.sc.caixa
SC,2625-0 EDIFiCIO SEDE - FLORIANoPOLIS,SC2625SW181.sc.caixa,SC2625SW181.sc.caixa
SC,2625-0 EDIFiCIO SEDE - FLORIANoPOLIS,SC2625SW182.sc.caixa,SC2625SW182.sc.caixa
SC,2625-0 EDIFiCIO SEDE - FLORIANoPOLIS,SC2625SW183.sc.caixa,SC2625SW183.sc.caixa
SC,2625-0 EDIFiCIO SEDE - FLORIANoPOLIS,SC2625SW184.sc.caixa,SC2625SW184.sc.caixa
SC,2625-0 EDIFiCIO SEDE - FLORIANoPOLIS,SC2625SW185.sc.caixa,SC2625SW185.sc.caixa
SC,2625-0 EDIFiCIO SEDE - FLORIANoPOLIS,SC2625SW186.sc.caixa,SC2625SW186.sc.caixa
SC,2625-0 EDIFiCIO SEDE - FLORIANoPOLIS,SC2625SW190.sc.caixa,SC2625SW190.sc.caixa
SC,2626-0 AREA MEIO - NORTE,SC4271SW150.sc.caixa,SC4271SW150.sc.caixa
SC,2626-0 AREA MEIO - NORTE,SC6292SW150.sc.caixa,SC6292SW150.sc.caixa
SC,2626-0 AREA MEIO - NORTE,SC6292SW151.sc.caixa,SC6292SW151.sc.caixa
SC,2626-0 AREA MEIO - NORTE,SC6292SW152.sc.caixa,SC6292SW152.sc.caixa
SC,2626-0 AREA MEIO - NORTE,SC6292SW153.sc.caixa,SC6292SW153.sc.caixa
SC,2705-0 PAB JUSTICA FEDERAL ITAJAi,SC2705RA1.sc.caixa,SC2705RA1.sc.caixa
SC,2705-0 PAB JUSTICA FEDERAL ITAJAi,SC2705SW020.sc.caixa,SC2705SW020.sc.caixa
SC,2707-0 PAB PREFEITURA MUNICIPAL JARAGUa DO SUL,SC2707RA1.sc.caixa,SC2707RA1.sc.caixa
SC,2707-0 PAB PREFEITURA MUNICIPAL JARAGUa DO SUL,SC2707SW020.sc.caixa,SC2707SW020.sc.caixa
SC,2714-0 PAB JUSTICA FEDERAL JARAGUa DO SUL,SC2714RA1.sc.caixa,SC2714RA1.sc.caixa
SC,2714-0 PAB JUSTICA FEDERAL JARAGUa DO SUL,SC2714SW020.sc.caixa,SC2714SW020.sc.caixa
SC,2775-0 IBIRAMA,SC2775RA1.sc.caixa,SC2775RA1.sc.caixa
SC,2775-0 IBIRAMA,SC2775SW020.sc.caixa,SC2775SW020.sc.caixa
SC,2775-0 IBIRAMA,SC2775SW021.sc.caixa,SC2775SW021.sc.caixa
SC,2775-0 IBIRAMA,SC2775SW050.sc.caixa,SC2775SW050.sc.caixa
SC,2815-0 TAIO,SC2815RA1.sc.caixa,SC2815RA1.sc.caixa
SC,2815-0 TAIO,SC2815SW020.sc.caixa,SC2815SW020.sc.caixa
SC,2815-0 TAIO,SC2815SW021.sc.caixa,SC2815SW021.sc.caixa
SC,2815-0 TAIO,SC2815SW050.sc.caixa,SC2815SW050.sc.caixa
SC,2816-0 BARRA VELHA,SC2816RA1.sc.caixa,SC2816RA1.sc.caixa
SC,2816-0 BARRA VELHA,SC2816SW150.sc.caixa,SC2816SW150.sc.caixa
SC,2816-0 BARRA VELHA,SC2816SW151.sc.caixa,SC2816SW151.sc.caixa
SC,2816-0 BARRA VELHA,SC2816SW199.sc.caixa,SC2816SW199.sc.caixa
SC,2845-0 PAB JUSTICA FEDERAL TUBARAO,SC2845RA1.sc.caixa,SC2845RA1.sc.caixa
SC,2845-0 PAB JUSTICA FEDERAL TUBARAO,SC2845SW020.sc.caixa,SC2845SW020.sc.caixa
SC,2891-0 JAGUARUNA,SC2891RA1.sc.caixa,SC2891RA1.sc.caixa
SC,2891-0 JAGUARUNA,SC2891SW020.sc.caixa,SC2891SW020.sc.caixa
SC,2891-0 JAGUARUNA,SC2891SW021.sc.caixa,SC2891SW021.sc.caixa
SC,2891-0 JAGUARUNA,SC2891SW050.sc.caixa,SC2891SW050.sc.caixa
SC,2892-0 SOMBRIO,SC2892RA1.sc.caixa,SC2892RA1.sc.caixa
SC,2892-0 SOMBRIO,SC2892SW150.sc.caixa,SC2892SW150.sc.caixa
SC,2892-0 SOMBRIO,SC2892SW151.sc.caixa,SC2892SW151.sc.caixa
SC,2892-0 SOMBRIO,SC2892SW199.sc.caixa,SC2892SW199.sc.caixa
SC,2894-0 PINHALZINHO,SC2894RA1.sc.caixa,SC2894RA1.sc.caixa
SC,2894-0 PINHALZINHO,SC2894SW150.sc.caixa,SC2894SW150.sc.caixa
SC,2894-0 PINHALZINHO,SC2894SW151.sc.caixa,SC2894SW151.sc.caixa
SC,2894-0 PINHALZINHO,SC2894SW199.sc.caixa,SC2894SW199.sc.caixa
SC,2896-0 DIONiSIO CERQUEIRA,SC2896RA1.sc.caixa,SC2896RA1.sc.caixa
SC,2896-0 DIONiSIO CERQUEIRA,SC2896SW150.sc.caixa,SC2896SW150.sc.caixa
SC,2896-0 DIONiSIO CERQUEIRA,SC2896SW151.sc.caixa,SC2896SW151.sc.caixa
SC,2896-0 DIONiSIO CERQUEIRA,SC2896SW199.sc.caixa,SC2896SW199.sc.caixa
SC,2979-0 RIO MAINA,SC2979RA1.sc.caixa,SC2979RA1.sc.caixa
SC,2979-0 RIO MAINA,SC2979SW150.sc.caixa,SC2979SW150.sc.caixa
SC,2979-0 RIO MAINA,SC2979SW151.sc.caixa,SC2979SW151.sc.caixa
SC,2979-0 RIO MAINA,SC2979SW152.sc.caixa,SC2979SW152.sc.caixa
SC,2979-0 RIO MAINA,SC2979SW199.sc.caixa,SC2979SW199.sc.caixa
SC,3077-0 ATIRADORES,SC3077RA1.sc.caixa,SC3077RA1.sc.caixa
SC,3077-0 ATIRADORES,SC3077SW150.sc.caixa,SC3077SW150.sc.caixa
SC,3077-0 ATIRADORES,SC3077SW151.sc.caixa,SC3077SW151.sc.caixa
SC,3077-0 ATIRADORES,SC3077SW152.sc.caixa,SC3077SW152.sc.caixa
SC,3077-0 ATIRADORES,SC3077SW199.sc.caixa,SC3077SW199.sc.caixa
SC,3078-0 SAO JOSe DA TERRA FIRME,SC3078RA1.sc.caixa,SC3078RA1.sc.caixa
SC,3078-0 SAO JOSe DA TERRA FIRME,SC3078SW150.sc.caixa,SC3078SW150.sc.caixa
SC,3078-0 SAO JOSe DA TERRA FIRME,SC3078SW151.sc.caixa,SC3078SW151.sc.caixa
SC,3078-0 SAO JOSe DA TERRA FIRME,SC3078SW152.sc.caixa,SC3078SW152.sc.caixa
SC,3078-0 SAO JOSe DA TERRA FIRME,SC3078SW153.sc.caixa,SC3078SW153.sc.caixa
SC,3078-0 SAO JOSe DA TERRA FIRME,SC3078SW154.sc.caixa,SC3078SW154.sc.caixa
SC,3078-0 SAO JOSe DA TERRA FIRME,SC3078SW199.sc.caixa,SC3078SW199.sc.caixa
SC,3078-1 PAT PREFEITURA MUNICIPAL DE SAO JOSe,SC3078RA2.sc.caixa,SC3078RA2.sc.caixa
SC,3078-1 PAT PREFEITURA MUNICIPAL DE SAO JOSe,SC3078SW100.sc.caixa,SC3078SW100.sc.caixa
SC,3078-2 PAB JUSTICA DO TRABALHO SAO JOSe,SC3078RA3.sc.caixa,SC3078RA3.sc.caixa
SC,3078-2 PAB JUSTICA DO TRABALHO SAO JOSe,SC3078SW101.sc.caixa,SC3078SW101.sc.caixa
SC,3082-0 OTACILIO COSTA,SC3082RA1.sc.caixa,SC3082RA1.sc.caixa
SC,3082-0 OTACILIO COSTA,SC3082SW020.sc.caixa,SC3082SW020.sc.caixa
SC,3082-0 OTACILIO COSTA,SC3082SW021.sc.caixa,SC3082SW021.sc.caixa
SC,3082-0 OTACILIO COSTA,SC3082SW050.sc.caixa,SC3082SW050.sc.caixa
SC,3130-0 BOEHMERWALD,SC3130RA1.sc.caixa,SC3130RA1.sc.caixa
SC,3130-0 BOEHMERWALD,SC3130SW150.sc.caixa,SC3130SW150.sc.caixa
SC,3130-0 BOEHMERWALD,SC3130SW151.sc.caixa,SC3130SW151.sc.caixa
SC,3130-0 BOEHMERWALD,SC3130SW152.sc.caixa,SC3130SW152.sc.caixa
SC,3130-0 BOEHMERWALD,SC3130SW199.sc.caixa,SC3130SW199.sc.caixa
SC,3160-0 GARCIA,SC3160RA1.sc.caixa,SC3160RA1.sc.caixa
SC,3160-0 GARCIA,SC3160SW020.sc.caixa,SC3160SW020.sc.caixa
SC,3160-0 GARCIA,SC3160SW021.sc.caixa,SC3160SW021.sc.caixa
SC,3160-0 GARCIA,SC3160SW050.sc.caixa,SC3160SW050.sc.caixa
SC,3282-0 PIRABEIRABA,SC3282RA1.sc.caixa,SC3282RA1.sc.caixa
SC,3282-0 PIRABEIRABA,SC3282SW020.sc.caixa,SC3282SW020.sc.caixa
SC,3282-0 PIRABEIRABA,SC3282SW021.sc.caixa,SC3282SW021.sc.caixa
SC,3282-0 PIRABEIRABA,SC3282SW022.sc.caixa,SC3282SW022.sc.caixa
SC,3282-0 PIRABEIRABA,SC3282SW050.sc.caixa,SC3282SW050.sc.caixa
SC,3298-0 ITAPEMA,SC3298RA1.sc.caixa,SC3298RA1.sc.caixa
SC,3298-0 ITAPEMA,SC3298SW150.sc.caixa,SC3298SW150.sc.caixa
SC,3298-0 ITAPEMA,SC3298SW151.sc.caixa,SC3298SW151.sc.caixa
SC,3298-0 ITAPEMA,SC3298SW152.sc.caixa,SC3298SW152.sc.caixa
SC,3298-0 ITAPEMA,SC3298SW199.sc.caixa,SC3298SW199.sc.caixa
SC,3299-0 BAIRRO COSTA E SILVA,SC3299RA1.sc.caixa,SC3299RA1.sc.caixa
SC,3299-0 BAIRRO COSTA E SILVA,SC3299SW150.sc.caixa,SC3299SW150.sc.caixa
SC,3299-0 BAIRRO COSTA E SILVA,SC3299SW151.sc.caixa,SC3299SW151.sc.caixa
SC,3299-0 BAIRRO COSTA E SILVA,SC3299SW152.sc.caixa,SC3299SW152.sc.caixa
SC,3299-0 BAIRRO COSTA E SILVA,SC3299SW199.sc.caixa,SC3299SW199.sc.caixa
SC,3364-0 ITAPOA,SC3364RA1.sc.caixa,SC3364RA1.sc.caixa
SC,3364-0 ITAPOA,SC3364SW020.sc.caixa,SC3364SW020.sc.caixa
SC,3364-0 ITAPOA,SC3364SW021.sc.caixa,SC3364SW021.sc.caixa
SC,3364-0 ITAPOA,SC3364SW050.sc.caixa,SC3364SW050.sc.caixa
SC,3392-0 INGLESES,SC3392RA1.sc.caixa,SC3392RA1.sc.caixa
SC,3392-0 INGLESES,SC3392SW150.sc.caixa,SC3392SW150.sc.caixa
SC,3392-0 INGLESES,SC3392SW151.sc.caixa,SC3392SW151.sc.caixa
SC,3392-0 INGLESES,SC3392SW152.sc.caixa,SC3392SW152.sc.caixa
SC,3392-0 INGLESES,SC3392SW199.sc.caixa,SC3392SW199.sc.caixa
SC,3392-1 SNC PRAIA DOS INGLESES,SC3392RA6.sc.caixa,SC3392RA6.sc.caixa
SC,3407-0 ABELARDO LUZ,SC3407RA1.sc.caixa,SC3407RA1.sc.caixa
SC,3407-0 ABELARDO LUZ,SC3407SW020.sc.caixa,SC3407SW020.sc.caixa
SC,3407-0 ABELARDO LUZ,SC3407SW021.sc.caixa,SC3407SW021.sc.caixa
SC,3407-0 ABELARDO LUZ,SC3407SW050.sc.caixa,SC3407SW050.sc.caixa
SC,3415-0 NOVA FORQUILHINHA,SC3415RA1.sc.caixa,SC3415RA1.sc.caixa
SC,3415-0 NOVA FORQUILHINHA,SC3415SW020.sc.caixa,SC3415SW020.sc.caixa
SC,3415-0 NOVA FORQUILHINHA,SC3415SW021.sc.caixa,SC3415SW021.sc.caixa
SC,3415-0 NOVA FORQUILHINHA,SC3415SW050.sc.caixa,SC3415SW050.sc.caixa
SC,3521-0 CAMBIRELA,SC3521RA1.sc.caixa,SC3521RA1.sc.caixa
SC,3521-0 CAMBIRELA,SC3521SW020.sc.caixa,SC3521SW020.sc.caixa
SC,3521-0 CAMBIRELA,SC3521SW021.sc.caixa,SC3521SW021.sc.caixa
SC,3521-0 CAMBIRELA,SC3521SW022.sc.caixa,SC3521SW022.sc.caixa
SC,3521-0 CAMBIRELA,SC3521SW050.sc.caixa,SC3521SW050.sc.caixa
SC,3522-0 BAIRRO FORQUILHINHA,SC3522RA1.sc.caixa,SC3522RA1.sc.caixa
SC,3522-0 BAIRRO FORQUILHINHA,SC3522SW020.sc.caixa,SC3522SW020.sc.caixa
SC,3522-0 BAIRRO FORQUILHINHA,SC3522SW021.sc.caixa,SC3522SW021.sc.caixa
SC,3522-0 BAIRRO FORQUILHINHA,SC3522SW050.sc.caixa,SC3522SW050.sc.caixa
SC,3523-0 CAMBORIu,SC3523RA1.sc.caixa,SC3523RA1.sc.caixa
SC,3523-0 CAMBORIu,SC3523SW150.sc.caixa,SC3523SW150.sc.caixa
SC,3523-0 CAMBORIu,SC3523SW151.sc.caixa,SC3523SW151.sc.caixa
SC,3523-0 CAMBORIu,SC3523SW152.sc.caixa,SC3523SW152.sc.caixa
SC,3523-0 CAMBORIu,SC3523SW199.sc.caixa,SC3523SW199.sc.caixa
SC,3524-0 CAMPECHE,SC3524RA1.sc.caixa,SC3524RA1.sc.caixa
SC,3524-0 CAMPECHE,SC3524SW020.sc.caixa,SC3524SW020.sc.caixa
SC,3524-0 CAMPECHE,SC3524SW021.sc.caixa,SC3524SW021.sc.caixa
SC,3524-0 CAMPECHE,SC3524SW022.sc.caixa,SC3524SW022.sc.caixa
SC,3524-0 CAMPECHE,SC3524SW050.sc.caixa,SC3524SW050.sc.caixa
SC,3525-0 POETA ZININHO,SC3525RA1.sc.caixa,SC3525RA1.sc.caixa
SC,3525-0 POETA ZININHO,SC3525SW020.sc.caixa,SC3525SW020.sc.caixa
SC,3525-0 POETA ZININHO,SC3525SW021.sc.caixa,SC3525SW021.sc.caixa
SC,3525-0 POETA ZININHO,SC3525SW022.sc.caixa,SC3525SW022.sc.caixa
SC,3525-0 POETA ZININHO,SC3525SW023.sc.caixa,SC3525SW023.sc.caixa
SC,3525-0 POETA ZININHO,SC3525SW024.sc.caixa,SC3525SW024.sc.caixa
SC,3525-0 POETA ZININHO,SC3525SW050.sc.caixa,SC3525SW050.sc.caixa
SC,3533-0 SAO JOAO BATISTA,SC3533RA1.sc.caixa,SC3533RA1.sc.caixa
SC,3533-0 SAO JOAO BATISTA,SC3533SW020.sc.caixa,SC3533SW020.sc.caixa
SC,3533-0 SAO JOAO BATISTA,SC3533SW021.sc.caixa,SC3533SW021.sc.caixa
SC,3533-0 SAO JOAO BATISTA,SC3533SW022.sc.caixa,SC3533SW022.sc.caixa
SC,3533-0 SAO JOAO BATISTA,SC3533SW050.sc.caixa,SC3533SW050.sc.caixa
SC,3554-0 CIDADE DE CATANDUVAS,SC3554RA1.sc.caixa,SC3554RA1.sc.caixa
SC,3554-0 CIDADE DE CATANDUVAS,SC3554SW020.sc.caixa,SC3554SW020.sc.caixa
SC,3554-0 CIDADE DE CATANDUVAS,SC3554SW021.sc.caixa,SC3554SW021.sc.caixa
SC,3555-0 TAMARINDO,SC3555RA1.sc.caixa,SC3555RA1.sc.caixa
SC,3555-0 TAMARINDO,SC3555SW020.sc.caixa,SC3555SW020.sc.caixa
SC,3555-0 TAMARINDO,SC3555SW021.sc.caixa,SC3555SW021.sc.caixa
SC,3555-0 TAMARINDO,SC3555SW050.sc.caixa,SC3555SW050.sc.caixa
SC,3569-0 QUARTA AVENIDA,SC3569RA1.sc.caixa,SC3569RA1.sc.caixa
SC,3569-0 QUARTA AVENIDA,SC3569SW020.sc.caixa,SC3569SW020.sc.caixa
SC,3569-0 QUARTA AVENIDA,SC3569SW021.sc.caixa,SC3569SW021.sc.caixa
SC,3569-0 QUARTA AVENIDA,SC3569SW050.sc.caixa,SC3569SW050.sc.caixa
SC,3592-0 EFAPI,SC3592RA1.sc.caixa,SC3592RA1.sc.caixa
SC,3592-0 EFAPI,SC3592SW150.sc.caixa,SC3592SW150.sc.caixa
SC,3592-0 EFAPI,SC3592SW151.sc.caixa,SC3592SW151.sc.caixa
SC,3592-0 EFAPI,SC3592SW199.sc.caixa,SC3592SW199.sc.caixa
SC,3598-0 SCHROEDER,SC3598RA1.sc.caixa,SC3598RA1.sc.caixa
SC,3598-0 SCHROEDER,SC3598SW020.sc.caixa,SC3598SW020.sc.caixa
SC,3598-0 SCHROEDER,SC3598SW021.sc.caixa,SC3598SW021.sc.caixa
SC,3598-0 SCHROEDER,SC3598SW050.sc.caixa,SC3598SW050.sc.caixa
SC,3614-0 CORDEIROS,SC3614RA1.sc.caixa,SC3614RA1.sc.caixa
SC,3614-0 CORDEIROS,SC3614SW020.sc.caixa,SC3614SW020.sc.caixa
SC,3614-0 CORDEIROS,SC3614SW021.sc.caixa,SC3614SW021.sc.caixa
SC,3614-0 CORDEIROS,SC3614SW050.sc.caixa,SC3614SW050.sc.caixa
SC,3646-0 ITAIOPOLIS,SC3646RA1.sc.caixa,SC3646RA1.sc.caixa
SC,3646-0 ITAIOPOLIS,SC3646SW020.sc.caixa,SC3646SW020.sc.caixa
SC,3646-0 ITAIOPOLIS,SC3646SW021.sc.caixa,SC3646SW021.sc.caixa
SC,3646-0 ITAIOPOLIS,SC3646SW050.sc.caixa,SC3646SW050.sc.caixa
SC,3655-0 CONTESTADO,SC3655RA1.sc.caixa,SC3655RA1.sc.caixa
SC,3655-0 CONTESTADO,SC3655SW021.sc.caixa,SC3655SW021.sc.caixa
SC,3655-0 CONTESTADO,SC3655SW050.sc.caixa,SC3655SW050.sc.caixa
SC,3655-0 CONTESTADO,SC3655SW150.sc.caixa,SC3655SW150.sc.caixa
SC,3660-0 SANTA RITA DE BRUSQUE,SC3660RA1.sc.caixa,SC3660RA1.sc.caixa
SC,3660-0 SANTA RITA DE BRUSQUE,SC3660SW020.sc.caixa,SC3660SW020.sc.caixa
SC,3660-0 SANTA RITA DE BRUSQUE,SC3660SW021.sc.caixa,SC3660SW021.sc.caixa
SC,3660-0 SANTA RITA DE BRUSQUE,SC3660SW050.sc.caixa,SC3660SW050.sc.caixa
SC,3684-0 SANTO AMARO DA IMPERATRIZ,SC3684RA1.sc.caixa,SC3684RA1.sc.caixa
SC,3684-0 SANTO AMARO DA IMPERATRIZ,SC3684SW020.sc.caixa,SC3684SW020.sc.caixa
SC,3684-0 SANTO AMARO DA IMPERATRIZ,SC3684SW021.sc.caixa,SC3684SW021.sc.caixa
SC,3684-0 SANTO AMARO DA IMPERATRIZ,SC3684SW050.sc.caixa,SC3684SW050.sc.caixa
SC,3691-0 PONTE DO IMARUIM,SC3691RA1.sc.caixa,SC3691RA1.sc.caixa
SC,3691-0 PONTE DO IMARUIM,SC3691SW020.sc.caixa,SC3691SW020.sc.caixa
SC,3691-0 PONTE DO IMARUIM,SC3691SW021.sc.caixa,SC3691SW021.sc.caixa
SC,3691-0 PONTE DO IMARUIM,SC3691SW050.sc.caixa,SC3691SW050.sc.caixa
SC,3692-0 AREIAS,SC3692RA1.sc.caixa,SC3692RA1.sc.caixa
SC,3692-0 AREIAS,SC3692SW150.sc.caixa,SC3692SW150.sc.caixa
SC,3692-0 AREIAS,SC3692SW151.sc.caixa,SC3692SW151.sc.caixa
SC,3692-0 AREIAS,SC3692SW199.sc.caixa,SC3692SW199.sc.caixa
SC,3778-0 NEUDORF,SC3778RA1.sc.caixa,SC3778RA1.sc.caixa
SC,3778-0 NEUDORF,SC3778SW020.sc.caixa,SC3778SW020.sc.caixa
SC,3778-0 NEUDORF,SC3778SW021.sc.caixa,SC3778SW021.sc.caixa
SC,3778-0 NEUDORF,SC3778SW050.sc.caixa,SC3778SW050.sc.caixa
SC,3830-0 FaTIMA,SC3830RA1.sc.caixa,SC3830RA1.sc.caixa
SC,3830-0 FaTIMA,SC3830SW020.sc.caixa,SC3830SW020.sc.caixa
SC,3830-0 FaTIMA,SC3830SW021.sc.caixa,SC3830SW021.sc.caixa
SC,3830-0 FaTIMA,SC3830SW022.sc.caixa,SC3830SW022.sc.caixa
SC,3830-0 FaTIMA,SC3830SW050.sc.caixa,SC3830SW050.sc.caixa
SC,3831-0 CONDa,SC3831RA1.sc.caixa,SC3831RA1.sc.caixa
SC,3831-0 CONDa,SC3831SW020.sc.caixa,SC3831SW020.sc.caixa
SC,3831-0 CONDa,SC3831SW021.sc.caixa,SC3831SW021.sc.caixa
SC,3831-0 CONDa,SC3831SW050.sc.caixa,SC3831SW050.sc.caixa
SC,3833-0 HERVAL DO OESTE,SC3833RA1.sc.caixa,SC3833RA1.sc.caixa
SC,3833-0 HERVAL DO OESTE,SC3833SW020.sc.caixa,SC3833SW020.sc.caixa
SC,3833-0 HERVAL DO OESTE,SC3833SW021.sc.caixa,SC3833SW021.sc.caixa
SC,3833-0 HERVAL DO OESTE,SC3833SW050.sc.caixa,SC3833SW050.sc.caixa
SC,3850-0 SAO LUDGERO,SC3850RA1.sc.caixa,SC3850RA1.sc.caixa
SC,3850-0 SAO LUDGERO,SC3850SW020.sc.caixa,SC3850SW020.sc.caixa
SC,3850-0 SAO LUDGERO,SC3850SW021.sc.caixa,SC3850SW021.sc.caixa
SC,3850-0 SAO LUDGERO,SC3850SW050.sc.caixa,SC3850SW050.sc.caixa
SC,3869-0 ITAPIRANGA,SC3869RA1.sc.caixa,SC3869RA1.sc.caixa
SC,3869-0 ITAPIRANGA,SC3869SW020.sc.caixa,SC3869SW020.sc.caixa
SC,3869-0 ITAPIRANGA,SC3869SW021.sc.caixa,SC3869SW021.sc.caixa
SC,3869-0 ITAPIRANGA,SC3869SW050.sc.caixa,SC3869SW050.sc.caixa
SC,3875-0 NEREU RAMOS,SC3875RA1.sc.caixa,SC3875RA1.sc.caixa
SC,3875-0 NEREU RAMOS,SC3875SW020.sc.caixa,SC3875SW020.sc.caixa
SC,3875-0 NEREU RAMOS,SC3875SW021.sc.caixa,SC3875SW021.sc.caixa
SC,3875-0 NEREU RAMOS,SC3875SW050.sc.caixa,SC3875SW050.sc.caixa
SC,3885-0 VINTE E TReS DE SETEMBRO,SC3885RA1.sc.caixa,SC3885RA1.sc.caixa
SC,3885-0 VINTE E TReS DE SETEMBRO,SC3885SW020.sc.caixa,SC3885SW020.sc.caixa
SC,3885-0 VINTE E TReS DE SETEMBRO,SC3885SW021.sc.caixa,SC3885SW021.sc.caixa
SC,3885-0 VINTE E TReS DE SETEMBRO,SC3885SW050.sc.caixa,SC3885SW050.sc.caixa
SC,3886-0 IMIGRANTES DE CONCoRDIA,SC3886RA1.sc.caixa,SC3886RA1.sc.caixa
SC,3886-0 IMIGRANTES DE CONCoRDIA,SC3886SW020.sc.caixa,SC3886SW020.sc.caixa
SC,3886-0 IMIGRANTES DE CONCoRDIA,SC3886SW021.sc.caixa,SC3886SW021.sc.caixa
SC,3886-0 IMIGRANTES DE CONCoRDIA,SC3886SW050.sc.caixa,SC3886SW050.sc.caixa
SC,3919-0 PAB JUSTICA FEDERAL CHAPECo,SC3919RA1.sc.caixa,SC3919RA1.sc.caixa
SC,3919-0 PAB JUSTICA FEDERAL CHAPECo,SC3919SW020.sc.caixa,SC3919SW020.sc.caixa
SC,3954-0 PAB JUSTICA FEDERAL BLUMENAU,SC3954RA1.sc.caixa,SC3954RA1.sc.caixa
SC,3954-0 PAB JUSTICA FEDERAL BLUMENAU,SC3954SW150.sc.caixa,SC3954SW150.sc.caixa
SC,4029-0 PAB JUSTICA FEDERAL CRICIuMA,SC4029RA1.sc.caixa,SC4029RA1.sc.caixa
SC,4029-0 PAB JUSTICA FEDERAL CRICIuMA,SC4029SW150.sc.caixa,SC4029SW150.sc.caixa
SC,4123-0 IRIRIu,SC4123RA1.sc.caixa,SC4123RA1.sc.caixa
SC,4123-0 IRIRIu,SC4123SW150.sc.caixa,SC4123SW150.sc.caixa
SC,4123-0 IRIRIu,SC4123SW151.sc.caixa,SC4123SW151.sc.caixa
SC,4123-0 IRIRIu,SC4123SW152.sc.caixa,SC4123SW152.sc.caixa
SC,4123-0 IRIRIu,SC4123SW199.sc.caixa,SC4123SW199.sc.caixa
SC,4269-0 AREA MEIO - VALE DO ITAJAi,SC4269SW150.sc.caixa,SC4269SW150.sc.caixa
SC,4269-0 AREA MEIO - VALE DO ITAJAi,SC4269SW151.sc.caixa,SC4269SW151.sc.caixa
SC,4269-0 AREA MEIO - VALE DO ITAJAi,SC4269SW152.sc.caixa,SC4269SW152.sc.caixa
SC,4269-0 AREA MEIO - VALE DO ITAJAi,SC4269SW153.sc.caixa,SC4269SW153.sc.caixa
SC,4269-0 AREA MEIO - VALE DO ITAJAi,SC4269SW154.sc.caixa,SC4269SW154.sc.caixa
SC,4269-0 AREA MEIO - VALE DO ITAJAi,SC6995SW150.sc.caixa,SC6995SW150.sc.caixa
SC,4269-0 AREA MEIO - VALE DO ITAJAi,SC7692SW150.sc.caixa,SC7692SW150.sc.caixa
SC,4269-0 AREA MEIO - VALE DO ITAJAi,SC7692SW151.sc.caixa,SC7692SW151.sc.caixa
SC,4269-0 AREA MEIO - VALE DO ITAJAi,SC7817SW150.sc.caixa,SC7817SW150.sc.caixa
SC,4269-0 AREA MEIO - VALE DO ITAJAi,SC7817SW151.sc.caixa,SC7817SW151.sc.caixa
SC,4332-0 BARRA DO RIO CERRO,SC4332RA1.sc.caixa,SC4332RA1.sc.caixa
SC,4332-0 BARRA DO RIO CERRO,SC4332SW020.sc.caixa,SC4332SW020.sc.caixa
SC,4332-0 BARRA DO RIO CERRO,SC4332SW021.sc.caixa,SC4332SW021.sc.caixa
SC,4332-0 BARRA DO RIO CERRO,SC4332SW050.sc.caixa,SC4332SW050.sc.caixa
SC,4438-0 CUNHA PORA,SC4438RA1.sc.caixa,SC4438RA1.sc.caixa
SC,4438-0 CUNHA PORA,SC4438SW020.sc.caixa,SC4438SW020.sc.caixa
SC,4438-0 CUNHA PORA,SC4438SW021.sc.caixa,SC4438SW021.sc.caixa
SC,4439-0 ANToNIO CARLOS,SC4439RA1.sc.caixa,SC4439RA1.sc.caixa
SC,4439-0 ANToNIO CARLOS,SC4439SW020.sc.caixa,SC4439SW020.sc.caixa
SC,4439-0 ANToNIO CARLOS,SC4439SW021.sc.caixa,SC4439SW021.sc.caixa
SC,4440-0 POUSO REDONDO,SC4440RA1.sc.caixa,SC4440RA1.sc.caixa
SC,4440-0 POUSO REDONDO,SC4440SW020.sc.caixa,SC4440SW020.sc.caixa
SC,4440-0 POUSO REDONDO,SC4440SW021.sc.caixa,SC4440SW021.sc.caixa
SC,4440-0 POUSO REDONDO,SC4440SW050.sc.caixa,SC4440SW050.sc.caixa
SC,4441-0 PRESIDENTE GETuLIO,SC4441RA1.sc.caixa,SC4441RA1.sc.caixa
SC,4441-0 PRESIDENTE GETuLIO,SC4441SW020.sc.caixa,SC4441SW020.sc.caixa
SC,4441-0 PRESIDENTE GETuLIO,SC4441SW021.sc.caixa,SC4441SW021.sc.caixa
SC,4441-0 PRESIDENTE GETuLIO,SC4441SW050.sc.caixa,SC4441SW050.sc.caixa
SC,4444-0 RIO DO PEIXE,SC4444RA1.sc.caixa,SC4444RA1.sc.caixa
SC,4444-0 RIO DO PEIXE,SC4444SW150.sc.caixa,SC4444SW150.sc.caixa
SC,4444-0 RIO DO PEIXE,SC4444SW151.sc.caixa,SC4444SW151.sc.caixa
SC,4444-0 RIO DO PEIXE,SC4444SW199.sc.caixa,SC4444SW199.sc.caixa
SC,4451-0 PAPANDUVA,SC4451RA1.sc.caixa,SC4451RA1.sc.caixa
SC,4451-0 PAPANDUVA,SC4451SW020.sc.caixa,SC4451SW020.sc.caixa
SC,4451-0 PAPANDUVA,SC4451SW021.sc.caixa,SC4451SW021.sc.caixa
SC,4451-0 PAPANDUVA,SC4451SW050.sc.caixa,SC4451SW050.sc.caixa
SC,4452-0 CORREIA PINTO,SC4452RA1.sc.caixa,SC4452RA1.sc.caixa
SC,4452-0 CORREIA PINTO,SC4452SW020.sc.caixa,SC4452SW020.sc.caixa
SC,4452-0 CORREIA PINTO,SC4452SW021.sc.caixa,SC4452SW021.sc.caixa
SC,4453-0 LAURO MULLER,SC4453RA1.sc.caixa,SC4453RA1.sc.caixa
SC,4453-0 LAURO MULLER,SC4453SW020.sc.caixa,SC4453SW020.sc.caixa
SC,4453-0 LAURO MULLER,SC4453SW021.sc.caixa,SC4453SW021.sc.caixa
SC,4510-0 PA AGRO CHAPECO,sc4510ra1.sc.caixa,sc4510ra1.sc.caixa
SC,4510-0 PA AGRO CHAPECO,sc4510sw150.sc.caixa,sc4510sw150.sc.caixa
SC,4624-0 MONDAI,SC4624RA1.sc.caixa,SC4624RA1.sc.caixa
SC,4624-0 MONDAI,SC4624SW020.sc.caixa,SC4624SW020.sc.caixa
SC,4624-0 MONDAI,SC4624SW021.sc.caixa,SC4624SW021.sc.caixa
SC,4624-0 MONDAI,SC4624SW050.sc.caixa,SC4624SW050.sc.caixa
SC,4625-0 CANASVIEIRAS,SC4625RA1.sc.caixa,SC4625RA1.sc.caixa
SC,4625-0 CANASVIEIRAS,SC4625SW020.sc.caixa,SC4625SW020.sc.caixa
SC,4625-0 CANASVIEIRAS,SC4625SW021.sc.caixa,SC4625SW021.sc.caixa
SC,4625-0 CANASVIEIRAS,SC4625SW050.sc.caixa,SC4625SW050.sc.caixa
SC,4626-0 QUILOMBO,SC4626RA1.sc.caixa,SC4626RA1.sc.caixa
SC,4626-0 QUILOMBO,SC4626SW020.sc.caixa,SC4626SW020.sc.caixa
SC,4626-0 QUILOMBO,SC4626SW021.sc.caixa,SC4626SW021.sc.caixa
SC,4721-0 GAROPABA,SC4721RA1.sc.caixa,SC4721RA1.sc.caixa
SC,4721-0 GAROPABA,SC4721SW020.sc.caixa,SC4721SW020.sc.caixa
SC,4721-0 GAROPABA,SC4721SW021.sc.caixa,SC4721SW021.sc.caixa
SC,4721-0 GAROPABA,SC4721SW050.sc.caixa,SC4721SW050.sc.caixa
SC,4728-0 ARAQUARI,SC4728RA1.sc.caixa,SC4728RA1.sc.caixa
SC,4728-0 ARAQUARI,SC4728SW020.sc.caixa,SC4728SW020.sc.caixa
SC,4728-0 ARAQUARI,SC4728SW021.sc.caixa,SC4728SW021.sc.caixa
SC,4728-0 ARAQUARI,SC4728SW050.sc.caixa,SC4728SW050.sc.caixa
SC,4729-0 PORTO BELO,SC4729RA1.sc.caixa,SC4729RA1.sc.caixa
SC,4729-0 PORTO BELO,SC4729SW020.sc.caixa,SC4729SW020.sc.caixa
SC,4729-0 PORTO BELO,SC4729SW021.sc.caixa,SC4729SW021.sc.caixa
SC,4729-0 PORTO BELO,SC4729SW050.sc.caixa,SC4729SW050.sc.caixa
SC,4733-0 LAGOA DA CONCEICAO,SC4733RA1.sc.caixa,SC4733RA1.sc.caixa
SC,4733-0 LAGOA DA CONCEICAO,SC4733SW020.sc.caixa,SC4733SW020.sc.caixa
SC,4733-0 LAGOA DA CONCEICAO,SC4733SW021.sc.caixa,SC4733SW021.sc.caixa
SC,4733-0 LAGOA DA CONCEICAO,SC4733SW050.sc.caixa,SC4733SW050.sc.caixa
SC,4873-0 GUABIRUBA,SC4873RA1.sc.caixa,SC4873RA1.sc.caixa
SC,4873-0 GUABIRUBA,SC4873SW020.sc.caixa,SC4873SW020.sc.caixa
SC,4873-0 GUABIRUBA,SC4873SW021.sc.caixa,SC4873SW021.sc.caixa
SC,4873-0 GUABIRUBA,SC4873SW050.sc.caixa,SC4873SW050.sc.caixa
SC,4876-0 ESCOLA AGRiCOLA,SC4876RA1.sc.caixa,SC4876RA1.sc.caixa
SC,4876-0 ESCOLA AGRiCOLA,SC4876SW020.sc.caixa,SC4876SW020.sc.caixa
SC,4876-0 ESCOLA AGRiCOLA,SC4876SW021.sc.caixa,SC4876SW021.sc.caixa
SC,4876-0 ESCOLA AGRiCOLA,SC4876SW050.sc.caixa,SC4876SW050.sc.caixa
SC,4877-0 SAO VICENTE DO ITAJAi,SC4877RA1.sc.caixa,SC4877RA1.sc.caixa
SC,4877-0 SAO VICENTE DO ITAJAi,SC4877SW020.sc.caixa,SC4877SW020.sc.caixa
SC,4877-0 SAO VICENTE DO ITAJAi,SC4877SW021.sc.caixa,SC4877SW021.sc.caixa
SC,4877-0 SAO VICENTE DO ITAJAi,SC4877SW050.sc.caixa,SC4877SW050.sc.caixa
SC,4878-0 NOVA VENEZA,SC4878RA1.sc.caixa,SC4878RA1.sc.caixa
SC,4878-0 NOVA VENEZA,SC4878SW020.sc.caixa,SC4878SW020.sc.caixa
SC,4878-0 NOVA VENEZA,SC4878SW021.sc.caixa,SC4878SW021.sc.caixa
SC,4878-0 NOVA VENEZA,SC4878SW050.sc.caixa,SC4878SW050.sc.caixa
SC,4918-0 ALBANO SCHMIDT,SC4918RA1.sc.caixa,SC4918RA1.sc.caixa
SC,4918-0 ALBANO SCHMIDT,SC4918SW020.sc.caixa,SC4918SW020.sc.caixa
SC,4918-0 ALBANO SCHMIDT,SC4918SW021.sc.caixa,SC4918SW021.sc.caixa
SC,4918-0 ALBANO SCHMIDT,SC4918SW050.sc.caixa,SC4918SW050.sc.caixa
SC,4924-0 COCAL DO SUL,SC4924RA1.sc.caixa,SC4924RA1.sc.caixa
SC,4924-0 COCAL DO SUL,SC4924SW020.sc.caixa,SC4924SW020.sc.caixa
SC,4924-0 COCAL DO SUL,SC4924SW021.sc.caixa,SC4924SW021.sc.caixa
SC,4924-0 COCAL DO SUL,SC4924SW050.sc.caixa,SC4924SW050.sc.caixa
SC,7179-0 RECMI,SC2625RA2.sc.caixa,SC2625RA2.sc.caixa
SC,7179-0 RECMI,SC7179SW002.sc.caixa,SC7179SW002.sc.caixa
SC,7179-0 RECMI,SC7179SW150.sc.caixa,SC7179SW150.sc.caixa
SC,7179-0 RECMI,SC7179SW151.sc.caixa,SC7179SW151.sc.caixa
SC,7179-0 RECMI,SC7179SW154.sc.caixa - teste,SC7179SW154.sc.caixa
SC,7179-0 RECMI,SC7179SW156.sc.caixa,SC7179SW156.sc.caixa
SC,7179-0 RECMI,SC7179SW157.sc.caixa,SC7179SW157.sc.caixa
SC,FLORIANoPOLIS,SC2625SW200.sc.caixa,SC2625SW200.sc.caixa
SC,FLORIANoPOLIS,SC2625SW201.sc.caixa,SC2625SW201.sc.caixa
SC,FLORIANoPOLIS,SC2625SW202.sc.caixa,SC2625SW202.sc.caixa
RS,0428-0 SAA AG. PRACA DA ALFANDEGA,rs0428ra1.rs.caixa,rs0428ra1.rs.caixa
RS,0428-0 SAA AG. PRACA DA ALFANDEGA,rs0428sw001.rs.caixa,rs0428sw001.rs.caixa
RS,0428-0 SAA AG. PRACA DA ALFANDEGA,rs0428sw002.rs.caixa,rs0428sw002.rs.caixa
RS,0428-0 SAA AG. PRACA DA ALFANDEGA,rs0428sw003.rs.caixa,rs0428sw003.rs.caixa
RS,0428-0 SAA AG. PRACA DA ALFANDEGA,rs0428sw004.rs.caixa,rs0428sw004.rs.caixa
RS,0428-0 SAA AG. PRACA DA ALFANDEGA,rs0428sw005.rs.caixa,rs0428sw005.rs.caixa
RS,0428-0 SAA AG. PRACA DA ALFANDEGA,rs0428sw006.rs.caixa,rs0428sw006.rs.caixa
RS,0428-0 SAA AG. PRACA DA ALFANDEGA,rs0428sw007.rs.caixa,rs0428sw007.rs.caixa
RS,0428-0 SAA AG. PRACA DA ALFANDEGA,rs0428sw029.rs.caixa,rs0428sw029.rs.caixa
RS,0428-0 SAA AG. PRACA DA ALFANDEGA,rs0428sw030.rs.caixa,rs0428sw030.rs.caixa
RS,0428-0 SAA AG. PRACA DA ALFANDEGA,rs0428sw031.rs.caixa,rs0428sw031.rs.caixa
RS,0429-0 SAA AG. RUA DA PRAIA,rs0430ra1.rs.caixa,rs0430ra1.rs.caixa
RS,0429-0 SAA AG. RUA DA PRAIA,rs0430sw001.rs.caixa,rs0430sw001.rs.caixa
RS,0429-0 SAA AG. RUA DA PRAIA,rs0430sw002.rs.caixa,rs0430sw002.rs.caixa
RS,0429-0 SAA AG. RUA DA PRAIA,rs0430sw003.rs.caixa,rs0430sw003.rs.caixa
RS,0429-0 SAA AG. RUA DA PRAIA,rs0430sw004.rs.caixa,rs0430sw004.rs.caixa
RS,0429-0 SAA AG. RUA DA PRAIA,rs0430sw031.rs.caixa,rs0430sw031.rs.caixa
RS,0429-0 SAA AG. SHOPPING IGUATEMI,rs0429ra1.rs.caixa,rs0429ra1.rs.caixa
RS,0429-0 SAA AG. SHOPPING IGUATEMI,rs0429sw001.rs.caixa,rs0429sw001.rs.caixa
RS,0429-0 SAA AG. SHOPPING IGUATEMI,rs0429sw002.rs.caixa,rs0429sw002.rs.caixa
RS,0429-0 SAA AG. SHOPPING IGUATEMI,rs0429sw003.rs.caixa,rs0429sw003.rs.caixa
RS,0429-0 SAA AG. SHOPPING IGUATEMI,rs0429sw031.rs.caixa,rs0429sw031.rs.caixa
RS,0430-2 PAE SNC GALERIA CHAVES,rs0430ra3.rs.caixa,rs0430ra3.rs.caixa
RS,0430-2 PAE SNC GALERIA CHAVES,rs0430sw301.rs.caixa,rs0430sw301.rs.caixa
RS,0431-0 SAA AG. ASSIS BRASIL,rs0431ra1.rs.caixa,rs0431ra1.rs.caixa
RS,0431-0 SAA AG. ASSIS BRASIL,rs0431sw001.rs.caixa,rs0431sw001.rs.caixa
RS,0431-0 SAA AG. ASSIS BRASIL,rs0431sw002.rs.caixa,rs0431sw002.rs.caixa
RS,0431-0 SAA AG. ASSIS BRASIL,rs0431sw003.rs.caixa,rs0431sw003.rs.caixa
RS,0431-0 SAA AG. ASSIS BRASIL,rs0431sw030.rs.caixa,rs0431sw030.rs.caixa
RS,0431-0 SAA AG. ASSIS BRASIL,rs0431sw031.rs.caixa,rs0431sw031.rs.caixa
RS,0432-0 SAA AG. AZENHA,rs0432ra1.rs.caixa,rs0432ra1.rs.caixa
RS,0432-0 SAA AG. AZENHA,rs0432sw001.rs.caixa,rs0432sw001.rs.caixa
RS,0432-0 SAA AG. AZENHA,rs0432sw002.rs.caixa,rs0432sw002.rs.caixa
RS,0432-0 SAA AG. AZENHA,rs0432sw030.rs.caixa,rs0432sw030.rs.caixa
RS,0432-0 SAA AG. AZENHA,rs0432sw031.rs.caixa,rs0432sw031.rs.caixa
RS,0433-0 SAA AG. VILA FERNANDES,rs0433ra1.rs.caixa,rs0433ra1.rs.caixa
RS,0433-0 SAA AG. VILA FERNANDES,rs0433sw001.rs.caixa,rs0433sw001.rs.caixa
RS,0433-0 SAA AG. VILA FERNANDES,rs0433sw002.rs.caixa,rs0433sw002.rs.caixa
RS,0433-0 SAA AG. VILA FERNANDES,rs0433sw003.rs.caixa,rs0433sw003.rs.caixa
RS,0433-0 SAA AG. VILA FERNANDES,rs0433sw031.rs.caixa,rs0433sw031.rs.caixa
RS,0434-0 SAA AG. CORONEL BORDINI,rs0434ra1.rs.caixa,rs0434ra1.rs.caixa
RS,0434-0 SAA AG. CORONEL BORDINI,rs0434sw001.rs.caixa,rs0434sw001.rs.caixa
RS,0434-0 SAA AG. CORONEL BORDINI,rs0434sw002.rs.caixa,rs0434sw002.rs.caixa
RS,0434-0 SAA AG. CORONEL BORDINI,rs0434sw003.rs.caixa,rs0434sw003.rs.caixa
RS,0434-0 SAA AG. CORONEL BORDINI,rs0434sw031.rs.caixa,rs0434sw031.rs.caixa
RS,0435-0 SAA AG. BOM FIM,rs0435ra1.rs.caixa,rs0435ra1.rs.caixa
RS,0435-0 SAA AG. BOM FIM,rs0435sw001.rs.caixa,rs0435sw001.rs.caixa
RS,0435-0 SAA AG. BOM FIM,rs0435sw002.rs.caixa,rs0435sw002.rs.caixa
RS,0435-0 SAA AG. BOM FIM,rs0435sw003.rs.caixa,rs0435sw003.rs.caixa
RS,0435-0 SAA AG. BOM FIM,rs0435sw004.rs.caixa,rs0435sw004.rs.caixa
RS,0435-0 SAA AG. BOM FIM,rs0435sw030.rs.caixa,rs0435sw030.rs.caixa
RS,0435-0 SAA AG. BOM FIM,rs0435sw031.rs.caixa,rs0435sw031.rs.caixa
RS,0436-0 SAA AG. CAVALHADA,rs0436ra1.rs.caixa,rs0436ra1.rs.caixa
RS,0436-0 SAA AG. CAVALHADA,rs0436sw001.rs.caixa,rs0436sw001.rs.caixa
RS,0436-0 SAA AG. CAVALHADA,rs0436sw002.rs.caixa,rs0436sw002.rs.caixa
RS,0436-0 SAA AG. CAVALHADA,rs0436sw031.rs.caixa,rs0436sw031.rs.caixa
RS,0437-0 SAA AG. BOURBON WALLIG,rs0437ra1.rs.caixa,rs0437ra1.rs.caixa
RS,0437-0 SAA AG. BOURBON WALLIG,rs0437sw001.rs.caixa,rs0437sw001.rs.caixa
RS,0437-0 SAA AG. BOURBON WALLIG,rs0437sw002.rs.caixa,rs0437sw002.rs.caixa
RS,0437-0 SAA AG. BOURBON WALLIG,rs0437sw003.rs.caixa,rs0437sw003.rs.caixa
RS,0437-0 SAA AG. BOURBON WALLIG,rs0437sw031.rs.caixa,rs0437sw031.rs.caixa
RS,0439-0 SAA AG. SHOPPING TOTAL,rs0439ra1.rs.caixa,rs0439ra1.rs.caixa
RS,0439-0 SAA AG. SHOPPING TOTAL,rs0439sw001.rs.caixa,rs0439sw001.rs.caixa
RS,0439-0 SAA AG. SHOPPING TOTAL,rs0439sw002.rs.caixa,rs0439sw002.rs.caixa
RS,0439-0 SAA AG. SHOPPING TOTAL,rs0439sw031.rs.caixa,rs0439sw031.rs.caixa
RS,0440-0 SAA AG. V COMAR,rs0440ra1.rs.caixa,rs0440ra1.rs.caixa
RS,0440-0 SAA AG. V COMAR,rs0440sw001.rs.caixa,rs0440sw001.rs.caixa
RS,0440-0 SAA AG. V COMAR,rs0440sw031.rs.caixa,rs0440sw031.rs.caixa
RS,0441-0 SAA AG. JOSE DO PATROCINIO,rs0441ra1.rs.caixa,rs0441ra1.rs.caixa
RS,0441-0 SAA AG. JOSE DO PATROCINIO,rs0441sw001.rs.caixa,rs0441sw001.rs.caixa
RS,0441-0 SAA AG. JOSE DO PATROCINIO,rs0441sw002.rs.caixa,rs0441sw002.rs.caixa
RS,0441-0 SAA AG. JOSE DO PATROCINIO,rs0441sw031.rs.caixa,rs0441sw031.rs.caixa
RS,0442-0 SAA AG. MENINO DEUS,rs0442ra1.rs.caixa,rs0442ra1.rs.caixa
RS,0442-0 SAA AG. MENINO DEUS,rs0442sw001.rs.caixa,rs0442sw001.rs.caixa
RS,0442-0 SAA AG. MENINO DEUS,rs0442sw002.rs.caixa,rs0442sw002.rs.caixa
RS,0442-0 SAA AG. MENINO DEUS,rs0442sw003.rs.caixa,rs0442sw003.rs.caixa
RS,0442-0 SAA AG. MENINO DEUS,rs0442sw030.rs.caixa,rs0442sw030.rs.caixa
RS,0442-0 SAA AG. MENINO DEUS,rs0442sw031.rs.caixa,rs0442sw031.rs.caixa
RS,0443-0 SAA AG. MOINHOS DE VENTO,rs0443ra1.rs.caixa,rs0443ra1.rs.caixa
RS,0443-0 SAA AG. MOINHOS DE VENTO,rs0443sw001.rs.caixa,rs0443sw001.rs.caixa
RS,0443-0 SAA AG. MOINHOS DE VENTO,rs0443sw002.rs.caixa,rs0443sw002.rs.caixa
RS,0443-0 SAA AG. MOINHOS DE VENTO,rs0443sw030.rs.caixa,rs0443sw030.rs.caixa
RS,0443-0 SAA AG. MOINHOS DE VENTO,rs0443sw031.rs.caixa,rs0443sw031.rs.caixa
RS,0444-0 SAA AG. NAVEGANTES,rs0444ra1.rs.caixa,rs0444ra1.rs.caixa
RS,0444-0 SAA AG. NAVEGANTES,rs0444sw001.rs.caixa,rs0444sw001.rs.caixa
RS,0444-0 SAA AG. NAVEGANTES,rs0444sw002.rs.caixa,rs0444sw002.rs.caixa
RS,0444-0 SAA AG. NAVEGANTES,rs0444sw031.rs.caixa,rs0444sw031.rs.caixa
RS,0445-0 SAA AG. PARTENON,rs0445ra1.rs.caixa,rs0445ra1.rs.caixa
RS,0445-0 SAA AG. PARTENON,rs0445sw001.rs.caixa,rs0445sw001.rs.caixa
RS,0445-0 SAA AG. PARTENON,rs0445sw002.rs.caixa,rs0445sw002.rs.caixa
RS,0445-0 SAA AG. PARTENON,rs0445sw031.rs.caixa,rs0445sw031.rs.caixa
RS,0446-0 SAA AG. PASSO DA AREIA,rs0446ra1.rs.caixa,rs0446ra1.rs.caixa
RS,0446-0 SAA AG. PASSO DA AREIA,rs0446sw001.rs.caixa,rs0446sw001.rs.caixa
RS,0446-0 SAA AG. PASSO DA AREIA,rs0446sw002.rs.caixa,rs0446sw002.rs.caixa
RS,0446-0 SAA AG. PASSO DA AREIA,rs0446sw003.rs.caixa,rs0446sw003.rs.caixa
RS,0446-0 SAA AG. PASSO DA AREIA,rs0446sw031.rs.caixa,rs0446sw031.rs.caixa
RS,0447-0 SAA AG. PROTASIO ALVES,rs0447ra1.rs.caixa,rs0447ra1.rs.caixa
RS,0447-0 SAA AG. PROTASIO ALVES,rs0447sw001.rs.caixa,rs0447sw001.rs.caixa
RS,0447-0 SAA AG. PROTASIO ALVES,rs0447sw002.rs.caixa,rs0447sw002.rs.caixa
RS,0447-0 SAA AG. PROTASIO ALVES,rs0447sw003.rs.caixa,rs0447sw003.rs.caixa
RS,0447-0 SAA AG. PROTASIO ALVES,rs0447sw031.rs.caixa,rs0447sw031.rs.caixa
RS,0448-0 SAA AG. ACORIANOS,rs0448ra1.rs.caixa,rs0448ra1.rs.caixa
RS,0448-0 SAA AG. ACORIANOS,rs0448sw001.rs.caixa,rs0448sw001.rs.caixa
RS,0448-0 SAA AG. ACORIANOS,rs0448sw002.rs.caixa,rs0448sw002.rs.caixa
RS,0448-0 SAA AG. ACORIANOS,rs0448sw003.rs.caixa,rs0448sw003.rs.caixa
RS,0448-0 SAA AG. ACORIANOS,rs0448sw031.rs.caixa,rs0448sw031.rs.caixa
RS,0449-0 SAA AG. SAO JOAO,rs0449ra1.rs.caixa,rs0449ra1.rs.caixa
RS,0449-0 SAA AG. SAO JOAO,rs0449sw001.rs.caixa,rs0449sw001.rs.caixa
RS,0449-0 SAA AG. SAO JOAO,rs0449sw002.rs.caixa,rs0449sw002.rs.caixa
RS,0449-0 SAA AG. SAO JOAO,rs0449sw003.rs.caixa,rs0449sw003.rs.caixa
RS,0449-0 SAA AG. SAO JOAO,rs0449sw004.rs.caixa,rs0449sw004.rs.caixa
RS,0449-0 SAA AG. SAO JOAO,rs0449sw005.rs.caixa,rs0449sw005.rs.caixa
RS,0449-0 SAA AG. SAO JOAO,rs0449sw031.rs.caixa,rs0449sw031.rs.caixa
RS,0450-0 SAA AG. GUIA LOPES,rs0450ra1.rs.caixa,rs0450ra1.rs.caixa
RS,0450-0 SAA AG. GUIA LOPES,rs0450sw001.rs.caixa,rs0450sw001.rs.caixa
RS,0450-0 SAA AG. GUIA LOPES,rs0450sw002.rs.caixa,rs0450sw002.rs.caixa
RS,0450-0 SAA AG. GUIA LOPES,rs0450sw031.rs.caixa,rs0450sw031.rs.caixa
RS,0451-0 SAA AG. OTAVIO ROCHA,rs0451ra1.rs.caixa,rs0451ra1.rs.caixa
RS,0451-0 SAA AG. OTAVIO ROCHA,rs0451sw001.rs.caixa,rs0451sw001.rs.caixa
RS,0451-0 SAA AG. OTAVIO ROCHA,rs0451sw002.rs.caixa,rs0451sw002.rs.caixa
RS,0451-0 SAA AG. OTAVIO ROCHA,rs0451sw003.rs.caixa,rs0451sw003.rs.caixa
RS,0451-0 SAA AG. OTAVIO ROCHA,rs0451sw030.rs.caixa,rs0451sw030.rs.caixa
RS,0451-0 SAA AG. OTAVIO ROCHA,rs0451sw031.rs.caixa,rs0451sw031.rs.caixa
RS,0451-1 PAE SNC QUIOSQUE SANTA CASA,rs0451ra2.rs.caixa,rs0451ra2.rs.caixa
RS,0451-1 PAE SNC QUIOSQUE SANTA CASA,rs0451sw201.rs.caixa,rs0451sw201.rs.caixa
RS,0452-0 SAA AG. AVENIDA DO FORTE,rs0452ra1.rs.caixa,rs0452ra1.rs.caixa
RS,0452-0 SAA AG. AVENIDA DO FORTE,rs0452sw001.rs.caixa,rs0452sw001.rs.caixa
RS,0452-0 SAA AG. AVENIDA DO FORTE,rs0452sw002.rs.caixa,rs0452sw002.rs.caixa
RS,0452-0 SAA AG. AVENIDA DO FORTE,rs0452sw031.rs.caixa,rs0452sw031.rs.caixa
RS,0453-0 SAA AG. PRACA RUI BARBOSA,rs0453ra1.rs.caixa,rs0453ra1.rs.caixa
RS,0453-0 SAA AG. PRACA RUI BARBOSA,rs0453sw001.rs.caixa,rs0453sw001.rs.caixa
RS,0453-0 SAA AG. PRACA RUI BARBOSA,rs0453sw002.rs.caixa,rs0453sw002.rs.caixa
RS,0453-0 SAA AG. PRACA RUI BARBOSA,rs0453sw003.rs.caixa,rs0453sw003.rs.caixa
RS,0453-0 SAA AG. PRACA RUI BARBOSA,rs0453sw031.rs.caixa,rs0453sw031.rs.caixa
RS,0454-0 SAA AG. INDEPENDENCIA,rs0454ra1.rs.caixa,rs0454ra1.rs.caixa
RS,0454-0 SAA AG. INDEPENDENCIA,rs0454sw001.rs.caixa,rs0454sw001.rs.caixa
RS,0454-0 SAA AG. INDEPENDENCIA,rs0454sw002.rs.caixa,rs0454sw002.rs.caixa
RS,0454-0 SAA AG. INDEPENDENCIA,rs0454sw003.rs.caixa,rs0454sw003.rs.caixa
RS,0454-0 SAA AG. INDEPENDENCIA,rs0454sw004.rs.caixa,rs0454sw004.rs.caixa
RS,0454-0 SAA AG. INDEPENDENCIA,rs0454sw005.rs.caixa,rs0454sw005.rs.caixa
RS,0454-0 SAA AG. INDEPENDENCIA,rs0454sw031.rs.caixa,rs0454sw031.rs.caixa
RS,0455-0 SAA AG. ALEGRETE,rs0455ra1.rs.caixa,rs0455ra1.rs.caixa
RS,0455-0 SAA AG. ALEGRETE,rs0455sw001.rs.caixa,rs0455sw001.rs.caixa
RS,0455-0 SAA AG. ALEGRETE,rs0455sw002.rs.caixa,rs0455sw002.rs.caixa
RS,0455-0 SAA AG. ALEGRETE,rs0455sw003.rs.caixa,rs0455sw003.rs.caixa
RS,0455-0 SAA AG. ALEGRETE,rs0455sw031.rs.caixa,rs0455sw031.rs.caixa
RS,0456-0 SAA AG. BAGE,rs0456ra1.rs.caixa,rs0456ra1.rs.caixa
RS,0456-0 SAA AG. BAGE,rs0456sw001.rs.caixa,rs0456sw001.rs.caixa
RS,0456-0 SAA AG. BAGE,rs0456sw002.rs.caixa,rs0456sw002.rs.caixa
RS,0456-0 SAA AG. BAGE,rs0456sw003.rs.caixa,rs0456sw003.rs.caixa
RS,0456-0 SAA AG. BAGE,rs0456sw004.rs.caixa,rs0456sw004.rs.caixa
RS,0456-0 SAA AG. BAGE,rs0456sw031.rs.caixa,rs0456sw031.rs.caixa
RS,0456-2 CAV PREFEITURA MUNICIPAL DE BAGE,rs0456ra3.rs.caixa,rs0456ra3.rs.caixa
RS,0456-2 CAV PREFEITURA MUNICIPAL DE BAGE,rs0456sw301.rs.caixa,rs0456sw301.rs.caixa
RS,0457-0 SAA AG. BENTO GONCALVES,rs0457ra1.rs.caixa,rs0457ra1.rs.caixa
RS,0457-0 SAA AG. BENTO GONCALVES,rs0457sw001.rs.caixa,rs0457sw001.rs.caixa
RS,0457-0 SAA AG. BENTO GONCALVES,rs0457sw002.rs.caixa,rs0457sw002.rs.caixa
RS,0457-0 SAA AG. BENTO GONCALVES,rs0457sw003.rs.caixa,rs0457sw003.rs.caixa
RS,0457-0 SAA AG. BENTO GONCALVES,rs0457sw004.rs.caixa,rs0457sw004.rs.caixa
RS,0457-0 SAA AG. BENTO GONCALVES,rs0457sw005.rs.caixa,rs0457sw005.rs.caixa
RS,0457-0 SAA AG. BENTO GONCALVES,rs0457sw031.rs.caixa,rs0457sw031.rs.caixa
RS,0459-0 SAA AG. CACHOEIRA DO SUL,rs0459ra1.rs.caixa,rs0459ra1.rs.caixa
RS,0459-0 SAA AG. CACHOEIRA DO SUL,rs0459sw001.rs.caixa,rs0459sw001.rs.caixa
RS,0459-0 SAA AG. CACHOEIRA DO SUL,rs0459sw002.rs.caixa,rs0459sw002.rs.caixa
RS,0459-0 SAA AG. CACHOEIRA DO SUL,rs0459sw030.rs.caixa,rs0459sw030.rs.caixa
RS,0459-0 SAA AG. CACHOEIRA DO SUL,rs0459sw031.rs.caixa,rs0459sw031.rs.caixa
RS,0460-0 SAA AG. CAMAQUA,rs0460ra1.rs.caixa,rs0460ra1.rs.caixa
RS,0460-0 SAA AG. CAMAQUA,rs0460sw001.rs.caixa,rs0460sw001.rs.caixa
RS,0460-0 SAA AG. CAMAQUA,rs0460sw002.rs.caixa,rs0460sw002.rs.caixa
RS,0460-0 SAA AG. CAMAQUA,rs0460sw003.rs.caixa,rs0460sw003.rs.caixa
RS,0460-0 SAA AG. CAMAQUA,rs0460sw031.rs.caixa,rs0460sw031.rs.caixa
RS,0460-1 PA JT CAMAQUA,rs0460ra2.rs.caixa,rs0460ra2.rs.caixa
RS,0460-1 PA JT CAMAQUA,rs0460sw201.rs.caixa,rs0460sw201.rs.caixa
RS,0461-0 SAA AG. CAMPO BOM,rs0461ra1.rs.caixa,rs0461ra1.rs.caixa
RS,0461-0 SAA AG. CAMPO BOM,rs0461sw001.rs.caixa,rs0461sw001.rs.caixa
RS,0461-0 SAA AG. CAMPO BOM,rs0461sw002.rs.caixa,rs0461sw002.rs.caixa
RS,0461-0 SAA AG. CAMPO BOM,rs0461sw030.rs.caixa,rs0461sw030.rs.caixa
RS,0461-0 SAA AG. CAMPO BOM,rs0461sw031.rs.caixa,rs0461sw031.rs.caixa
RS,0462-0 SAA AG. CANGUCU,rs0462ra1.rs.caixa,rs0462ra1.rs.caixa
RS,0462-0 SAA AG. CANGUCU,rs0462sw001.rs.caixa,rs0462sw001.rs.caixa
RS,0462-0 SAA AG. CANGUCU,rs0462sw002.rs.caixa,rs0462sw002.rs.caixa
RS,0462-0 SAA AG. CANGUCU,rs0462sw031.rs.caixa,rs0462sw031.rs.caixa
RS,0463-0 SAA AG. CANOAS,rs0463ra1.rs.caixa,rs0463ra1.rs.caixa
RS,0463-0 SAA AG. CANOAS,rs0463sw001.rs.caixa,rs0463sw001.rs.caixa
RS,0463-0 SAA AG. CANOAS,rs0463sw002.rs.caixa,rs0463sw002.rs.caixa
RS,0463-0 SAA AG. CANOAS,rs0463sw003.rs.caixa,rs0463sw003.rs.caixa
RS,0463-0 SAA AG. CANOAS,rs0463sw004.rs.caixa,rs0463sw004.rs.caixa
RS,0463-0 SAA AG. CANOAS,rs0463sw005.rs.caixa,rs0463sw005.rs.caixa
RS,0463-0 SAA AG. CANOAS,rs0463sw006.rs.caixa,rs0463sw006.rs.caixa
RS,0463-0 SAA AG. CANOAS,rs0463sw030.rs.caixa,rs0463sw030.rs.caixa
RS,0463-0 SAA AG. CANOAS,rs0463sw031.rs.caixa,rs0463sw031.rs.caixa
RS,0464-0 SAA AG. CARAZINHO,rs0464ra1.rs.caixa,rs0464ra1.rs.caixa
RS,0464-0 SAA AG. CARAZINHO,rs0464sw001.rs.caixa,rs0464sw001.rs.caixa
RS,0464-0 SAA AG. CARAZINHO,rs0464sw002.rs.caixa,rs0464sw002.rs.caixa
RS,0464-0 SAA AG. CARAZINHO,rs0464sw003.rs.caixa,rs0464sw003.rs.caixa
RS,0464-0 SAA AG. CARAZINHO,rs0464sw031.rs.caixa,rs0464sw031.rs.caixa
RS,0464-2 PAE SNC CARAZINHO,rs0464ra3.rs.caixa,rs0464ra3.rs.caixa
RS,0464-2 PAE SNC CARAZINHO,rs0464sw301.rs.caixa,rs0464sw301.rs.caixa
RS,0465-0 SAA AG. CAXIAS DO SUL,rs0465ra1.rs.caixa,rs0465ra1.rs.caixa
RS,0465-0 SAA AG. CAXIAS DO SUL,rs0465sw001.rs.caixa,rs0465sw001.rs.caixa
RS,0465-0 SAA AG. CAXIAS DO SUL,rs0465sw002.rs.caixa,rs0465sw002.rs.caixa
RS,0465-0 SAA AG. CAXIAS DO SUL,rs0465sw003.rs.caixa,rs0465sw003.rs.caixa
RS,0465-0 SAA AG. CAXIAS DO SUL,rs0465sw004.rs.caixa,rs0465sw004.rs.caixa
RS,0465-0 SAA AG. CAXIAS DO SUL,rs0465sw005.rs.caixa,rs0465sw005.rs.caixa
RS,0465-0 SAA AG. CAXIAS DO SUL,rs0465sw006.rs.caixa,rs0465sw006.rs.caixa
RS,0465-0 SAA AG. CAXIAS DO SUL,rs0465sw030.rs.caixa,rs0465sw030.rs.caixa
RS,0465-0 SAA AG. CAXIAS DO SUL,rs0465sw031.rs.caixa,rs0465sw031.rs.caixa
RS,0466-0 SAA AG. CERRO LARGO,rs0466ra1.rs.caixa,rs0466ra1.rs.caixa
RS,0466-0 SAA AG. CERRO LARGO,rs0466sw001.rs.caixa,rs0466sw001.rs.caixa
RS,0466-0 SAA AG. CERRO LARGO,rs0466sw031.rs.caixa,rs0466sw031.rs.caixa
RS,0467-0 SAA AG. CRUZ ALTA,rs0467ra1.rs.caixa,rs0467ra1.rs.caixa
RS,0467-0 SAA AG. CRUZ ALTA,rs0467sw001.rs.caixa,rs0467sw001.rs.caixa
RS,0467-0 SAA AG. CRUZ ALTA,rs0467sw002.rs.caixa,rs0467sw002.rs.caixa
RS,0467-0 SAA AG. CRUZ ALTA,rs0467sw003.rs.caixa,rs0467sw003.rs.caixa
RS,0467-0 SAA AG. CRUZ ALTA,rs0467sw030.rs.caixa,rs0467sw030.rs.caixa
RS,0467-0 SAA AG. CRUZ ALTA,rs0467sw031.rs.caixa,rs0467sw031.rs.caixa
RS,0467-2 PAE SNC CRUZ ALTA,rs0467ra3.rs.caixa,rs0467ra3.rs.caixa
RS,0467-2 PAE SNC CRUZ ALTA,rs0467sw301.rs.caixa,rs0467sw301.rs.caixa
RS,0469-0 SAA AG. DOM PEDRITO,rs0469ra1.rs.caixa,rs0469ra1.rs.caixa
RS,0469-0 SAA AG. DOM PEDRITO,rs0469sw001.rs.caixa,rs0469sw001.rs.caixa
RS,0469-0 SAA AG. DOM PEDRITO,rs0469sw002.rs.caixa,rs0469sw002.rs.caixa
RS,0469-0 SAA AG. DOM PEDRITO,rs0469sw031.rs.caixa,rs0469sw031.rs.caixa
RS,0470-0 SAA AG. ERECHIM,rs0470ra1.rs.caixa,rs0470ra1.rs.caixa
RS,0470-0 SAA AG. ERECHIM,rs0470sw001.rs.caixa,rs0470sw001.rs.caixa
RS,0470-0 SAA AG. ERECHIM,rs0470sw002.rs.caixa,rs0470sw002.rs.caixa
RS,0470-0 SAA AG. ERECHIM,rs0470sw003.rs.caixa,rs0470sw003.rs.caixa
RS,0470-0 SAA AG. ERECHIM,rs0470sw004.rs.caixa,rs0470sw004.rs.caixa
RS,0470-0 SAA AG. ERECHIM,rs0470sw030.rs.caixa,rs0470sw030.rs.caixa
RS,0470-0 SAA AG. ERECHIM,rs0470sw031.rs.caixa,rs0470sw031.rs.caixa
RS,0470-2 SAA PAB JUSTICA DO TRABALHO ERECHIM,rs0470ra3.rs.caixa,rs0470ra3.rs.caixa
RS,0470-2 SAA PAB JUSTICA DO TRABALHO ERECHIM,rs0470sw301.rs.caixa,rs0470sw301.rs.caixa
RS,0470-6 SAA PAT JUSTICA FEDERAL ERECHIM,rs0470ra7.rs.caixa,rs0470ra7.rs.caixa
RS,0470-6 SAA PAT JUSTICA FEDERAL ERECHIM,rs0470sw201.rs.caixa,rs0470sw201.rs.caixa
RS,0471-0 SAA AG. ESTaNCIA VELHA,rs0471ra1.rs.caixa,rs0471ra1.rs.caixa
RS,0471-0 SAA AG. ESTaNCIA VELHA,rs0471sw001.rs.caixa,rs0471sw001.rs.caixa
RS,0471-0 SAA AG. ESTaNCIA VELHA,rs0471sw002.rs.caixa,rs0471sw002.rs.caixa
RS,0471-0 SAA AG. ESTaNCIA VELHA,rs0471sw030.rs.caixa,rs0471sw030.rs.caixa
RS,0471-0 SAA AG. ESTaNCIA VELHA,rs0471sw031.rs.caixa,rs0471sw031.rs.caixa
RS,0472-0 SAA AG. ESTEIO,rs0472ra1.rs.caixa,rs0472ra1.rs.caixa
RS,0472-0 SAA AG. ESTEIO,rs0472sw001.rs.caixa,rs0472sw001.rs.caixa
RS,0472-0 SAA AG. ESTEIO,rs0472sw002.rs.caixa,rs0472sw002.rs.caixa
RS,0472-0 SAA AG. ESTEIO,rs0472sw003.rs.caixa,rs0472sw003.rs.caixa
RS,0472-0 SAA AG. ESTEIO,rs0472sw031.rs.caixa,rs0472sw031.rs.caixa
RS,0473-0 SAA AG. ESTRELA,rs0473ra1.rs.caixa,rs0473ra1.rs.caixa
RS,0473-0 SAA AG. ESTRELA,rs0473sw001.rs.caixa,rs0473sw001.rs.caixa
RS,0473-0 SAA AG. ESTRELA,rs0473sw002.rs.caixa,rs0473sw002.rs.caixa
RS,0473-0 SAA AG. ESTRELA,rs0473sw031.rs.caixa,rs0473sw031.rs.caixa
RS,0474-0 SAA AG. FARROUPILHA,rs0474ra1.rs.caixa,rs0474ra1.rs.caixa
RS,0474-0 SAA AG. FARROUPILHA,rs0474sw001.rs.caixa,rs0474sw001.rs.caixa
RS,0474-0 SAA AG. FARROUPILHA,rs0474sw002.rs.caixa,rs0474sw002.rs.caixa
RS,0474-0 SAA AG. FARROUPILHA,rs0474sw003.rs.caixa,rs0474sw003.rs.caixa
RS,0474-0 SAA AG. FARROUPILHA,rs0474sw031.rs.caixa,rs0474sw031.rs.caixa
RS,0475-0 SAA AG. FREDERICO WESTPHALEN,rs0475ra1.rs.caixa,rs0475ra1.rs.caixa
RS,0475-0 SAA AG. FREDERICO WESTPHALEN,rs0475sw001.rs.caixa,rs0475sw001.rs.caixa
RS,0475-0 SAA AG. FREDERICO WESTPHALEN,rs0475sw002.rs.caixa,rs0475sw002.rs.caixa
RS,0475-0 SAA AG. FREDERICO WESTPHALEN,rs0475sw003.rs.caixa,rs0475sw003.rs.caixa
RS,0475-0 SAA AG. FREDERICO WESTPHALEN,rs0475sw031.rs.caixa,rs0475sw031.rs.caixa
RS,0476-0 SAA AG. GARIBALDI,rs0476ra1.rs.caixa,rs0476ra1.rs.caixa
RS,0476-0 SAA AG. GARIBALDI,rs0476sw001.rs.caixa,rs0476sw001.rs.caixa
RS,0476-0 SAA AG. GARIBALDI,rs0476sw002.rs.caixa,rs0476sw002.rs.caixa
RS,0476-0 SAA AG. GARIBALDI,rs0476sw031.rs.caixa,rs0476sw031.rs.caixa
RS,0477-0 SAA AG. GETULIO VARGAS,rs0477ra1.rs.caixa,rs0477ra1.rs.caixa
RS,0477-0 SAA AG. GETULIO VARGAS,rs0477sw001.rs.caixa,rs0477sw001.rs.caixa
RS,0477-0 SAA AG. GETULIO VARGAS,rs0477sw031.rs.caixa,rs0477sw031.rs.caixa
RS,0478-0 SAA AG. GRAVATAI,rs0478ra1.rs.caixa,rs0478ra1.rs.caixa
RS,0478-0 SAA AG. GRAVATAI,rs0478sw001.rs.caixa,rs0478sw001.rs.caixa
RS,0478-0 SAA AG. GRAVATAI,rs0478sw002.rs.caixa,rs0478sw002.rs.caixa
RS,0478-0 SAA AG. GRAVATAI,rs0478sw003.rs.caixa,rs0478sw003.rs.caixa
RS,0478-0 SAA AG. GRAVATAI,rs0478sw030.rs.caixa,rs0478sw030.rs.caixa
RS,0478-0 SAA AG. GRAVATAI,rs0478sw031.rs.caixa,rs0478sw031.rs.caixa
RS,0478-2 CAV PM GRAVATAI (CASM),rs0478ra3.rs.caixa,rs0478ra3.rs.caixa
RS,0478-2 CAV PM GRAVATAI (CASM),rs0478sw301.rs.caixa,rs0478sw301.rs.caixa
RS,0478-3 PAE SNC GRAVATAi,rs0478ra4.rs.caixa,rs0478ra4.rs.caixa
RS,0478-3 PAE SNC GRAVATAi,rs0478sw401.rs.caixa,rs0478sw401.rs.caixa
RS,0479-0 SAA AG. GUAiBA,rs0479ra1.rs.caixa,rs0479ra1.rs.caixa
RS,0479-0 SAA AG. GUAiBA,rs0479sw001.rs.caixa,rs0479sw001.rs.caixa
RS,0479-0 SAA AG. GUAiBA,rs0479sw002.rs.caixa,rs0479sw002.rs.caixa
RS,0479-0 SAA AG. GUAiBA,rs0479sw003.rs.caixa,rs0479sw003.rs.caixa
RS,0479-0 SAA AG. GUAiBA,rs0479sw030.rs.caixa,rs0479sw030.rs.caixa
RS,0479-0 SAA AG. GUAiBA,rs0479sw031.rs.caixa,rs0479sw031.rs.caixa
RS,0480-0 SAA AG. GIRUA,rs0480ra1.rs.caixa,rs0480ra1.rs.caixa
RS,0480-0 SAA AG. GIRUA,rs0480sw001.rs.caixa,rs0480sw001.rs.caixa
RS,0480-0 SAA AG. GIRUA,rs0480sw031.rs.caixa,rs0480sw031.rs.caixa
RS,0481-0 SAA AG. HORIZONTINA,rs0481ra1.rs.caixa,rs0481ra1.rs.caixa
RS,0481-0 SAA AG. HORIZONTINA,rs0481sw001.rs.caixa,rs0481sw001.rs.caixa
RS,0481-0 SAA AG. HORIZONTINA,rs0481sw031.rs.caixa,rs0481sw031.rs.caixa
RS,0482-0 SAA AG. IBIRUBA,rs0482ra1.rs.caixa,rs0482ra1.rs.caixa
RS,0482-0 SAA AG. IBIRUBA,rs0482sw001.rs.caixa,rs0482sw001.rs.caixa
RS,0482-0 SAA AG. IBIRUBA,rs0482sw031.rs.caixa,rs0482sw031.rs.caixa
RS,0483-0 SAA AG. IJUi,rs0483ra1.rs.caixa,rs0483ra1.rs.caixa
RS,0483-0 SAA AG. IJUi,rs0483sw001.rs.caixa,rs0483sw001.rs.caixa
RS,0483-0 SAA AG. IJUi,rs0483sw002.rs.caixa,rs0483sw002.rs.caixa
RS,0483-0 SAA AG. IJUi,rs0483sw003.rs.caixa,rs0483sw003.rs.caixa
RS,0483-0 SAA AG. IJUi,rs0483sw030.rs.caixa,rs0483sw030.rs.caixa
RS,0483-0 SAA AG. IJUi,rs0483sw031.rs.caixa,rs0483sw031.rs.caixa
RS,0484-0 SAA AG. ITAQUI,rs0484ra1.rs.caixa,rs0484ra1.rs.caixa
RS,0484-0 SAA AG. ITAQUI,rs0484sw001.rs.caixa,rs0484sw001.rs.caixa
RS,0484-0 SAA AG. ITAQUI,rs0484sw031.rs.caixa,rs0484sw031.rs.caixa
RS,0485-0 SAA AG. JAGUARAO,rs0485ra1.rs.caixa,rs0485ra1.rs.caixa
RS,0485-0 SAA AG. JAGUARAO,rs0485sw001.rs.caixa,rs0485sw001.rs.caixa
RS,0485-0 SAA AG. JAGUARAO,rs0485sw002.rs.caixa,rs0485sw002.rs.caixa
RS,0485-0 SAA AG. JAGUARAO,rs0485sw031.rs.caixa,rs0485sw031.rs.caixa
RS,0486-0 SAA AG. JAGUARI,rs0486ra1.rs.caixa,rs0486ra1.rs.caixa
RS,0486-0 SAA AG. JAGUARI,rs0486sw001.rs.caixa,rs0486sw001.rs.caixa
RS,0486-0 SAA AG. JAGUARI,rs0486sw031.rs.caixa,rs0486sw031.rs.caixa
RS,0487-0 SAA AG. JULIO DE CASTILHOS,rs0487ra1.rs.caixa,rs0487ra1.rs.caixa
RS,0487-0 SAA AG. JULIO DE CASTILHOS,rs0487sw001.rs.caixa,rs0487sw001.rs.caixa
RS,0487-0 SAA AG. JULIO DE CASTILHOS,rs0487sw031.rs.caixa,rs0487sw031.rs.caixa
RS,0488-0 SAA AG. LAGOA VERMELHA,rs0488ra1.rs.caixa,rs0488ra1.rs.caixa
RS,0488-0 SAA AG. LAGOA VERMELHA,rs0488sw001.rs.caixa,rs0488sw001.rs.caixa
RS,0488-0 SAA AG. LAGOA VERMELHA,rs0488sw002.rs.caixa,rs0488sw002.rs.caixa
RS,0488-0 SAA AG. LAGOA VERMELHA,rs0488sw031.rs.caixa,rs0488sw031.rs.caixa
RS,0489-0 SAA AG. LAJEADO,rs0489ra1.rs.caixa,rs0489ra1.rs.caixa
RS,0489-0 SAA AG. LAJEADO,rs0489sw001.rs.caixa,rs0489sw001.rs.caixa
RS,0489-0 SAA AG. LAJEADO,rs0489sw002.rs.caixa,rs0489sw002.rs.caixa
RS,0489-0 SAA AG. LAJEADO,rs0489sw003.rs.caixa,rs0489sw003.rs.caixa
RS,0489-0 SAA AG. LAJEADO,rs0489sw004.rs.caixa,rs0489sw004.rs.caixa
RS,0489-0 SAA AG. LAJEADO,rs0489sw005.rs.caixa,rs0489sw005.rs.caixa
RS,0489-0 SAA AG. LAJEADO,rs0489sw030.rs.caixa,rs0489sw030.rs.caixa
RS,0489-0 SAA AG. LAJEADO,rs0489sw031.rs.caixa,rs0489sw031.rs.caixa
RS,0490-0 SAA AG. NOVO HAMBURGO,rs0490ra1.rs.caixa,rs0490ra1.rs.caixa
RS,0490-0 SAA AG. NOVO HAMBURGO,rs0490sw001.rs.caixa,rs0490sw001.rs.caixa
RS,0490-0 SAA AG. NOVO HAMBURGO,rs0490sw002.rs.caixa,rs0490sw002.rs.caixa
RS,0490-0 SAA AG. NOVO HAMBURGO,rs0490sw003.rs.caixa,rs0490sw003.rs.caixa
RS,0490-0 SAA AG. NOVO HAMBURGO,rs0490sw004.rs.caixa,rs0490sw004.rs.caixa
RS,0490-0 SAA AG. NOVO HAMBURGO,rs0490sw005.rs.caixa,rs0490sw005.rs.caixa
RS,0490-0 SAA AG. NOVO HAMBURGO,rs0490sw030.rs.caixa,rs0490sw030.rs.caixa
RS,0490-0 SAA AG. NOVO HAMBURGO,rs0490sw031.rs.caixa,rs0490sw031.rs.caixa
RS,0491-0 SAA AG. OSoRIO,rs0491ra1.rs.caixa,rs0491ra1.rs.caixa
RS,0491-0 SAA AG. OSoRIO,rs0491sw001.rs.caixa,rs0491sw001.rs.caixa
RS,0491-0 SAA AG. OSoRIO,rs0491sw030.rs.caixa,rs0491sw030.rs.caixa
RS,0491-0 SAA AG. OSoRIO,rs0491sw031.rs.caixa,rs0491sw031.rs.caixa
RS,0492-0 SAA AG. PALMEIRA DAS MISSoES,rs0492ra1.rs.caixa,rs0492ra1.rs.caixa
RS,0492-0 SAA AG. PALMEIRA DAS MISSoES,rs0492sw001.rs.caixa,rs0492sw001.rs.caixa
RS,0492-0 SAA AG. PALMEIRA DAS MISSoES,rs0492sw002.rs.caixa,rs0492sw002.rs.caixa
RS,0492-0 SAA AG. PALMEIRA DAS MISSoES,rs0492sw031.rs.caixa,rs0492sw031.rs.caixa
RS,0493-0 SAA AG. PANAMBI,rs0493ra1.rs.caixa,rs0493ra1.rs.caixa
RS,0493-0 SAA AG. PANAMBI,rs0493sw001.rs.caixa,rs0493sw001.rs.caixa
RS,0493-0 SAA AG. PANAMBI,rs0493sw002.rs.caixa,rs0493sw002.rs.caixa
RS,0493-0 SAA AG. PANAMBI,rs0493sw031.rs.caixa,rs0493sw031.rs.caixa
RS,0494-0 SAA AG. PASSO FUNDO,rs0494ra1.rs.caixa,rs0494ra1.rs.caixa
RS,0494-0 SAA AG. PASSO FUNDO,rs0494sw001.rs.caixa,rs0494sw001.rs.caixa
RS,0494-0 SAA AG. PASSO FUNDO,rs0494sw002.rs.caixa,rs0494sw002.rs.caixa
RS,0494-0 SAA AG. PASSO FUNDO,rs0494sw003.rs.caixa,rs0494sw003.rs.caixa
RS,0494-0 SAA AG. PASSO FUNDO,rs0494sw004.rs.caixa,rs0494sw004.rs.caixa
RS,0494-0 SAA AG. PASSO FUNDO,rs0494sw005.rs.caixa,rs0494sw005.rs.caixa
RS,0494-0 SAA AG. PASSO FUNDO,rs0494sw006.rs.caixa,rs0494sw006.rs.caixa
RS,0494-0 SAA AG. PASSO FUNDO,rs0494sw030.rs.caixa,rs0494sw030.rs.caixa
RS,0494-0 SAA AG. PASSO FUNDO,rs0494sw031.rs.caixa,rs0494sw031.rs.caixa
RS,0494-1 SAA PAB PM PASSO FUNDO,rs0494ra2.rs.caixa,rs0494ra2.rs.caixa
RS,0494-1 SAA PAB PM PASSO FUNDO,rs0494sw201.rs.caixa,rs0494sw201.rs.caixa
RS,0495-0 SAA AG. PELOTAS,rs0495ra1.rs.caixa,rs0495ra1.rs.caixa
RS,0495-0 SAA AG. PELOTAS,rs0495sw001.rs.caixa,rs0495sw001.rs.caixa
RS,0495-0 SAA AG. PELOTAS,rs0495sw002.rs.caixa,rs0495sw002.rs.caixa
RS,0495-0 SAA AG. PELOTAS,rs0495sw003.rs.caixa,rs0495sw003.rs.caixa
RS,0495-0 SAA AG. PELOTAS,rs0495sw004.rs.caixa,rs0495sw004.rs.caixa
RS,0495-0 SAA AG. PELOTAS,rs0495sw005.rs.caixa,rs0495sw005.rs.caixa
RS,0495-0 SAA AG. PELOTAS,rs0495sw006.rs.caixa,rs0495sw006.rs.caixa
RS,0495-0 SAA AG. PELOTAS,rs0495sw007.rs.caixa,rs0495sw007.rs.caixa
RS,0495-0 SAA AG. PELOTAS,rs0495sw030.rs.caixa,rs0495sw030.rs.caixa
RS,0495-0 SAA AG. PELOTAS,rs0495sw031.rs.caixa,rs0495sw031.rs.caixa
RS,0496-0 SAA AG. QUARAi,rs0496ra1.rs.caixa,rs0496ra1.rs.caixa
RS,0496-0 SAA AG. QUARAi,rs0496sw001.rs.caixa,rs0496sw001.rs.caixa
RS,0496-0 SAA AG. QUARAi,rs0496sw031.rs.caixa,rs0496sw031.rs.caixa
RS,0497-0 SAA AG. RIO GRANDE,rs0497ra1.rs.caixa,rs0497ra1.rs.caixa
RS,0497-0 SAA AG. RIO GRANDE,rs0497sw001.rs.caixa,rs0497sw001.rs.caixa
RS,0497-0 SAA AG. RIO GRANDE,rs0497sw002.rs.caixa,rs0497sw002.rs.caixa
RS,0497-0 SAA AG. RIO GRANDE,rs0497sw003.rs.caixa,rs0497sw003.rs.caixa
RS,0497-0 SAA AG. RIO GRANDE,rs0497sw004.rs.caixa,rs0497sw004.rs.caixa
RS,0497-0 SAA AG. RIO GRANDE,rs0497sw030.rs.caixa,rs0497sw030.rs.caixa
RS,0497-0 SAA AG. RIO GRANDE,rs0497sw031.rs.caixa,rs0497sw031.rs.caixa
RS,0497-1 PAE SNC RIO GRANDE,rs0497ra2.rs.caixa,rs0497ra2.rs.caixa
RS,0497-1 PAE SNC RIO GRANDE,rs0497sw201.rs.caixa,rs0497sw201.rs.caixa
RS,0498-0 SAA AG. RIO PARDO,rs0498ra1.rs.caixa,rs0498ra1.rs.caixa
RS,0498-0 SAA AG. RIO PARDO,rs0498sw001.rs.caixa,rs0498sw001.rs.caixa
RS,0498-0 SAA AG. RIO PARDO,rs0498sw031.rs.caixa,rs0498sw031.rs.caixa
RS,0499-0 SAA AG. ROSaRIO DO SUL,rs0499ra1.rs.caixa,rs0499ra1.rs.caixa
RS,0499-0 SAA AG. ROSaRIO DO SUL,rs0499sw001.rs.caixa,rs0499sw001.rs.caixa
RS,0499-0 SAA AG. ROSaRIO DO SUL,rs0499sw031.rs.caixa,rs0499sw031.rs.caixa
RS,0500-0 SAA AG. SANTA CRUZ DO SUL,rs0500ra1.rs.caixa,rs0500ra1.rs.caixa
RS,0500-0 SAA AG. SANTA CRUZ DO SUL,rs0500sw001.rs.caixa,rs0500sw001.rs.caixa
RS,0500-0 SAA AG. SANTA CRUZ DO SUL,rs0500sw002.rs.caixa,rs0500sw002.rs.caixa
RS,0500-0 SAA AG. SANTA CRUZ DO SUL,rs0500sw003.rs.caixa,rs0500sw003.rs.caixa
RS,0500-0 SAA AG. SANTA CRUZ DO SUL,rs0500sw004.rs.caixa,rs0500sw004.rs.caixa
RS,0500-0 SAA AG. SANTA CRUZ DO SUL,rs0500sw005.rs.caixa,rs0500sw005.rs.caixa
RS,0500-0 SAA AG. SANTA CRUZ DO SUL,rs0500sw006.rs.caixa,rs0500sw006.rs.caixa
RS,0500-0 SAA AG. SANTA CRUZ DO SUL,rs0500sw030.rs.caixa,rs0500sw030.rs.caixa
RS,0500-0 SAA AG. SANTA CRUZ DO SUL,rs0500sw031.rs.caixa,rs0500sw031.rs.caixa
RS,0500-1 SAA PAB JUSTICA DO TRABALHO SANTA CRUZ SUL,rs0500ra2.rs.caixa,rs0500ra2.rs.caixa
RS,0500-1 SAA PAB JUSTICA DO TRABALHO SANTA CRUZ SUL,rs0500sw201.rs.caixa,rs0500sw201.rs.caixa
RS,0500-4 PAE SNC QUIOSQUE UNISC,rs0500ra5.rs.caixa,rs0500ra5.rs.caixa
RS,0500-4 PAE SNC QUIOSQUE UNISC,rs0500sw501.rs.caixa,rs0500sw501.rs.caixa
RS,0501-0 SAA AG. SANTA MARIA,rs0501ra1.rs.caixa,rs0501ra1.rs.caixa
RS,0501-0 SAA AG. SANTA MARIA,rs0501sw001.rs.caixa,rs0501sw001.rs.caixa
RS,0501-0 SAA AG. SANTA MARIA,rs0501sw002.rs.caixa,rs0501sw002.rs.caixa
RS,0501-0 SAA AG. SANTA MARIA,rs0501sw003.rs.caixa,rs0501sw003.rs.caixa
RS,0501-0 SAA AG. SANTA MARIA,rs0501sw004.rs.caixa,rs0501sw004.rs.caixa
RS,0501-0 SAA AG. SANTA MARIA,rs0501sw005.rs.caixa,rs0501sw005.rs.caixa
RS,0501-0 SAA AG. SANTA MARIA,rs0501sw006.rs.caixa,rs0501sw006.rs.caixa
RS,0501-0 SAA AG. SANTA MARIA,rs0501sw007.rs.caixa,rs0501sw007.rs.caixa
RS,0501-0 SAA AG. SANTA MARIA,rs0501sw008.rs.caixa,rs0501sw008.rs.caixa
RS,0501-0 SAA AG. SANTA MARIA,rs0501sw009.rs.caixa,rs0501sw009.rs.caixa
RS,0501-0 SAA AG. SANTA MARIA,rs0501sw010.rs.caixa,rs0501sw010.rs.caixa
RS,0501-0 SAA AG. SANTA MARIA,rs0501sw030.rs.caixa,rs0501sw030.rs.caixa
RS,0501-0 SAA AG. SANTA MARIA,rs0501sw031.rs.caixa,rs0501sw031.rs.caixa
RS,0501-1 SAA CAV JUSTICA DO TRABALHO SANTA MARIA,rs0501ra2.rs.caixa,rs0501ra2.rs.caixa
RS,0501-1 SAA CAV JUSTICA DO TRABALHO SANTA MARIA,rs0501sw201.rs.caixa,rs0501sw201.rs.caixa
RS,0502-0 SAA AG. SANTA ROSA,rs0502ra1.rs.caixa,rs0502ra1.rs.caixa
RS,0502-0 SAA AG. SANTA ROSA,rs0502sw001.rs.caixa,rs0502sw001.rs.caixa
RS,0502-0 SAA AG. SANTA ROSA,rs0502sw002.rs.caixa,rs0502sw002.rs.caixa
RS,0502-0 SAA AG. SANTA ROSA,rs0502sw030.rs.caixa,rs0502sw030.rs.caixa
RS,0502-0 SAA AG. SANTA ROSA,rs0502sw031.rs.caixa,rs0502sw031.rs.caixa
RS,0502-1 SAA CAV JUSTICA DO TRABALHO SANTA ROSA,rs0502ra2.rs.caixa,rs0502ra2.rs.caixa
RS,0502-1 SAA CAV JUSTICA DO TRABALHO SANTA ROSA,rs0502sw201.rs.caixa,rs0502sw201.rs.caixa
RS,0502-2 SAA PAB JUSTICA FEDERAL SANTA ROSA,rs0502ra3.rs.caixa,rs0502ra3.rs.caixa
RS,0502-2 SAA PAB JUSTICA FEDERAL SANTA ROSA,rs0502sw301.rs.caixa,rs0502sw301.rs.caixa
RS,0503-0 SAA AG. SANTIAGO,rs0503ra1.rs.caixa,rs0503ra1.rs.caixa
RS,0503-0 SAA AG. SANTIAGO,rs0503sw001.rs.caixa,rs0503sw001.rs.caixa
RS,0503-0 SAA AG. SANTIAGO,rs0503sw002.rs.caixa,rs0503sw002.rs.caixa
RS,0503-0 SAA AG. SANTIAGO,rs0503sw003.rs.caixa,rs0503sw003.rs.caixa
RS,0503-0 SAA AG. SANTIAGO,rs0503sw031.rs.caixa,rs0503sw031.rs.caixa
RS,0504-0 SAA AG. SANTO ANGELO,rs0504ra1.rs.caixa,rs0504ra1.rs.caixa
RS,0504-0 SAA AG. SANTO ANGELO,rs0504sw001.rs.caixa,rs0504sw001.rs.caixa
RS,0504-0 SAA AG. SANTO ANGELO,rs0504sw002.rs.caixa,rs0504sw002.rs.caixa
RS,0504-0 SAA AG. SANTO ANGELO,rs0504sw003.rs.caixa,rs0504sw003.rs.caixa
RS,0504-0 SAA AG. SANTO ANGELO,rs0504sw004.rs.caixa,rs0504sw004.rs.caixa
RS,0504-0 SAA AG. SANTO ANGELO,rs0504sw030.rs.caixa,rs0504sw030.rs.caixa
RS,0504-0 SAA AG. SANTO ANGELO,rs0504sw031.rs.caixa,rs0504sw031.rs.caixa
RS,0505-0 SAA AG. LIVRAMENTO,rs0505ra1.rs.caixa,rs0505ra1.rs.caixa
RS,0505-0 SAA AG. LIVRAMENTO,rs0505sw001.rs.caixa,rs0505sw001.rs.caixa
RS,0505-0 SAA AG. LIVRAMENTO,rs0505sw002.rs.caixa,rs0505sw002.rs.caixa
RS,0505-0 SAA AG. LIVRAMENTO,rs0505sw031.rs.caixa,rs0505sw031.rs.caixa
RS,0506-0 SAA AG. SAO BORJA,rs0506ra1.rs.caixa,rs0506ra1.rs.caixa
RS,0506-0 SAA AG. SAO BORJA,rs0506sw001.rs.caixa,rs0506sw001.rs.caixa
RS,0506-0 SAA AG. SAO BORJA,rs0506sw002.rs.caixa,rs0506sw002.rs.caixa
RS,0506-0 SAA AG. SAO BORJA,rs0506sw003.rs.caixa,rs0506sw003.rs.caixa
RS,0506-0 SAA AG. SAO BORJA,rs0506sw031.rs.caixa,rs0506sw031.rs.caixa
RS,0507-0 SAA AG. SAO FRANCISCO DE PAULA,rs0507ra1.rs.caixa,rs0507ra1.rs.caixa
RS,0507-0 SAA AG. SAO FRANCISCO DE PAULA,rs0507sw001.rs.caixa,rs0507sw001.rs.caixa
RS,0507-0 SAA AG. SAO FRANCISCO DE PAULA,rs0507sw031.rs.caixa,rs0507sw031.rs.caixa
RS,0508-0 SAA AG. SAO GABRIEL,rs0508ra1.rs.caixa,rs0508ra1.rs.caixa
RS,0508-0 SAA AG. SAO GABRIEL,rs0508sw001.rs.caixa,rs0508sw001.rs.caixa
RS,0508-0 SAA AG. SAO GABRIEL,rs0508sw002.rs.caixa,rs0508sw002.rs.caixa
RS,0508-0 SAA AG. SAO GABRIEL,rs0508sw031.rs.caixa,rs0508sw031.rs.caixa
RS,0509-0 SAA AG. SAO JERONIMO,rs0509ra1.rs.caixa,rs0509ra1.rs.caixa
RS,0509-0 SAA AG. SAO JERONIMO,rs0509sw001.rs.caixa,rs0509sw001.rs.caixa
RS,0509-0 SAA AG. SAO JERONIMO,rs0509sw002.rs.caixa,rs0509sw002.rs.caixa
RS,0509-0 SAA AG. SAO JERONIMO,rs0509sw031.rs.caixa,rs0509sw031.rs.caixa
RS,0511-0 SAA AG. SAO LEOPOLDO,rs0511ra1.rs.caixa,rs0511ra1.rs.caixa
RS,0511-0 SAA AG. SAO LEOPOLDO,rs0511sw001.rs.caixa,rs0511sw001.rs.caixa
RS,0511-0 SAA AG. SAO LEOPOLDO,rs0511sw002.rs.caixa,rs0511sw002.rs.caixa
RS,0511-0 SAA AG. SAO LEOPOLDO,rs0511sw003.rs.caixa,rs0511sw003.rs.caixa
RS,0511-0 SAA AG. SAO LEOPOLDO,rs0511sw004.rs.caixa,rs0511sw004.rs.caixa
RS,0511-0 SAA AG. SAO LEOPOLDO,rs0511sw030.rs.caixa,rs0511sw030.rs.caixa
RS,0511-0 SAA AG. SAO LEOPOLDO,rs0511sw031.rs.caixa,rs0511sw031.rs.caixa
RS,0512-0 SAA AG. SAO LOURENCO SUL,rs0512ra1.rs.caixa,rs0512ra1.rs.caixa
RS,0512-0 SAA AG. SAO LOURENCO SUL,rs0512sw001.rs.caixa,rs0512sw001.rs.caixa
RS,0512-0 SAA AG. SAO LOURENCO SUL,rs0512sw002.rs.caixa,rs0512sw002.rs.caixa
RS,0512-0 SAA AG. SAO LOURENCO SUL,rs0512sw031.rs.caixa,rs0512sw031.rs.caixa
RS,0513-0 SAA AG. SAO LUIZ GONZAGA,rs0513ra1.rs.caixa,rs0513ra1.rs.caixa
RS,0513-0 SAA AG. SAO LUIZ GONZAGA,rs0513sw001.rs.caixa,rs0513sw001.rs.caixa
RS,0513-0 SAA AG. SAO LUIZ GONZAGA,rs0513sw031.rs.caixa,rs0513sw031.rs.caixa
RS,0514-0 SAA AG. SAPIRANGA,rs0514ra1.rs.caixa,rs0514ra1.rs.caixa
RS,0514-0 SAA AG. SAPIRANGA,rs0514sw001.rs.caixa,rs0514sw001.rs.caixa
RS,0514-0 SAA AG. SAPIRANGA,rs0514sw002.rs.caixa,rs0514sw002.rs.caixa
RS,0514-0 SAA AG. SAPIRANGA,rs0514sw003.rs.caixa,rs0514sw003.rs.caixa
RS,0514-0 SAA AG. SAPIRANGA,rs0514sw031.rs.caixa,rs0514sw031.rs.caixa
RS,0515-0 SAA AG. SARANDI,rs0515ra1.rs.caixa,rs0515ra1.rs.caixa
RS,0515-0 SAA AG. SARANDI,rs0515sw001.rs.caixa,rs0515sw001.rs.caixa
RS,0515-0 SAA AG. SARANDI,rs0515sw002.rs.caixa,rs0515sw002.rs.caixa
RS,0515-0 SAA AG. SARANDI,rs0515sw031.rs.caixa,rs0515sw031.rs.caixa
RS,0516-0 SAA AG. SOLEDADE,rs0516ra1.rs.caixa,rs0516ra1.rs.caixa
RS,0516-0 SAA AG. SOLEDADE,rs0516sw001.rs.caixa,rs0516sw001.rs.caixa
RS,0516-0 SAA AG. SOLEDADE,rs0516sw031.rs.caixa,rs0516sw031.rs.caixa
RS,0517-0 SAA AG. TAPES,rs0517ra1.rs.caixa,rs0517ra1.rs.caixa
RS,0517-0 SAA AG. TAPES,rs0517sw001.rs.caixa,rs0517sw001.rs.caixa
RS,0517-0 SAA AG. TAPES,rs0517sw031.rs.caixa,rs0517sw031.rs.caixa
RS,0518-0 SAA AG. TAQUARA,rs0518ra1.rs.caixa,rs0518ra1.rs.caixa
RS,0518-0 SAA AG. TAQUARA,rs0518sw001.rs.caixa,rs0518sw001.rs.caixa
RS,0518-0 SAA AG. TAQUARA,rs0518sw002.rs.caixa,rs0518sw002.rs.caixa
RS,0518-0 SAA AG. TAQUARA,rs0518sw030.rs.caixa,rs0518sw030.rs.caixa
RS,0518-0 SAA AG. TAQUARA,rs0518sw031.rs.caixa,rs0518sw031.rs.caixa
RS,0519-0 SAA AG. TAQUARI,rs0519ra1.rs.caixa,rs0519ra1.rs.caixa
RS,0519-0 SAA AG. TAQUARI,rs0519sw001.rs.caixa,rs0519sw001.rs.caixa
RS,0519-0 SAA AG. TAQUARI,rs0519sw031.rs.caixa,rs0519sw031.rs.caixa
RS,0520-0 SAA AG. TReS PASSOS,rs0520ra1.rs.caixa,rs0520ra1.rs.caixa
RS,0520-0 SAA AG. TReS PASSOS,rs0520sw001.rs.caixa,rs0520sw001.rs.caixa
RS,0520-0 SAA AG. TReS PASSOS,rs0520sw002.rs.caixa,rs0520sw002.rs.caixa
RS,0520-0 SAA AG. TReS PASSOS,rs0520sw031.rs.caixa,rs0520sw031.rs.caixa
RS,0521-0 SAA AG. TReS DE MAIO,rs0521ra1.rs.caixa,rs0521ra1.rs.caixa
RS,0521-0 SAA AG. TReS DE MAIO,rs0521sw001.rs.caixa,rs0521sw001.rs.caixa
RS,0521-0 SAA AG. TReS DE MAIO,rs0521sw002.rs.caixa,rs0521sw002.rs.caixa
RS,0521-0 SAA AG. TReS DE MAIO,rs0521sw031.rs.caixa,rs0521sw031.rs.caixa
RS,0522-0 SAA AG. TRAMANDAI,rs0522ra1.rs.caixa,rs0522ra1.rs.caixa
RS,0522-0 SAA AG. TRAMANDAI,rs0522sw001.rs.caixa,rs0522sw001.rs.caixa
RS,0522-0 SAA AG. TRAMANDAI,rs0522sw002.rs.caixa,rs0522sw002.rs.caixa
RS,0522-0 SAA AG. TRAMANDAI,rs0522sw031.rs.caixa,rs0522sw031.rs.caixa
RS,0522-1 PAE SNC TRAMANDAI,rs0522ra2.rs.caixa,rs0522ra2.rs.caixa
RS,0522-1 PAE SNC TRAMANDAI,rs0522sw201.rs.caixa,rs0522sw201.rs.caixa
RS,0524-0 SAA AG. TORRES,rs0524ra1.rs.caixa,rs0524ra1.rs.caixa
RS,0524-0 SAA AG. TORRES,rs0524sw001.rs.caixa,rs0524sw001.rs.caixa
RS,0524-0 SAA AG. TORRES,rs0524sw002.rs.caixa,rs0524sw002.rs.caixa
RS,0524-0 SAA AG. TORRES,rs0524sw031.rs.caixa,rs0524sw031.rs.caixa
RS,0525-0 SAA AG. TUPANCIRETA,rs0525ra1.rs.caixa,rs0525ra1.rs.caixa
RS,0525-0 SAA AG. TUPANCIRETA,rs0525sw001.rs.caixa,rs0525sw001.rs.caixa
RS,0525-0 SAA AG. TUPANCIRETA,rs0525sw031.rs.caixa,rs0525sw031.rs.caixa
RS,0526-0 SAA AG. URUGUAIANA,rs0526ra1.rs.caixa,rs0526ra1.rs.caixa
RS,0526-0 SAA AG. URUGUAIANA,rs0526sw001.rs.caixa,rs0526sw001.rs.caixa
RS,0526-0 SAA AG. URUGUAIANA,rs0526sw002.rs.caixa,rs0526sw002.rs.caixa
RS,0526-0 SAA AG. URUGUAIANA,rs0526sw003.rs.caixa,rs0526sw003.rs.caixa
RS,0526-0 SAA AG. URUGUAIANA,rs0526sw004.rs.caixa,rs0526sw004.rs.caixa
RS,0526-0 SAA AG. URUGUAIANA,rs0526sw005.rs.caixa,rs0526sw005.rs.caixa
RS,0526-0 SAA AG. URUGUAIANA,rs0526sw031.rs.caixa,rs0526sw031.rs.caixa
RS,0526-1 SAA PAB JUSTICA DO TRABALHO URUGUAIANA,rs0526ra2.rs.caixa,rs0526ra2.rs.caixa
RS,0526-1 SAA PAB JUSTICA DO TRABALHO URUGUAIANA,rs0526sw201.rs.caixa,rs0526sw201.rs.caixa
RS,0526-4 PA PM URUGUAIANA,rs0526ra5.rs.caixa,rs0526ra5.rs.caixa
RS,0526-4 PA PM URUGUAIANA,rs0526sw301.rs.caixa,rs0526sw301.rs.caixa
RS,0527-0 SAA AG. VACARIA,rs0527ra1.rs.caixa,rs0527ra1.rs.caixa
RS,0527-0 SAA AG. VACARIA,rs0527sw001.rs.caixa,rs0527sw001.rs.caixa
RS,0527-0 SAA AG. VACARIA,rs0527sw002.rs.caixa,rs0527sw002.rs.caixa
RS,0527-0 SAA AG. VACARIA,rs0527sw003.rs.caixa,rs0527sw003.rs.caixa
RS,0527-0 SAA AG. VACARIA,rs0527sw031.rs.caixa,rs0527sw031.rs.caixa
RS,0527-1 SAA PAT PM VACARIA,rs0527ra2.rs.caixa,rs0527ra2.rs.caixa
RS,0527-1 SAA PAT PM VACARIA,rs0527sw201.rs.caixa,rs0527sw201.rs.caixa
RS,0528-0 SAA AG. VERANoPOLIS,rs0528ra1.rs.caixa,rs0528ra1.rs.caixa
RS,0528-0 SAA AG. VERANoPOLIS,rs0528sw001.rs.caixa,rs0528sw001.rs.caixa
RS,0528-0 SAA AG. VERANoPOLIS,rs0528sw031.rs.caixa,rs0528sw031.rs.caixa
RS,0529-0 SAA AG. VENaNCIO AIRES,rs0529ra1.rs.caixa,rs0529ra1.rs.caixa
RS,0529-0 SAA AG. VENaNCIO AIRES,rs0529sw001.rs.caixa,rs0529sw001.rs.caixa
RS,0529-0 SAA AG. VENaNCIO AIRES,rs0529sw002.rs.caixa,rs0529sw002.rs.caixa
RS,0529-0 SAA AG. VENaNCIO AIRES,rs0529sw031.rs.caixa,rs0529sw031.rs.caixa
RS,0530-0 SAA AG. MONTENEGRO,rs0530ra1.rs.caixa,rs0530ra1.rs.caixa
RS,0530-0 SAA AG. MONTENEGRO,rs0530sw001.rs.caixa,rs0530sw001.rs.caixa
RS,0530-0 SAA AG. MONTENEGRO,rs0530sw002.rs.caixa,rs0530sw002.rs.caixa
RS,0530-0 SAA AG. MONTENEGRO,rs0530sw030.rs.caixa,rs0530sw030.rs.caixa
RS,0530-0 SAA AG. MONTENEGRO,rs0530sw031.rs.caixa,rs0530sw031.rs.caixa
RS,0531-0 SAA AG. CIDADE NOVA,rs0531ra1.rs.caixa,rs0531ra1.rs.caixa
RS,0531-0 SAA AG. CIDADE NOVA,rs0531sw001.rs.caixa,rs0531sw001.rs.caixa
RS,0531-0 SAA AG. CIDADE NOVA,rs0531sw002.rs.caixa,rs0531sw002.rs.caixa
RS,0531-0 SAA AG. CIDADE NOVA,rs0531sw031.rs.caixa,rs0531sw031.rs.caixa
RS,0532-0 SAA AG. CAMOBI,rs0532ra1.rs.caixa,rs0532ra1.rs.caixa
RS,0532-0 SAA AG. CAMOBI,rs0532sw001.rs.caixa,rs0532sw001.rs.caixa
RS,0532-0 SAA AG. CAMOBI,rs0532sw002.rs.caixa,rs0532sw002.rs.caixa
RS,0532-0 SAA AG. CAMOBI,rs0532sw031.rs.caixa,rs0532sw031.rs.caixa
RS,0567-0 SAA AG. ENCANTADO,rs0567ra1.rs.caixa,rs0567ra1.rs.caixa
RS,0567-0 SAA AG. ENCANTADO,rs0567sw001.rs.caixa,rs0567sw001.rs.caixa
RS,0567-0 SAA AG. ENCANTADO,rs0567sw002.rs.caixa,rs0567sw002.rs.caixa
RS,0567-0 SAA AG. ENCANTADO,rs0567sw003.rs.caixa,rs0567sw003.rs.caixa
RS,0567-0 SAA AG. ENCANTADO,rs0567sw031.rs.caixa,rs0567sw031.rs.caixa
RS,0593-0 SAA AG. NOVA PRATA,rs0593ra1.rs.caixa,rs0593ra1.rs.caixa
RS,0593-0 SAA AG. NOVA PRATA,rs0593sw001.rs.caixa,rs0593sw001.rs.caixa
RS,0593-0 SAA AG. NOVA PRATA,rs0593sw002.rs.caixa,rs0593sw002.rs.caixa
RS,0593-0 SAA AG. NOVA PRATA,rs0593sw031.rs.caixa,rs0593sw031.rs.caixa
RS,0594-0 SAA AG. NAO ME TOQUE,rs0594ra1.rs.caixa,rs0594ra1.rs.caixa
RS,0594-0 SAA AG. NAO ME TOQUE,rs0594sw001.rs.caixa,rs0594sw001.rs.caixa
RS,0594-0 SAA AG. NAO ME TOQUE,rs0594sw031.rs.caixa,rs0594sw031.rs.caixa
RS,0604-0 SAA AG. CACAPAVA DO SUL,rs0604ra1.rs.caixa,rs0604ra1.rs.caixa
RS,0604-0 SAA AG. CACAPAVA DO SUL,rs0604sw001.rs.caixa,rs0604sw001.rs.caixa
RS,0604-0 SAA AG. CACAPAVA DO SUL,rs0604sw031.rs.caixa,rs0604sw031.rs.caixa
RS,0623-0 SAA AG. PRAIA DE BELAS,rs0623ra1.rs.caixa,rs0623ra1.rs.caixa
RS,0623-0 SAA AG. PRAIA DE BELAS,rs0623sw001.rs.caixa,rs0623sw001.rs.caixa
RS,0623-0 SAA AG. PRAIA DE BELAS,rs0623sw031.rs.caixa,rs0623sw031.rs.caixa
RS,0652-0 SAA PAB JUSTICA FEDERAL PORTO ALEGRE,rs0652ra1.rs.caixa,rs0652ra1.rs.caixa
RS,0652-0 SAA PAB JUSTICA FEDERAL PORTO ALEGRE,rs0652sw001.rs.caixa,rs0652sw001.rs.caixa
RS,0652-0 SAA PAB JUSTICA FEDERAL PORTO ALEGRE,rs0652sw002.rs.caixa,rs0652sw002.rs.caixa
RS,0652-0 SAA PAB JUSTICA FEDERAL PORTO ALEGRE,rs0652sw031.rs.caixa,rs0652sw031.rs.caixa
RS,0652-0 SAA PAB JUSTICA FEDERAL PORTO ALEGRE,rs0652sw201.rs.caixa,rs0652sw201.rs.caixa
RS,0692-0 SAA AG. CANELA,rs0692ra1.rs.caixa,rs0692ra1.rs.caixa
RS,0692-0 SAA AG. CANELA,rs0692sw001.rs.caixa,rs0692sw001.rs.caixa
RS,0692-0 SAA AG. CANELA,rs0692sw002.rs.caixa,rs0692sw002.rs.caixa
RS,0692-0 SAA AG. CANELA,rs0692sw031.rs.caixa,rs0692sw031.rs.caixa
RS,0693-0 SAA AG. SANTA VIToRIA PALMAR,rs0693ra1.rs.caixa,rs0693ra1.rs.caixa
RS,0693-0 SAA AG. SANTA VIToRIA PALMAR,rs0693sw001.rs.caixa,rs0693sw001.rs.caixa
RS,0693-0 SAA AG. SANTA VIToRIA PALMAR,rs0693sw031.rs.caixa,rs0693sw031.rs.caixa
RS,0695-0 SAA AG. SANTO AUGUSTO,rs0695ra1.rs.caixa,rs0695ra1.rs.caixa
RS,0695-0 SAA AG. SANTO AUGUSTO,rs0695sw001.rs.caixa,rs0695sw001.rs.caixa
RS,0695-0 SAA AG. SANTO AUGUSTO,rs0695sw031.rs.caixa,rs0695sw031.rs.caixa
RS,0696-0 SAA AG. SAO SEBASTIAO DO CAi,rs0696ra1.rs.caixa,rs0696ra1.rs.caixa
RS,0696-0 SAA AG. SAO SEBASTIAO DO CAi,rs0696sw001.rs.caixa,rs0696sw001.rs.caixa
RS,0696-0 SAA AG. SAO SEBASTIAO DO CAi,rs0696sw031.rs.caixa,rs0696sw031.rs.caixa
RS,0697-0 SAA AG. MARAU,rs0697ra1.rs.caixa,rs0697ra1.rs.caixa
RS,0697-0 SAA AG. MARAU,rs0697sw001.rs.caixa,rs0697sw001.rs.caixa
RS,0697-0 SAA AG. MARAU,rs0697sw002.rs.caixa,rs0697sw002.rs.caixa
RS,0697-0 SAA AG. MARAU,rs0697sw030.rs.caixa,rs0697sw030.rs.caixa
RS,0697-0 SAA AG. MARAU,rs0697sw031.rs.caixa,rs0697sw031.rs.caixa
RS,0698-0 SAA AG. SERAFINA CORREA,rs0698ra1.rs.caixa,rs0698ra1.rs.caixa
RS,0698-0 SAA AG. SERAFINA CORREA,rs0698sw001.rs.caixa,rs0698sw001.rs.caixa
RS,0698-0 SAA AG. SERAFINA CORREA,rs0698sw031.rs.caixa,rs0698sw031.rs.caixa
RS,0703-0 SAA AG. SANTO ANTONIO DA PATRULHA,rs0703ra1.rs.caixa,rs0703ra1.rs.caixa
RS,0703-0 SAA AG. SANTO ANTONIO DA PATRULHA,rs0703sw001.rs.caixa,rs0703sw001.rs.caixa
RS,0703-0 SAA AG. SANTO ANTONIO DA PATRULHA,rs0703sw002.rs.caixa,rs0703sw002.rs.caixa
RS,0703-0 SAA AG. SANTO ANTONIO DA PATRULHA,rs0703sw031.rs.caixa,rs0703sw031.rs.caixa
RS,0827-0 SAA AG. BAIRRO RESTINGA,rs0827ra1.rs.caixa,rs0827ra1.rs.caixa
RS,0827-0 SAA AG. BAIRRO RESTINGA,rs0827sw001.rs.caixa,rs0827sw001.rs.caixa
RS,0827-0 SAA AG. BAIRRO RESTINGA,rs0827sw002.rs.caixa,rs0827sw002.rs.caixa
RS,0827-0 SAA AG. BAIRRO RESTINGA,rs0827sw031.rs.caixa,rs0827sw031.rs.caixa
RS,0844-0 SAA AG. CACHOEIRINHA,rs0844ra1.rs.caixa,rs0844ra1.rs.caixa
RS,0844-0 SAA AG. CACHOEIRINHA,rs0844sw001.rs.caixa,rs0844sw001.rs.caixa
RS,0844-0 SAA AG. CACHOEIRINHA,rs0844sw002.rs.caixa,rs0844sw002.rs.caixa
RS,0844-0 SAA AG. CACHOEIRINHA,rs0844sw003.rs.caixa,rs0844sw003.rs.caixa
RS,0844-0 SAA AG. CACHOEIRINHA,rs0844sw031.rs.caixa,rs0844sw031.rs.caixa
RS,0844-1 PAB JT CACHOEIRINHA,rs0844ra2.rs.caixa,rs0844ra2.rs.caixa
RS,0844-1 PAB JT CACHOEIRINHA,rs0844sw201.rs.caixa,rs0844sw201.rs.caixa
RS,0846-0 SAA AG. GUAPORe,rs0846ra1.rs.caixa,rs0846ra1.rs.caixa
RS,0846-0 SAA AG. GUAPORe,rs0846sw001.rs.caixa,rs0846sw001.rs.caixa
RS,0846-0 SAA AG. GUAPORe,rs0846sw002.rs.caixa,rs0846sw002.rs.caixa
RS,0846-0 SAA AG. GUAPORe,rs0846sw031.rs.caixa,rs0846sw031.rs.caixa
RS,0856-0 SAA PAB IFSUL,rs0856ra1.rs.caixa,rs0856ra1.rs.caixa
RS,0856-0 SAA PAB IFSUL,rs0856sw031.rs.caixa,rs0856sw031.rs.caixa
RS,0911-0 SAA AG. ALTO PETRoPOLIS,rs0911ra1.rs.caixa,rs0911ra1.rs.caixa
RS,0911-0 SAA AG. ALTO PETRoPOLIS,rs0911sw001.rs.caixa,rs0911sw001.rs.caixa
RS,0911-0 SAA AG. ALTO PETRoPOLIS,rs0911sw002.rs.caixa,rs0911sw002.rs.caixa
RS,0911-0 SAA AG. ALTO PETRoPOLIS,rs0911sw031.rs.caixa,rs0911sw031.rs.caixa
RS,0912-0 SAA AG. ESPUMOSO,rs0912ra1.rs.caixa,rs0912ra1.rs.caixa
RS,0912-0 SAA AG. ESPUMOSO,rs0912sw001.rs.caixa,rs0912sw001.rs.caixa
RS,0912-0 SAA AG. ESPUMOSO,rs0912sw031.rs.caixa,rs0912sw031.rs.caixa
RS,0913-0 SAA AG. SAPUCAIA DO SUL,rs0913ra1.rs.caixa,rs0913ra1.rs.caixa
RS,0913-0 SAA AG. SAPUCAIA DO SUL,rs0913sw001.rs.caixa,rs0913sw001.rs.caixa
RS,0913-0 SAA AG. SAPUCAIA DO SUL,rs0913sw002.rs.caixa,rs0913sw002.rs.caixa
RS,0913-0 SAA AG. SAPUCAIA DO SUL,rs0913sw003.rs.caixa,rs0913sw003.rs.caixa
RS,0913-0 SAA AG. SAPUCAIA DO SUL,rs0913sw031.rs.caixa,rs0913sw031.rs.caixa
RS,0929-0 SAA AG. SAO SEPE,rs0929ra1.rs.caixa,rs0929ra1.rs.caixa
RS,0929-0 SAA AG. SAO SEPE,rs0929sw001.rs.caixa,rs0929sw001.rs.caixa
RS,0929-0 SAA AG. SAO SEPE,rs0929sw031.rs.caixa,rs0929sw031.rs.caixa
RS,0930-0 SAA AG. FLORES DA CUNHA,rs0930ra1.rs.caixa,rs0930ra1.rs.caixa
RS,0930-0 SAA AG. FLORES DA CUNHA,rs0930sw001.rs.caixa,rs0930sw001.rs.caixa
RS,0930-0 SAA AG. FLORES DA CUNHA,rs0930sw002.rs.caixa,rs0930sw002.rs.caixa
RS,0930-0 SAA AG. FLORES DA CUNHA,rs0930sw031.rs.caixa,rs0930sw031.rs.caixa
RS,0958-0 SAA AG. TRISTEZA,rs0958ra1.rs.caixa,rs0958ra1.rs.caixa
RS,0958-0 SAA AG. TRISTEZA,rs0958sw001.rs.caixa,rs0958sw001.rs.caixa
RS,0958-0 SAA AG. TRISTEZA,rs0958sw002.rs.caixa,rs0958sw002.rs.caixa
RS,0958-0 SAA AG. TRISTEZA,rs0958sw031.rs.caixa,rs0958sw031.rs.caixa
RS,0959-0 SAA AG. VIAMAO,rs0959ra1.rs.caixa,rs0959ra1.rs.caixa
RS,0959-0 SAA AG. VIAMAO,rs0959sw001.rs.caixa,rs0959sw001.rs.caixa
RS,0959-0 SAA AG. VIAMAO,rs0959sw002.rs.caixa,rs0959sw002.rs.caixa
RS,0959-0 SAA AG. VIAMAO,rs0959sw031.rs.caixa,rs0959sw031.rs.caixa
RS,0982-0 SAA AG. GRAMADO,rs0982ra1.rs.caixa,rs0982ra1.rs.caixa
RS,0982-0 SAA AG. GRAMADO,rs0982sw001.rs.caixa,rs0982sw001.rs.caixa
RS,0982-0 SAA AG. GRAMADO,rs0982sw002.rs.caixa,rs0982sw002.rs.caixa
RS,0982-0 SAA AG. GRAMADO,rs0982sw031.rs.caixa,rs0982sw031.rs.caixa
RS,0982-1 PAE SNC GRAMADO,rs0982ra2.rs.caixa,rs0982ra2.rs.caixa
RS,0982-1 PAE SNC GRAMADO,rs0982sw201.rs.caixa,rs0982sw201.rs.caixa
RS,1012-0 SAA AG. VERA CRUZ,rs1012ra1.rs.caixa,rs1012ra1.rs.caixa
RS,1012-0 SAA AG. VERA CRUZ,rs1012sw001.rs.caixa,rs1012sw001.rs.caixa
RS,1012-0 SAA AG. VERA CRUZ,rs1012sw031.rs.caixa,rs1012sw031.rs.caixa
RS,1015-0 SAA AG. CANDELaRIA,rs1015ra1.rs.caixa,rs1015ra1.rs.caixa
RS,1015-0 SAA AG. CANDELaRIA,rs1015sw001.rs.caixa,rs1015sw001.rs.caixa
RS,1015-0 SAA AG. CANDELaRIA,rs1015sw031.rs.caixa,rs1015sw031.rs.caixa
RS,1129-0 SAA AG. NOVA PETRoPOLIS,rs1129ra1.rs.caixa,rs1129ra1.rs.caixa
RS,1129-0 SAA AG. NOVA PETRoPOLIS,rs1129sw001.rs.caixa,rs1129sw001.rs.caixa
RS,1129-0 SAA AG. NOVA PETRoPOLIS,rs1129sw002.rs.caixa,rs1129sw002.rs.caixa
RS,1129-0 SAA AG. NOVA PETRoPOLIS,rs1129sw031.rs.caixa,rs1129sw031.rs.caixa
RS,1130-0 SAA AG. SAO MARCOS,rs1130ra1.rs.caixa,rs1130ra1.rs.caixa
RS,1130-0 SAA AG. SAO MARCOS,rs1130sw001.rs.caixa,rs1130sw001.rs.caixa
RS,1130-0 SAA AG. SAO MARCOS,rs1130sw030.rs.caixa,rs1130sw030.rs.caixa
RS,1130-0 SAA AG. SAO MARCOS,rs1130sw031.rs.caixa,rs1130sw031.rs.caixa
RS,1150-0 SAA AG. TReS COROAS,rs1150ra1.rs.caixa,rs1150ra1.rs.caixa
RS,1150-0 SAA AG. TReS COROAS,rs1150sw001.rs.caixa,rs1150sw001.rs.caixa
RS,1150-0 SAA AG. TReS COROAS,rs1150sw031.rs.caixa,rs1150sw031.rs.caixa
RS,1151-0 SAA AG. JACUHY,rs1151ra1.rs.caixa,rs1151ra1.rs.caixa
RS,1151-0 SAA AG. JACUHY,rs1151sw001.rs.caixa,rs1151sw001.rs.caixa
RS,1151-0 SAA AG. JACUHY,rs1151sw002.rs.caixa,rs1151sw002.rs.caixa
RS,1151-0 SAA AG. JACUHY,rs1151sw031.rs.caixa,rs1151sw031.rs.caixa
RS,1152-0 SAA AG. RESTINGA SECA,rs1152ra1.rs.caixa,rs1152ra1.rs.caixa
RS,1152-0 SAA AG. RESTINGA SECA,rs1152sw001.rs.caixa,rs1152sw001.rs.caixa
RS,1152-0 SAA AG. RESTINGA SECA,rs1152sw031.rs.caixa,rs1152sw031.rs.caixa
RS,1278-0 SAA AG. ANTONIO PRADO,rs1278ra1.rs.caixa,rs1278ra1.rs.caixa
RS,1278-0 SAA AG. ANTONIO PRADO,rs1278sw001.rs.caixa,rs1278sw001.rs.caixa
RS,1278-0 SAA AG. ANTONIO PRADO,rs1278sw031.rs.caixa,rs1278sw031.rs.caixa
RS,1292-0 SAA AG. AGUDO,rs1292ra1.rs.caixa,rs1292ra1.rs.caixa
RS,1292-0 SAA AG. AGUDO,rs1292sw001.rs.caixa,rs1292sw001.rs.caixa
RS,1292-0 SAA AG. AGUDO,rs1292sw031.rs.caixa,rs1292sw031.rs.caixa
RS,1359-0 SAA AG. SAO PEDRO DO SUL,rs1359ra1.rs.caixa,rs1359ra1.rs.caixa
RS,1359-0 SAA AG. SAO PEDRO DO SUL,rs1359sw001.rs.caixa,rs1359sw001.rs.caixa
RS,1359-0 SAA AG. SAO PEDRO DO SUL,rs1359sw031.rs.caixa,rs1359sw031.rs.caixa
RS,1366-0 SAA AG. UFSM,rs1366ra1.rs.caixa,rs1366ra1.rs.caixa
RS,1366-0 SAA AG. UFSM,rs1366sw001.rs.caixa,rs1366sw001.rs.caixa
RS,1366-0 SAA AG. UFSM,rs1366sw031.rs.caixa,rs1366sw031.rs.caixa
RS,1377-0 SAA AG. DOIS IRMAOS,rs1377ra1.rs.caixa,rs1377ra1.rs.caixa
RS,1377-0 SAA AG. DOIS IRMAOS,rs1377sw001.rs.caixa,rs1377sw001.rs.caixa
RS,1377-0 SAA AG. DOIS IRMAOS,rs1377sw031.rs.caixa,rs1377sw031.rs.caixa
RS,1378-0 SAA AG. CASCA,rs1378ra1.rs.caixa,rs1378ra1.rs.caixa
RS,1378-0 SAA AG. CASCA,rs1378sw001.rs.caixa,rs1378sw001.rs.caixa
RS,1378-0 SAA AG. CASCA,rs1378sw031.rs.caixa,rs1378sw031.rs.caixa
RS,1391-0 SAA AG. PAROBe,rs1391ra1.rs.caixa,rs1391ra1.rs.caixa
RS,1391-0 SAA AG. PAROBe,rs1391sw001.rs.caixa,rs1391sw001.rs.caixa
RS,1391-0 SAA AG. PAROBe,rs1391sw002.rs.caixa,rs1391sw002.rs.caixa
RS,1391-0 SAA AG. PAROBe,rs1391sw031.rs.caixa,rs1391sw031.rs.caixa
RS,1437-0 SAA AG. ALVORADA,rs1437ra1.rs.caixa,rs1437ra1.rs.caixa
RS,1437-0 SAA AG. ALVORADA,rs1437sw001.rs.caixa,rs1437sw001.rs.caixa
RS,1437-0 SAA AG. ALVORADA,rs1437sw002.rs.caixa,rs1437sw002.rs.caixa
RS,1437-0 SAA AG. ALVORADA,rs1437sw003.rs.caixa,rs1437sw003.rs.caixa
RS,1437-0 SAA AG. ALVORADA,rs1437sw031.rs.caixa,rs1437sw031.rs.caixa
RS,1439-0 SAA AG. MUCUM,rs1439ra1.rs.caixa,rs1439ra1.rs.caixa
RS,1439-0 SAA AG. MUCUM,rs1439sw001.rs.caixa,rs1439sw001.rs.caixa
RS,1439-0 SAA AG. MUCUM,rs1439sw031.rs.caixa,rs1439sw031.rs.caixa
RS,1485-0 SAA AG. NOVA BASSANO,rs1485ra1.rs.caixa,rs1485ra1.rs.caixa
RS,1485-0 SAA AG. NOVA BASSANO,rs1485sw001.rs.caixa,rs1485sw001.rs.caixa
RS,1485-0 SAA AG. NOVA BASSANO,rs1485sw031.rs.caixa,rs1485sw031.rs.caixa
RS,1587-0 SAA AG. SHOPPING JOAO PESSOA,rs1587ra1.rs.caixa,rs1587ra1.rs.caixa
RS,1587-0 SAA AG. SHOPPING JOAO PESSOA,rs1587sw001.rs.caixa,rs1587sw001.rs.caixa
RS,1587-0 SAA AG. SHOPPING JOAO PESSOA,rs1587sw002.rs.caixa,rs1587sw002.rs.caixa
RS,1587-0 SAA AG. SHOPPING JOAO PESSOA,rs1587sw031.rs.caixa,rs1587sw031.rs.caixa
RS,1588-0 SAA AG. AVENIDA CARLOS GOMES,rs1588ra1.rs.caixa,rs1588ra1.rs.caixa
RS,1588-0 SAA AG. AVENIDA CARLOS GOMES,rs1588sw001.rs.caixa,rs1588sw001.rs.caixa
RS,1588-0 SAA AG. AVENIDA CARLOS GOMES,rs1588sw002.rs.caixa,rs1588sw002.rs.caixa
RS,1588-0 SAA AG. AVENIDA CARLOS GOMES,rs1588sw031.rs.caixa,rs1588sw031.rs.caixa
RS,1589-0 SAA AG. SAO PELEGRINO,rs1589ra1.rs.caixa,rs1589ra1.rs.caixa
RS,1589-0 SAA AG. SAO PELEGRINO,rs1589sw001.rs.caixa,rs1589sw001.rs.caixa
RS,1589-0 SAA AG. SAO PELEGRINO,rs1589sw002.rs.caixa,rs1589sw002.rs.caixa
RS,1589-0 SAA AG. SAO PELEGRINO,rs1589sw003.rs.caixa,rs1589sw003.rs.caixa
RS,1589-0 SAA AG. SAO PELEGRINO,rs1589sw031.rs.caixa,rs1589sw031.rs.caixa
RS,1589-2 PAE SNC SAO PELEGRINO,rs1589ra3.rs.caixa,rs1589ra3.rs.caixa
RS,1589-2 PAE SNC SAO PELEGRINO,rs1589sw301.rs.caixa,rs1589sw301.rs.caixa
RS,1590-0 SAA AG. CAPUCHINOS,rs1590ra1.rs.caixa,rs1590ra1.rs.caixa
RS,1590-0 SAA AG. CAPUCHINOS,rs1590sw001.rs.caixa,rs1590sw001.rs.caixa
RS,1590-0 SAA AG. CAPUCHINOS,rs1590sw002.rs.caixa,rs1590sw002.rs.caixa
RS,1590-0 SAA AG. CAPUCHINOS,rs1590sw003.rs.caixa,rs1590sw003.rs.caixa
RS,1590-0 SAA AG. CAPUCHINOS,rs1590sw004.rs.caixa,rs1590sw004.rs.caixa
RS,1590-0 SAA AG. CAPUCHINOS,rs1590sw005.rs.caixa,rs1590sw005.rs.caixa
RS,1590-0 SAA AG. CAPUCHINOS,rs1590sw031.rs.caixa,rs1590sw031.rs.caixa
RS,1590-1 PAE SNC SHOPPING IGUATEMI,rs1590ra2.rs.caixa,rs1590ra2.rs.caixa
RS,1590-1 PAE SNC SHOPPING IGUATEMI,rs1590sw201.rs.caixa,rs1590sw201.rs.caixa
RS,1591-0 SAA AG. VOLTA DO GUERINO,rs1591ra1.rs.caixa,rs1591ra1.rs.caixa
RS,1591-0 SAA AG. VOLTA DO GUERINO,rs1591sw001.rs.caixa,rs1591sw001.rs.caixa
RS,1591-0 SAA AG. VOLTA DO GUERINO,rs1591sw002.rs.caixa,rs1591sw002.rs.caixa
RS,1591-0 SAA AG. VOLTA DO GUERINO,rs1591sw031.rs.caixa,rs1591sw031.rs.caixa
RS,1592-0 SAA AG. BOURBON IPIRANGA,rs1592ra1.rs.caixa,rs1592ra1.rs.caixa
RS,1592-0 SAA AG. BOURBON IPIRANGA,rs1592sw001.rs.caixa,rs1592sw001.rs.caixa
RS,1592-0 SAA AG. BOURBON IPIRANGA,rs1592sw002.rs.caixa,rs1592sw002.rs.caixa
RS,1592-0 SAA AG. BOURBON IPIRANGA,rs1592sw031.rs.caixa,rs1592sw031.rs.caixa
RS,1593-0 SAA AG. PRACA MARECHAL FLORIANO,rs1593ra1.rs.caixa,rs1593ra1.rs.caixa
RS,1593-0 SAA AG. PRACA MARECHAL FLORIANO,rs1593sw001.rs.caixa,rs1593sw001.rs.caixa
RS,1593-0 SAA AG. PRACA MARECHAL FLORIANO,rs1593sw002.rs.caixa,rs1593sw002.rs.caixa
RS,1593-0 SAA AG. PRACA MARECHAL FLORIANO,rs1593sw003.rs.caixa,rs1593sw003.rs.caixa
RS,1593-0 SAA AG. PRACA MARECHAL FLORIANO,rs1593sw031.rs.caixa,rs1593sw031.rs.caixa
RS,1593-1 PAE SNC CLUBE COMERCIAL DE PASSO FUNDO,rs1593ra2.rs.caixa,rs1593ra2.rs.caixa
RS,1593-1 PAE SNC CLUBE COMERCIAL DE PASSO FUNDO,rs1593sw201.rs.caixa,rs1593sw201.rs.caixa
RS,1594-0 SAA AG. PRINCESA DO SUL,rs1594ra1.rs.caixa,rs1594ra1.rs.caixa
RS,1594-0 SAA AG. PRINCESA DO SUL,rs1594sw001.rs.caixa,rs1594sw001.rs.caixa
RS,1594-0 SAA AG. PRINCESA DO SUL,rs1594sw002.rs.caixa,rs1594sw002.rs.caixa
RS,1594-0 SAA AG. PRINCESA DO SUL,rs1594sw003.rs.caixa,rs1594sw003.rs.caixa
RS,1594-0 SAA AG. PRINCESA DO SUL,rs1594sw004.rs.caixa,rs1594sw004.rs.caixa
RS,1594-0 SAA AG. PRINCESA DO SUL,rs1594sw031.rs.caixa,rs1594sw031.rs.caixa
RS,1595-0 SAA AG. YMEMBUI,rs1595ra1.rs.caixa,rs1595ra1.rs.caixa
RS,1595-0 SAA AG. YMEMBUI,rs1595sw001.rs.caixa,rs1595sw001.rs.caixa
RS,1595-0 SAA AG. YMEMBUI,rs1595sw002.rs.caixa,rs1595sw002.rs.caixa
RS,1595-0 SAA AG. YMEMBUI,rs1595sw003.rs.caixa,rs1595sw003.rs.caixa
RS,1595-0 SAA AG. YMEMBUI,rs1595sw004.rs.caixa,rs1595sw004.rs.caixa
RS,1595-0 SAA AG. YMEMBUI,rs1595sw031.rs.caixa,rs1595sw031.rs.caixa
RS,1596-0 SAA AG. JUCA BATISTA,rs1596ra1.rs.caixa,rs1596ra1.rs.caixa
RS,1596-0 SAA AG. JUCA BATISTA,rs1596sw001.rs.caixa,rs1596sw001.rs.caixa
RS,1596-0 SAA AG. JUCA BATISTA,rs1596sw002.rs.caixa,rs1596sw002.rs.caixa
RS,1596-0 SAA AG. JUCA BATISTA,rs1596sw031.rs.caixa,rs1596sw031.rs.caixa
RS,1644-0 SAA AG. SCHARLAU,rs1644ra1.rs.caixa,rs1644ra1.rs.caixa
RS,1644-0 SAA AG. SCHARLAU,rs1644sw001.rs.caixa,rs1644sw001.rs.caixa
RS,1644-0 SAA AG. SCHARLAU,rs1644sw031.rs.caixa,rs1644sw031.rs.caixa
RS,1645-0 SAA AG. ERICO VERiSSIMO,rs1645ra1.rs.caixa,rs1645ra1.rs.caixa
RS,1645-0 SAA AG. ERICO VERiSSIMO,rs1645sw001.rs.caixa,rs1645sw001.rs.caixa
RS,1645-0 SAA AG. ERICO VERiSSIMO,rs1645sw002.rs.caixa,rs1645sw002.rs.caixa
RS,1645-0 SAA AG. ERICO VERiSSIMO,rs1645sw031.rs.caixa,rs1645sw031.rs.caixa
RS,1708-0 SAA AG. ARROIO DO MEIO,rs1708ra1.rs.caixa,rs1708ra1.rs.caixa
RS,1708-0 SAA AG. ARROIO DO MEIO,rs1708sw001.rs.caixa,rs1708sw001.rs.caixa
RS,1708-0 SAA AG. ARROIO DO MEIO,rs1708sw002.rs.caixa,rs1708sw002.rs.caixa
RS,1708-0 SAA AG. ARROIO DO MEIO,rs1708sw031.rs.caixa,rs1708sw031.rs.caixa
RS,1709-0 SAA AG. ARVOREZINHA,rs1709ra1.rs.caixa,rs1709ra1.rs.caixa
RS,1709-0 SAA AG. ARVOREZINHA,rs1709sw001.rs.caixa,rs1709sw001.rs.caixa
RS,1709-0 SAA AG. ARVOREZINHA,rs1709sw031.rs.caixa,rs1709sw031.rs.caixa
RS,1711-0 SAA AG. CRUZEIRENSE,rs1711ra1.rs.caixa,rs1711ra1.rs.caixa
RS,1711-0 SAA AG. CRUZEIRENSE,rs1711sw001.rs.caixa,rs1711sw001.rs.caixa
RS,1711-0 SAA AG. CRUZEIRENSE,rs1711sw031.rs.caixa,rs1711sw031.rs.caixa
RS,1712-0 SAA AG. CAMPINAS DO SUL,rs1712ra1.rs.caixa,rs1712ra1.rs.caixa
RS,1712-0 SAA AG. CAMPINAS DO SUL,rs1712sw001.rs.caixa,rs1712sw001.rs.caixa
RS,1712-0 SAA AG. CAMPINAS DO SUL,rs1712sw031.rs.caixa,rs1712sw031.rs.caixa
RS,1727-0 SAA AG. ROCA SALES,rs1727ra1.rs.caixa,rs1727ra1.rs.caixa
RS,1727-0 SAA AG. ROCA SALES,rs1727sw001.rs.caixa,rs1727sw001.rs.caixa
RS,1727-0 SAA AG. ROCA SALES,rs1727sw031.rs.caixa,rs1727sw031.rs.caixa
RS,1728-0 SAA AG. VIADUTOS,rs1728ra1.rs.caixa,rs1728ra1.rs.caixa
RS,1728-0 SAA AG. VIADUTOS,rs1728sw001.rs.caixa,rs1728sw001.rs.caixa
RS,1728-0 SAA AG. VIADUTOS,rs1728sw031.rs.caixa,rs1728sw031.rs.caixa
RS,1761-0 SAA AG. UNISINOS,rs1761ra1.rs.caixa,rs1761ra1.rs.caixa
RS,1761-0 SAA AG. UNISINOS,rs1761sw001.rs.caixa,rs1761sw001.rs.caixa
RS,1761-0 SAA AG. UNISINOS,rs1761sw031.rs.caixa,rs1761sw031.rs.caixa
RS,1762-0 SAA AG. BUTIa,rs1762ra1.rs.caixa,rs1762ra1.rs.caixa
RS,1762-0 SAA AG. BUTIa,rs1762sw001.rs.caixa,rs1762sw001.rs.caixa
RS,1762-0 SAA AG. BUTIa,rs1762sw031.rs.caixa,rs1762sw031.rs.caixa
RS,1763-0 SAA AG. FELIZ,rs1763ra1.rs.caixa,rs1763ra1.rs.caixa
RS,1763-0 SAA AG. FELIZ,rs1763sw001.rs.caixa,rs1763sw001.rs.caixa
RS,1763-0 SAA AG. FELIZ,rs1763sw031.rs.caixa,rs1763sw031.rs.caixa
RS,1765-0 SAA AG. IVOTI,rs1765ra1.rs.caixa,rs1765ra1.rs.caixa
RS,1765-0 SAA AG. IVOTI,rs1765sw001.rs.caixa,rs1765sw001.rs.caixa
RS,1765-0 SAA AG. IVOTI,rs1765sw031.rs.caixa,rs1765sw031.rs.caixa
RS,1767-0 SAA AG. PORTAO DO SUL,rs1767ra1.rs.caixa,rs1767ra1.rs.caixa
RS,1767-0 SAA AG. PORTAO DO SUL,rs1767sw001.rs.caixa,rs1767sw001.rs.caixa
RS,1767-0 SAA AG. PORTAO DO SUL,rs1767sw030.rs.caixa,RS1767SW030.rs.caixa
RS,1767-0 SAA AG. PORTAO DO SUL,rs1767sw031.rs.caixa,rs1767sw031.rs.caixa
RS,1769-0 SAA AG. ROLANTE,rs1769ra1.rs.caixa,rs1769ra1.rs.caixa
RS,1769-0 SAA AG. ROLANTE,rs1769sw001.rs.caixa,rs1769sw001.rs.caixa
RS,1769-0 SAA AG. ROLANTE,rs1769sw031.rs.caixa,rs1769sw031.rs.caixa
RS,1771-0 SAA AG. SANTO CRISTO,rs1771ra1.rs.caixa,rs1771ra1.rs.caixa
RS,1771-0 SAA AG. SANTO CRISTO,rs1771sw001.rs.caixa,rs1771sw001.rs.caixa
RS,1771-0 SAA AG. SANTO CRISTO,rs1771sw031.rs.caixa,rs1771sw031.rs.caixa
RS,1851-0 SAA AG. LUPICiNIO RODRIGUES,rs1851ra1.rs.caixa,rs1851ra1.rs.caixa
RS,1851-0 SAA AG. LUPICiNIO RODRIGUES,rs1851sw001.rs.caixa,rs1851sw001.rs.caixa
RS,1851-0 SAA AG. LUPICiNIO RODRIGUES,rs1851sw002.rs.caixa,rs1851sw002.rs.caixa
RS,1851-0 SAA AG. LUPICiNIO RODRIGUES,rs1851sw003.rs.caixa,rs1851sw003.rs.caixa
RS,1851-0 SAA AG. LUPICiNIO RODRIGUES,rs1851sw030.rs.caixa,rs1851sw030.rs.caixa
RS,1851-0 SAA AG. LUPICiNIO RODRIGUES,rs1851sw031.rs.caixa,rs1851sw031.rs.caixa
RS,1851-2 SAA PAB SMF,rs1851ra3.rs.caixa,rs1851ra3.rs.caixa
RS,1851-2 SAA PAB SMF,rs1851sw301.rs.caixa,rs1851sw301.rs.caixa
RS,1852-0 SAA AG. DOM PEDRO II,rs1852ra1.rs.caixa,rs1852ra1.rs.caixa
RS,1852-0 SAA AG. DOM PEDRO II,rs1852sw001.rs.caixa,rs1852sw001.rs.caixa
RS,1852-0 SAA AG. DOM PEDRO II,rs1852sw031.rs.caixa,rs1852sw031.rs.caixa
RS,1854-0 SAA AG. CONSTANTINA,rs1854ra1.rs.caixa,rs1854ra1.rs.caixa
RS,1854-0 SAA AG. CONSTANTINA,rs1854sw001.rs.caixa,rs1854sw001.rs.caixa
RS,1854-0 SAA AG. CONSTANTINA,rs1854sw031.rs.caixa,rs1854sw031.rs.caixa
RS,1855-0 SAA AG. CRISSIUMAL,rs1855ra1.rs.caixa,rs1855ra1.rs.caixa
RS,1855-0 SAA AG. CRISSIUMAL,rs1855sw001.rs.caixa,rs1855sw001.rs.caixa
RS,1855-0 SAA AG. CRISSIUMAL,rs1855sw031.rs.caixa,rs1855sw031.rs.caixa
RS,1872-0 SAA AG. IGREJINHA,rs1872ra1.rs.caixa,rs1872ra1.rs.caixa
RS,1872-0 SAA AG. IGREJINHA,rs1872sw001.rs.caixa,rs1872sw001.rs.caixa
RS,1872-0 SAA AG. IGREJINHA,rs1872sw002.rs.caixa,rs1872sw002.rs.caixa
RS,1872-0 SAA AG. IGREJINHA,rs1872sw031.rs.caixa,rs1872sw031.rs.caixa
RS,1895-0 SAA AG. SANANDUVA,rs1895ra1.rs.caixa,rs1895ra1.rs.caixa
RS,1895-0 SAA AG. SANANDUVA,rs1895sw001.rs.caixa,rs1895sw001.rs.caixa
RS,1895-0 SAA AG. SANANDUVA,rs1895sw031.rs.caixa,rs1895sw031.rs.caixa
RS,1925-0 SAA AG. CARLOS BARBOSA,rs1925ra1.rs.caixa,rs1925ra1.rs.caixa
RS,1925-0 SAA AG. CARLOS BARBOSA,rs1925sw001.rs.caixa,rs1925sw001.rs.caixa
RS,1925-0 SAA AG. CARLOS BARBOSA,rs1925sw002.rs.caixa,rs1925sw002.rs.caixa
RS,1925-0 SAA AG. CARLOS BARBOSA,rs1925sw031.rs.caixa,rs1925sw031.rs.caixa
RS,2093-0 SAA AG. TAPEJARA,rs2093ra1.rs.caixa,rs2093ra1.rs.caixa
RS,2093-0 SAA AG. TAPEJARA,rs2093sw001.rs.caixa,rs2093sw001.rs.caixa
RS,2093-0 SAA AG. TAPEJARA,rs2093sw002.rs.caixa,rs2093sw002.rs.caixa
RS,2093-0 SAA AG. TAPEJARA,rs2093sw031.rs.caixa,rs2093sw031.rs.caixa
RS,2127-0 SAA AG. FAXINAL DO SOTURNO,rs2127ra1.rs.caixa,rs2127ra1.rs.caixa
RS,2127-0 SAA AG. FAXINAL DO SOTURNO,rs2127sw001.rs.caixa,rs2127sw001.rs.caixa
RS,2127-0 SAA AG. FAXINAL DO SOTURNO,rs2127sw031.rs.caixa,rs2127sw031.rs.caixa
RS,2182-0 SAA AG. CORONEL VICENTE,rs2182ra1.rs.caixa,rs2182ra1.rs.caixa
RS,2182-0 SAA AG. CORONEL VICENTE,rs2182sw001.rs.caixa,rs2182sw001.rs.caixa
RS,2182-0 SAA AG. CORONEL VICENTE,rs2182sw031.rs.caixa,rs2182sw031.rs.caixa
RS,2231-0 SAA AG. MARECHAL MALLET,rs2231ra1.rs.caixa,rs2231ra1.rs.caixa
RS,2231-0 SAA AG. MARECHAL MALLET,rs2231sw001.rs.caixa,rs2231sw001.rs.caixa
RS,2231-0 SAA AG. MARECHAL MALLET,rs2231sw002.rs.caixa,rs2231sw002.rs.caixa
RS,2231-0 SAA AG. MARECHAL MALLET,rs2231sw003.rs.caixa,rs2231sw003.rs.caixa
RS,2231-0 SAA AG. MARECHAL MALLET,rs2231sw031.rs.caixa,rs2231sw031.rs.caixa
RS,2232-0 SAA AG. MONTE CRISTO,rs2232ra1.rs.caixa,rs2232ra1.rs.caixa
RS,2232-0 SAA AG. MONTE CRISTO,rs2232sw001.rs.caixa,rs2232sw001.rs.caixa
RS,2232-0 SAA AG. MONTE CRISTO,rs2232sw031.rs.caixa,rs2232sw031.rs.caixa
RS,2266-0 SAA AG. CAPAO DA CANOA,rs2266ra1.rs.caixa,rs2266ra1.rs.caixa
RS,2266-0 SAA AG. CAPAO DA CANOA,rs2266sw001.rs.caixa,rs2266sw001.rs.caixa
RS,2266-0 SAA AG. CAPAO DA CANOA,rs2266sw002.rs.caixa,rs2266sw002.rs.caixa
RS,2266-0 SAA AG. CAPAO DA CANOA,rs2266sw003.rs.caixa,rs2266sw003.rs.caixa
RS,2266-0 SAA AG. CAPAO DA CANOA,rs2266sw031.rs.caixa,rs2266sw031.rs.caixa
RS,2283-0 SAA AG. SERTAO SANTANA,rs2283ra1.rs.caixa,rs2283ra1.rs.caixa
RS,2283-0 SAA AG. SERTAO SANTANA,rs2283sw001.rs.caixa,rs2283sw001.rs.caixa
RS,2283-0 SAA AG. SERTAO SANTANA,rs2283sw031.rs.caixa,rs2283sw031.rs.caixa
RS,2284-0 SAA AG. MONTE BELO,rs2284ra1.rs.caixa,rs2284ra1.rs.caixa
RS,2284-0 SAA AG. MONTE BELO,rs2284sw001.rs.caixa,rs2284sw001.rs.caixa
RS,2284-0 SAA AG. MONTE BELO,rs2284sw002.rs.caixa,rs2284sw002.rs.caixa
RS,2284-0 SAA AG. MONTE BELO,rs2284sw031.rs.caixa,rs2284sw031.rs.caixa
RS,2617-0 ED. NORTE GAUCHO (2617),rs2617ra1.rs.caixa,rs2617ra1.rs.caixa
RS,2617-0 ED. NORTE GAUCHO (2617),rs2617sw001.rs.caixa,rs2617sw001.rs.caixa
RS,2617-0 ED. NORTE GAUCHO (2617),rs2617sw002.rs.caixa,rs2617sw002.rs.caixa
RS,2617-0 ED. NORTE GAUCHO (2617),rs2617sw003.rs.caixa,rs2617sw003.rs.caixa
RS,2617-0 ED. NORTE GAUCHO (2617),rs2617sw004.rs.caixa,rs2617sw004.rs.caixa
RS,2617-0 ED. NORTE GAUCHO (2617),rs2617sw101.rs.caixa,rs2617sw101.rs.caixa
RS,2617-0 ED. NORTE GAUCHO (2617),rs2617sw102.rs.caixa,rs2617sw102.rs.caixa
RS,2617-0 ED. NORTE GAUCHO (2617),rs6300sw001.rs.caixa,rs6300sw001.rs.caixa
RS,2617-0 ED. NORTE GAUCHO (2617),rs7734sw001.rs.caixa,rs7734sw001.rs.caixa
RS,2617-0 ED. NORTE GAUCHO (2617),rs7734sw002.rs.caixa,rs7734sw002.rs.caixa
RS,2617-0 ED. NORTE GAUCHO (2617),rs7734sw003.rs.caixa,rs7734sw003.rs.caixa
RS,2617-0 ED. NORTE GAUCHO (2617),rs7734sw004.rs.caixa,rs7734sw004.rs.caixa
RS,2618-0 ED. QUERENCIA,rs2618sw001.rs.caixa,rs2618sw001.rs.caixa
RS,2618-0 ED. QUERENCIA,rs2618sw003.rs.caixa,rs2618sw003.rs.caixa
RS,2618-0 ED. QUERENCIA,rs2618sw004.rs.caixa,rs2618sw004.rs.caixa
RS,2618-0 ED. QUERENCIA,rs2618sw006.rs.caixa,rs2618sw006.rs.caixa
RS,2618-0 ED. QUERENCIA,rs2618sw032.rs.caixa,rs2618sw032.rs.caixa
RS,2618-0 ED. QUERENCIA,rs2618sw033.rs.caixa,rs2618sw033.rs.caixa
RS,2618-0 ED. QUERENCIA,rs2618sw034.rs.caixa,rs2618sw034.rs.caixa
RS,2618-0 ED. QUERENCIA,rs2618sw035.rs.caixa,rs2618sw035.rs.caixa
RS,2618-0 ED. QUERENCIA,rs2618sw036.rs.caixa,rs2618sw036.rs.caixa
RS,2618-0 ED. QUERENCIA,rs2618sw037.rs.caixa,rs2618sw037.rs.caixa
RS,2618-0 ED. QUERENCIA,rs2618sw038.rs.caixa,rs2618sw038.rs.caixa
RS,2618-0 ED. QUERENCIA,rs2618sw039.rs.caixa,rs2618sw039.rs.caixa
RS,2618-0 ED. QUERENCIA,rs2618sw042.rs.caixa,rs2618sw042.rs.caixa
RS,2618-0 ED. QUERENCIA,rs2618sw043.rs.caixa,rs2618sw043.rs.caixa
RS,2618-0 ED. QUERENCIA,rs2618sw044.rs.caixa,rs2618sw044.rs.caixa
RS,2618-0 ED. QUERENCIA,rs2618sw045.rs.caixa,rs2618sw045.rs.caixa
RS,2618-0 ED. QUERENCIA,rs2618sw046.rs.caixa,rs2618sw046.rs.caixa
RS,2618-0 ED. QUERENCIA,rs2618sw047.rs.caixa,rs2618sw047.rs.caixa
RS,2618-0 ED. QUERENCIA,rs2618sw048.rs.caixa,rs2618sw048.rs.caixa
RS,2618-0 ED. QUERENCIA,rs2618sw052.rs.caixa,rs2618sw052.rs.caixa
RS,2618-0 ED. QUERENCIA,rs2618sw053.rs.caixa,rs2618sw053.rs.caixa
RS,2618-0 ED. QUERENCIA,rs2618sw054.rs.caixa,rs2618sw054.rs.caixa
RS,2618-0 ED. QUERENCIA,rs2618sw055.rs.caixa,rs2618sw055.rs.caixa
RS,2618-0 ED. QUERENCIA,rs2618sw056.rs.caixa,rs2618sw056.rs.caixa
RS,2618-0 ED. QUERENCIA,rs2618sw057.rs.caixa,rs2618sw057.rs.caixa
RS,2618-0 ED. QUERENCIA,rs2618sw058.rs.caixa,rs2618sw058.rs.caixa
RS,2618-0 ED. QUERENCIA,rs2618sw062.rs.caixa,rs2618sw062.rs.caixa
RS,2618-0 ED. QUERENCIA,rs2618sw063.rs.caixa,rs2618sw063.rs.caixa
RS,2618-0 ED. QUERENCIA,rs2618sw064.rs.caixa,rs2618sw064.rs.caixa
RS,2618-0 ED. QUERENCIA,rs2618sw065.rs.caixa,rs2618sw065.rs.caixa
RS,2618-0 ED. QUERENCIA,rs2618sw066.rs.caixa,rs2618sw066.rs.caixa
RS,2618-0 ED. QUERENCIA,rs2618sw067.rs.caixa,rs2618sw067.rs.caixa
RS,2618-0 ED. QUERENCIA,rs2618sw072.rs.caixa,rs2618sw072.rs.caixa
RS,2618-0 ED. QUERENCIA,rs2618sw073.rs.caixa,rs2618sw073.rs.caixa
RS,2618-0 ED. QUERENCIA,rs2618sw074.rs.caixa,rs2618sw074.rs.caixa
RS,2618-0 ED. QUERENCIA,rs2618sw075.rs.caixa,rs2618sw075.rs.caixa
RS,2618-0 ED. QUERENCIA,rs2618sw076.rs.caixa,rs2618sw076.rs.caixa
RS,2618-0 ED. QUERENCIA,rs2618sw077.rs.caixa,rs2618sw077.rs.caixa
RS,2618-0 ED. QUERENCIA,rs2618sw078.rs.caixa,rs2618sw078.rs.caixa
RS,2618-0 ED. QUERENCIA,rs2618sw082.rs.caixa,rs2618sw082.rs.caixa
RS,2618-0 ED. QUERENCIA,rs2618sw083.rs.caixa,rs2618sw083.rs.caixa
RS,2618-0 ED. QUERENCIA,rs2618sw084.rs.caixa,rs2618sw084.rs.caixa
RS,2618-0 ED. QUERENCIA,rs2618sw085.rs.caixa,rs2618sw085.rs.caixa
RS,2618-0 ED. QUERENCIA,rs2618sw086.rs.caixa,rs2618sw086.rs.caixa
RS,2618-0 ED. QUERENCIA,rs2618sw087.rs.caixa,rs2618sw087.rs.caixa
RS,2618-0 ED. QUERENCIA,rs2618sw092.rs.caixa,rs2618sw092.rs.caixa
RS,2618-0 ED. QUERENCIA,rs2618sw093.rs.caixa,rs2618sw093.rs.caixa
RS,2618-0 ED. QUERENCIA,rs2618sw094.rs.caixa,rs2618sw094.rs.caixa
RS,2618-0 ED. QUERENCIA,rs2618sw095.rs.caixa,rs2618sw095.rs.caixa
RS,2618-0 ED. QUERENCIA,rs2618sw096.rs.caixa,rs2618sw096.rs.caixa
RS,2618-0 ED. QUERENCIA,rs2618sw097.rs.caixa,rs2618sw097.rs.caixa
RS,2618-0 ED. QUERENCIA,rs2618sw102.rs.caixa,rs2618sw102.rs.caixa
RS,2618-0 ED. QUERENCIA,rs2618sw103.rs.caixa,rs2618sw103.rs.caixa
RS,2618-0 ED. QUERENCIA,rs2618sw104.rs.caixa,rs2618sw104.rs.caixa
RS,2618-0 ED. QUERENCIA,rs2618sw105.rs.caixa,rs2618sw105.rs.caixa
RS,2618-0 ED. QUERENCIA,rs2618sw106.rs.caixa,rs2618sw106.rs.caixa
RS,2618-0 ED. QUERENCIA,rs2618sw107.rs.caixa,rs2618sw107.rs.caixa
RS,2618-0 ED. QUERENCIA,rs2618sw112.rs.caixa,rs2618sw112.rs.caixa
RS,2618-0 ED. QUERENCIA,rs2618sw113.rs.caixa,rs2618sw113.rs.caixa
RS,2618-0 ED. QUERENCIA,rs2618sw114.rs.caixa,rs2618sw114.rs.caixa
RS,2618-0 ED. QUERENCIA,rs2618sw115.rs.caixa,rs2618sw115.rs.caixa
RS,2618-0 ED. QUERENCIA,rs2618sw116.rs.caixa,rs2618sw116.rs.caixa
RS,2618-0 ED. QUERENCIA,rs2618sw122.rs.caixa,rs2618sw122.rs.caixa
RS,2618-0 ED. QUERENCIA,rs2618sw123.rs.caixa,rs2618sw123.rs.caixa
RS,2618-0 ED. QUERENCIA,rs2618sw141.rs.caixa,rs2618sw141.rs.caixa
RS,2618-0 ED. QUERENCIA,rs5174sw001.rs.caixa,rs5174sw001.rs.caixa
RS,2618-0 ED. QUERENCIA,rs5174sw002.rs.caixa,rs5174sw002.rs.caixa
RS,2703-0 SAA PAB JUSTICA FEDERAL PELOTAS,rs2703ra1.rs.caixa,rs2703ra1.rs.caixa
RS,2703-0 SAA PAB JUSTICA FEDERAL PELOTAS,rs2703sw001.rs.caixa,rs2703sw001.rs.caixa
RS,2703-0 SAA PAB JUSTICA FEDERAL PELOTAS,rs2703sw031.rs.caixa,rs2703sw031.rs.caixa
RS,2704-0 SAA PAB JUSTICA FEDERAL RIO GRANDE,rs2704ra1.rs.caixa,rs2704ra1.rs.caixa
RS,2704-0 SAA PAB JUSTICA FEDERAL RIO GRANDE,rs2704sw031.rs.caixa,rs2704sw031.rs.caixa
RS,2716-0 SAA PAB JUSTICA DO TRABALHO PORTO ALEGRE,rs2716ra1.rs.caixa,rs2716ra1.rs.caixa
RS,2716-0 SAA PAB JUSTICA DO TRABALHO PORTO ALEGRE,rs2716sw001.rs.caixa,rs2716sw001.rs.caixa
RS,2716-0 SAA PAB JUSTICA DO TRABALHO PORTO ALEGRE,rs2716sw002.rs.caixa,rs2716sw002.rs.caixa
RS,2716-0 SAA PAB JUSTICA DO TRABALHO PORTO ALEGRE,rs2716sw031.rs.caixa,rs2716sw031.rs.caixa
RS,2736-0 SAA PAB JUSTICA DO TRABALHO BAGe,rs2736ra1.rs.caixa,rs2736ra1.rs.caixa
RS,2736-0 SAA PAB JUSTICA DO TRABALHO BAGe,rs2736sw031.rs.caixa,rs2736sw031.rs.caixa
RS,2740-0 SAA PAB JUSTICA DO TRABALHO PELOTAS,rs2740ra1.rs.caixa,rs2740ra1.rs.caixa
RS,2740-0 SAA PAB JUSTICA DO TRABALHO PELOTAS,rs2740sw031.rs.caixa,rs2740sw031.rs.caixa
RS,2749-0 SAA PAB JUSTICA DO TRABALHO RIO GRANDE,rs2749ra1.rs.caixa,rs2749ra1.rs.caixa
RS,2749-0 SAA PAB JUSTICA DO TRABALHO RIO GRANDE,rs2749sw031.rs.caixa,rs2749sw031.rs.caixa
RS,2842-0 SAA AG. TReS VENDAS,rs2842ra1.rs.caixa,rs2842ra1.rs.caixa
RS,2842-0 SAA AG. TReS VENDAS,rs2842sw001.rs.caixa,rs2842sw001.rs.caixa
RS,2842-0 SAA AG. TReS VENDAS,rs2842sw002.rs.caixa,rs2842sw002.rs.caixa
RS,2842-0 SAA AG. TReS VENDAS,rs2842sw031.rs.caixa,rs2842sw031.rs.caixa
RS,"2876-0 SAA AG. ENCRUZILHADA,RS",rs2876ra1.rs.caixa,rs2876ra1.rs.caixa
RS,"2876-0 SAA AG. ENCRUZILHADA,RS",rs2876sw001.rs.caixa,rs2876sw001.rs.caixa
RS,"2876-0 SAA AG. ENCRUZILHADA,RS",rs2876sw031.rs.caixa,rs2876sw031.rs.caixa
RS,2918-0 SAA AG. CANUDOS,rs2918ra1.rs.caixa,rs2918ra1.rs.caixa
RS,2918-0 SAA AG. CANUDOS,rs2918sw001.rs.caixa,rs2918sw001.rs.caixa
RS,2918-0 SAA AG. CANUDOS,rs2918sw002.rs.caixa,rs2918sw002.rs.caixa
RS,2918-0 SAA AG. CANUDOS,rs2918sw031.rs.caixa,rs2918sw031.rs.caixa
RS,3058-0 SAA PAB TRT SANTO ANGELO,rs3058ra1.rs.caixa,rs3058ra1.rs.caixa
RS,3058-0 SAA PAB TRT SANTO ANGELO,rs3058sw031.rs.caixa,rs3058sw031.rs.caixa
RS,3060-0 SAA AG. BAIRRO CIDADE ALTA,rs3060ra1.rs.caixa,rs3060ra1.rs.caixa
RS,3060-0 SAA AG. BAIRRO CIDADE ALTA,rs3060sw001.rs.caixa,rs3060sw001.rs.caixa
RS,3060-0 SAA AG. BAIRRO CIDADE ALTA,rs3060sw002.rs.caixa,rs3060sw002.rs.caixa
RS,3060-0 SAA AG. BAIRRO CIDADE ALTA,rs3060sw031.rs.caixa,rs3060sw031.rs.caixa
RS,3060-0 SAA AG. VINTE DE SETEMBRO,rs3061ra1.rs.caixa,rs3061ra1.rs.caixa
RS,3061-0 SAA AG. VINTE DE SETEMBRO,rs3061sw001.rs.caixa,rs3061sw001.rs.caixa
RS,3061-0 SAA AG. VINTE DE SETEMBRO,rs3061sw002.rs.caixa,rs3061sw002.rs.caixa
RS,3061-0 SAA AG. VINTE DE SETEMBRO,rs3061sw031.rs.caixa,rs3061sw031.rs.caixa
RS,3063-0 SAA AG. PLANALTO GAuCHO,rs3063ra1.rs.caixa,rs3063ra1.rs.caixa
RS,3063-0 SAA AG. PLANALTO GAuCHO,rs3063sw001.rs.caixa,rs3063sw001.rs.caixa
RS,3063-0 SAA AG. PLANALTO GAuCHO,rs3063sw002.rs.caixa,rs3063sw002.rs.caixa
RS,3063-0 SAA AG. PLANALTO GAuCHO,rs3063sw031.rs.caixa,rs3063sw031.rs.caixa
RS,3112-0 SAA AG. NOSSA SENHORA DE LOURDES,rs3112ra1.rs.caixa,rs3112ra1.rs.caixa
RS,3112-0 SAA AG. NOSSA SENHORA DE LOURDES,rs3112sw001.rs.caixa,rs3112sw001.rs.caixa
RS,3112-0 SAA AG. NOSSA SENHORA DE LOURDES,rs3112sw002.rs.caixa,rs3112sw002.rs.caixa
RS,3112-0 SAA AG. NOSSA SENHORA DE LOURDES,rs3112sw031.rs.caixa,rs3112sw031.rs.caixa
RS,3113-0 SAA AG. ALTO URUGUAI,rs3113ra1.rs.caixa,rs3113ra1.rs.caixa
RS,3113-0 SAA AG. ALTO URUGUAI,rs3113sw001.rs.caixa,rs3113sw001.rs.caixa
RS,3113-0 SAA AG. ALTO URUGUAI,rs3113sw002.rs.caixa,rs3113sw002.rs.caixa
RS,3113-0 SAA AG. ALTO URUGUAI,rs3113sw031.rs.caixa,rs3113sw031.rs.caixa
RS,3140-0 SAA AG. PaTRIA NOVA,rs3140ra1.rs.caixa,rs3140ra1.rs.caixa
RS,3140-0 SAA AG. PaTRIA NOVA,rs3140sw001.rs.caixa,rs3140sw001.rs.caixa
RS,3140-0 SAA AG. PaTRIA NOVA,rs3140sw002.rs.caixa,rs3140sw002.rs.caixa
RS,3140-0 SAA AG. PaTRIA NOVA,rs3140sw031.rs.caixa,rs3140sw031.rs.caixa
RS,3141-0 SAA AG. 25 DE JULHO,rs3141ra1.rs.caixa,rs3141ra1.rs.caixa
RS,3141-0 SAA AG. 25 DE JULHO,rs3141sw001.rs.caixa,rs3141sw001.rs.caixa
RS,3141-0 SAA AG. 25 DE JULHO,rs3141sw002.rs.caixa,rs3141sw002.rs.caixa
RS,3141-0 SAA AG. 25 DE JULHO,rs3141sw031.rs.caixa,rs3141sw031.rs.caixa
RS,3142-0 SAA AG. IGARA,rs3142ra1.rs.caixa,rs3142ra1.rs.caixa
RS,3142-0 SAA AG. IGARA,rs3142sw001.rs.caixa,rs3142sw001.rs.caixa
RS,3142-0 SAA AG. IGARA,rs3142sw002.rs.caixa,rs3142sw002.rs.caixa
RS,3142-0 SAA AG. IGARA,rs3142sw031.rs.caixa,rs3142sw031.rs.caixa
RS,3235-0 SAA PAB JUSTICA DO TRABALHO PASSO FUNDO,rs3235ra1.rs.caixa,rs3235ra1.rs.caixa
RS,3235-0 SAA PAB JUSTICA DO TRABALHO PASSO FUNDO,rs3235sw031.rs.caixa,rs3235sw031.rs.caixa
RS,3240-0 SAA AG. CANOAS SHOPPING,rs3240ra1.rs.caixa,rs3240ra1.rs.caixa
RS,3240-0 SAA AG. CANOAS SHOPPING,rs3240sw001.rs.caixa,rs3240sw001.rs.caixa
RS,3240-0 SAA AG. CANOAS SHOPPING,rs3240sw002.rs.caixa,rs3240sw002.rs.caixa
RS,3240-0 SAA AG. CANOAS SHOPPING,rs3240sw031.rs.caixa,rs3240sw031.rs.caixa
RS,3294-0 SAA AG. FRAGATA,rs3294ra1.rs.caixa,rs3294ra1.rs.caixa
RS,3294-0 SAA AG. FRAGATA,rs3294sw001.rs.caixa,rs3294sw001.rs.caixa
RS,3294-0 SAA AG. FRAGATA,rs3294sw002.rs.caixa,rs3294sw002.rs.caixa
RS,3294-0 SAA AG. FRAGATA,rs3294sw003.rs.caixa,rs3294sw003.rs.caixa
RS,3294-0 SAA AG. FRAGATA,rs3294sw004.rs.caixa,rs3294sw004.rs.caixa
RS,3294-0 SAA AG. FRAGATA,rs3294sw031.rs.caixa,rs3294sw031.rs.caixa
RS,3344-0 SAA AG. AVENIDA PROFESSOR OSCAR PEREIRA,rs3344ra1.rs.caixa,rs3344ra1.rs.caixa
RS,3344-0 SAA AG. AVENIDA PROFESSOR OSCAR PEREIRA,rs3344sw001.rs.caixa,rs3344sw001.rs.caixa
RS,3344-0 SAA AG. AVENIDA PROFESSOR OSCAR PEREIRA,rs3344sw031.rs.caixa,rs3344sw031.rs.caixa
RS,3402-0 SAA AG. TRIUNFO,rs3402ra1.rs.caixa,rs3402ra1.rs.caixa
RS,3402-0 SAA AG. TRIUNFO,rs3402sw001.rs.caixa,rs3402sw001.rs.caixa
RS,3402-0 SAA AG. TRIUNFO,rs3402sw031.rs.caixa,rs3402sw031.rs.caixa
RS,3445-0 SAA AG. CRISTAL,rs3445ra1.rs.caixa,rs3445ra1.rs.caixa
RS,3445-0 SAA AG. CRISTAL,rs3445sw001.rs.caixa,rs3445sw001.rs.caixa
RS,3445-0 SAA AG. CRISTAL,rs3445sw031.rs.caixa,rs3445sw031.rs.caixa
RS,3446-0 SAA AG. ELDORADO DO SUL,rs3446ra1.rs.caixa,rs3446ra1.rs.caixa
RS,3446-0 SAA AG. ELDORADO DO SUL,rs3446sw001.rs.caixa,rs3446sw001.rs.caixa
RS,3446-0 SAA AG. ELDORADO DO SUL,rs3446sw031.rs.caixa,rs3446sw031.rs.caixa
RS,3447-0 SAA AG. JARDIM PLANALTO,rs3447ra1.rs.caixa,rs3447ra1.rs.caixa
RS,3447-0 SAA AG. JARDIM PLANALTO,rs3447sw001.rs.caixa,rs3447sw001.rs.caixa
RS,3447-0 SAA AG. JARDIM PLANALTO,rs3447sw002.rs.caixa,rs3447sw002.rs.caixa
RS,3447-0 SAA AG. JARDIM PLANALTO,rs3447sw031.rs.caixa,rs3447sw031.rs.caixa
RS,3448-0 SAA AG. AVENIDA JOAO CORReA,rs3448ra1.rs.caixa,rs3448ra1.rs.caixa
RS,3448-0 SAA AG. AVENIDA JOAO CORReA,rs3448sw001.rs.caixa,rs3448sw001.rs.caixa
RS,3448-0 SAA AG. AVENIDA JOAO CORReA,rs3448sw031.rs.caixa,rs3448sw031.rs.caixa
RS,3449-0 SAA AG. FERRABRAZ,rs3449ra1.rs.caixa,rs3449ra1.rs.caixa
RS,3449-0 SAA AG. FERRABRAZ,rs3449sw001.rs.caixa,rs3449sw001.rs.caixa
RS,3449-0 SAA AG. FERRABRAZ,rs3449sw031.rs.caixa,rs3449sw031.rs.caixa
RS,3450-0 SAA AG. PARQUE DOS ANJOS,rs3450ra1.rs.caixa,rs3450ra1.rs.caixa
RS,3450-0 SAA AG. PARQUE DOS ANJOS,rs3450sw001.rs.caixa,rs3450sw001.rs.caixa
RS,3450-0 SAA AG. PARQUE DOS ANJOS,rs3450sw031.rs.caixa,rs3450sw031.rs.caixa
RS,3451-0 SAA AG. VALE DO SOL,rs3451ra1.rs.caixa,rs3451ra1.rs.caixa
RS,3451-0 SAA AG. VALE DO SOL,rs3451sw001.rs.caixa,rs3451sw001.rs.caixa
RS,3451-0 SAA AG. VALE DO SOL,rs3451sw031.rs.caixa,rs3451sw031.rs.caixa
RS,3452-0 SAA AG. MATHIAS VELHO,rs3452ra1.rs.caixa,rs3452ra1.rs.caixa
RS,3452-0 SAA AG. MATHIAS VELHO,rs3452sw001.rs.caixa,rs3452sw001.rs.caixa
RS,3452-0 SAA AG. MATHIAS VELHO,rs3452sw031.rs.caixa,rs3452sw031.rs.caixa
RS,3453-0 SAA AG. SERToRIO,rs3453ra1.rs.caixa,rs3453ra1.rs.caixa
RS,3453-0 SAA AG. SERToRIO,rs3453sw001.rs.caixa,rs3453sw001.rs.caixa
RS,3453-0 SAA AG. SERToRIO,rs3453sw031.rs.caixa,rs3453sw031.rs.caixa
RS,3454-0 SAA AG. SANTOS FERREIRA,rs3454ra1.rs.caixa,rs3454ra1.rs.caixa
RS,3454-0 SAA AG. SANTOS FERREIRA,rs3454sw001.rs.caixa,rs3454sw001.rs.caixa
RS,3454-0 SAA AG. SANTOS FERREIRA,rs3454sw031.rs.caixa,rs3454sw031.rs.caixa
RS,3457-0 SAA AG. VILA SANTA ISABEL,rs3457ra1.rs.caixa,rs3457ra1.rs.caixa
RS,3457-0 SAA AG. VILA SANTA ISABEL,rs3457sw001.rs.caixa,rs3457sw001.rs.caixa
RS,3457-0 SAA AG. VILA SANTA ISABEL,rs3457sw031.rs.caixa,rs3457sw031.rs.caixa
RS,3460-0 SAA AG. INTERCAP,rs3460ra1.rs.caixa,rs3460ra1.rs.caixa
RS,3460-0 SAA AG. INTERCAP,rs3460sw001.rs.caixa,rs3460sw001.rs.caixa
RS,3460-0 SAA AG. INTERCAP,rs3460sw031.rs.caixa,rs3460sw031.rs.caixa
RS,3461-0 SAA AG. METROPOLITANA,rs3461ra1.rs.caixa,rs3461ra1.rs.caixa
RS,3461-0 SAA AG. METROPOLITANA,rs3461sw001.rs.caixa,rs3461sw001.rs.caixa
RS,3461-0 SAA AG. METROPOLITANA,rs3461sw002.rs.caixa,rs3461sw002.rs.caixa
RS,3461-0 SAA AG. METROPOLITANA,rs3461sw031.rs.caixa,rs3461sw031.rs.caixa
RS,3480-0 SAA AG. LOMBA DO PINHEIRO,rs3480ra1.rs.caixa,rs3480ra1.rs.caixa
RS,3480-0 SAA AG. LOMBA DO PINHEIRO,rs3480sw001.rs.caixa,rs3480sw001.rs.caixa
RS,3480-0 SAA AG. LOMBA DO PINHEIRO,rs3480sw031.rs.caixa,rs3480sw031.rs.caixa
RS,3481-0 SAA AG. ABERTA DOS MORROS,rs3481ra1.rs.caixa,rs3481ra1.rs.caixa
RS,3481-0 SAA AG. ABERTA DOS MORROS,rs3481sw001.rs.caixa,rs3481sw001.rs.caixa
RS,3481-0 SAA AG. ABERTA DOS MORROS,rs3481sw031.rs.caixa,rs3481sw031.rs.caixa
RS,3482-0 SAA AG. LUiS DE CAMoES,rs3482ra1.rs.caixa,rs3482ra1.rs.caixa
RS,3482-0 SAA AG. LUiS DE CAMoES,rs3482sw001.rs.caixa,rs3482sw001.rs.caixa
RS,3482-0 SAA AG. LUiS DE CAMoES,rs3482sw031.rs.caixa,rs3482sw031.rs.caixa
RS,3486-0 SAA AG. PADRE ReUS,rs3486ra1.rs.caixa,rs3486ra1.rs.caixa
RS,3486-0 SAA AG. PADRE ReUS,rs3486sw001.rs.caixa,rs3486sw001.rs.caixa
RS,3486-0 SAA AG. PADRE ReUS,rs3486sw031.rs.caixa,rs3486sw031.rs.caixa
RS,3567-0 SAA AG. SETE DE SETEMBRO,rs3567ra1.rs.caixa,rs3567ra1.rs.caixa
RS,3567-0 SAA AG. SETE DE SETEMBRO,rs3567sw001.rs.caixa,rs3567sw001.rs.caixa
RS,3567-0 SAA AG. SETE DE SETEMBRO,rs3567sw031.rs.caixa,rs3567sw031.rs.caixa
RS,3667-0 SAA AG. BOM PRINCIPIO,rs3667ra1.rs.caixa,rs3667ra1.rs.caixa
RS,3667-0 SAA AG. BOM PRINCIPIO,rs3667sw001.rs.caixa,rs3667sw001.rs.caixa
RS,3667-0 SAA AG. BOM PRINCIPIO,rs3667sw031.rs.caixa,rs3667sw031.rs.caixa
RS,3668-0 SAA AG. AREAL,rs3668ra1.rs.caixa,rs3668ra1.rs.caixa
RS,3668-0 SAA AG. AREAL,rs3668sw001.rs.caixa,rs3668sw001.rs.caixa
RS,3668-0 SAA AG. AREAL,rs3668sw031.rs.caixa,rs3668sw031.rs.caixa
RS,3670-0 SAA AG. COLMEIA DO TRABALHO,rs3670ra1.rs.caixa,rs3670ra1.rs.caixa
RS,3670-0 SAA AG. COLMEIA DO TRABALHO,rs3670sw001.rs.caixa,rs3670sw001.rs.caixa
RS,3670-0 SAA AG. COLMEIA DO TRABALHO,rs3670sw031.rs.caixa,rs3670sw031.rs.caixa
RS,3671-0 SAA AG. PERIMETRAL SUL,rs3671ra1.rs.caixa,rs3671ra1.rs.caixa
RS,3671-0 SAA AG. PERIMETRAL SUL,rs3671sw001.rs.caixa,rs3671sw001.rs.caixa
RS,3671-0 SAA AG. PERIMETRAL SUL,rs3671sw031.rs.caixa,rs3671sw031.rs.caixa
RS,3672-0 SAA AG. BOM JESUS DA SERRA,rs3672ra1.rs.caixa,rs3672ra1.rs.caixa
RS,3672-0 SAA AG. BOM JESUS DA SERRA,rs3672sw001.rs.caixa,rs3672sw001.rs.caixa
RS,3672-0 SAA AG. BOM JESUS DA SERRA,rs3672sw031.rs.caixa,rs3672sw031.rs.caixa
RS,3673-0 SAA AG. NOVA SAPUCAIA,rs3673ra1.rs.caixa,rs3673ra1.rs.caixa
RS,3673-0 SAA AG. NOVA SAPUCAIA,rs3673sw001.rs.caixa,rs3673sw001.rs.caixa
RS,3673-0 SAA AG. NOVA SAPUCAIA,rs3673sw031.rs.caixa,rs3673sw031.rs.caixa
RS,3674-0 SAA AG. OSVALDO ARANHA,rs3674ra1.rs.caixa,rs3674ra1.rs.caixa
RS,3674-0 SAA AG. OSVALDO ARANHA,rs3674sw001.rs.caixa,rs3674sw001.rs.caixa
RS,3674-0 SAA AG. OSVALDO ARANHA,rs3674sw031.rs.caixa,rs3674sw031.rs.caixa
RS,3689-0 SAA AG. FLORESTAL,rs3689ra1.rs.caixa,rs3689ra1.rs.caixa
RS,3689-0 SAA AG. FLORESTAL,rs3689sw001.rs.caixa,rs3689sw001.rs.caixa
RS,3689-0 SAA AG. FLORESTAL,rs3689sw031.rs.caixa,rs3689sw031.rs.caixa
RS,3710-0 SAA AG. BAIRRO BOQUEIRAO,rs3710ra1.rs.caixa,rs3710ra1.rs.caixa
RS,3710-0 SAA AG. BAIRRO BOQUEIRAO,rs3710sw001.rs.caixa,rs3710sw001.rs.caixa
RS,3710-0 SAA AG. BAIRRO BOQUEIRAO,rs3710sw031.rs.caixa,rs3710sw031.rs.caixa
RS,3711-0 SAA AG. CHARQUEADAS,rs3711ra1.rs.caixa,rs3711ra1.rs.caixa
RS,3711-0 SAA AG. CHARQUEADAS,rs3711sw001.rs.caixa,rs3711sw001.rs.caixa
RS,3711-0 SAA AG. CHARQUEADAS,rs3711sw031.rs.caixa,rs3711sw031.rs.caixa
RS,3712-0 SAA AG. JARDIM DO SHOPPING,rs3712ra1.rs.caixa,rs3712ra1.rs.caixa
RS,3712-0 SAA AG. JARDIM DO SHOPPING,rs3712sw001.rs.caixa,rs3712sw001.rs.caixa
RS,3712-0 SAA AG. JARDIM DO SHOPPING,rs3712sw031.rs.caixa,rs3712sw031.rs.caixa
RS,3713-0 SAA AG. NOIVA DO MAR,rs3713ra1.rs.caixa,rs3713ra1.rs.caixa
RS,3713-0 SAA AG. NOIVA DO MAR,rs3713sw001.rs.caixa,rs3713sw001.rs.caixa
RS,3713-0 SAA AG. NOIVA DO MAR,rs3713sw002.rs.caixa,rs3713sw002.rs.caixa
RS,3713-0 SAA AG. NOIVA DO MAR,rs3713sw031.rs.caixa,rs3713sw031.rs.caixa
RS,3714-0 SAA AG. NOVA SANTA RITA,rs3714ra1.rs.caixa,rs3714ra1.rs.caixa
RS,3714-0 SAA AG. NOVA SANTA RITA,rs3714sw001.rs.caixa,rs3714sw001.rs.caixa
RS,3714-0 SAA AG. NOVA SANTA RITA,rs3714sw031.rs.caixa,rs3714sw031.rs.caixa
RS,3715-0 SAA AG. PERIMETRAL NORTE,rs3715ra1.rs.caixa,rs3715ra1.rs.caixa
RS,3715-0 SAA AG. PERIMETRAL NORTE,rs3715sw001.rs.caixa,rs3715sw001.rs.caixa
RS,3715-0 SAA AG. PERIMETRAL NORTE,rs3715sw031.rs.caixa,rs3715sw031.rs.caixa
RS,3881-0 SAA AG. BAIRRO TRES VENDAS,rs3881ra1.rs.caixa,rs3881ra1.rs.caixa
RS,3881-0 SAA AG. BAIRRO TRES VENDAS,rs3881sw001.rs.caixa,rs3881sw001.rs.caixa
RS,3881-0 SAA AG. BAIRRO TRES VENDAS,rs3881sw031.rs.caixa,rs3881sw031.rs.caixa
RS,3882-0 SAA AG. VICENTE DA FONTOURA,rs3882ra1.rs.caixa,rs3882ra1.rs.caixa
RS,3882-0 SAA AG. VICENTE DA FONTOURA,rs3882sw001.rs.caixa,rs3882sw001.rs.caixa
RS,3882-0 SAA AG. VICENTE DA FONTOURA,rs3882sw031.rs.caixa,rs3882sw031.rs.caixa
RS,3883-0 SAA AG. PRACA INDEPENDENCIA,rs3883ra1.rs.caixa,rs3883ra1.rs.caixa
RS,3883-0 SAA AG. PRACA INDEPENDENCIA,rs3883sw001.rs.caixa,rs3883sw001.rs.caixa
RS,3883-0 SAA AG. PRACA INDEPENDENCIA,rs3883sw031.rs.caixa,rs3883sw031.rs.caixa
RS,3916-0 SAA PAB TRF 4A REGIAO PORTO ALEGRE,rs3916ra1.rs.caixa,rs3916ra1.rs.caixa
RS,3916-0 SAA PAB TRF 4A REGIAO PORTO ALEGRE,rs3916sw001.rs.caixa,rs3916sw001.rs.caixa
RS,3916-0 SAA PAB TRF 4A REGIAO PORTO ALEGRE,rs3916sw031.rs.caixa,rs3916sw031.rs.caixa
RS,3917-0 SAA AG. TEUTONIA,rs3917ra1.rs.caixa,rs3917ra1.rs.caixa
RS,3917-0 SAA AG. TEUTONIA,rs3917sw001.rs.caixa,rs3917sw001.rs.caixa
RS,3917-0 SAA AG. TEUTONIA,rs3917sw002.rs.caixa,rs3917sw002.rs.caixa
RS,3917-0 SAA AG. TEUTONIA,rs3917sw031.rs.caixa,rs3917sw031.rs.caixa
RS,3917-2 PAE SNC PM TEUToNIA,rs3917ra3.rs.caixa,rs3917ra3.rs.caixa
RS,3917-2 PAE SNC PM TEUToNIA,rs3917sw301.rs.caixa,rs3917sw301.rs.caixa
RS,3925-0 SAA PAB JUSTICA FEDERAL SANTA MARIA,rs3925ra1.rs.caixa,rs3925ra1.rs.caixa
RS,3925-0 SAA PAB JUSTICA FEDERAL SANTA MARIA,rs3925sw031.rs.caixa,rs3925sw031.rs.caixa
RS,3926-0 SAA PAB JUSTICA FEDERAL PASSO FUNDO,rs3926ra1.rs.caixa,rs3926ra1.rs.caixa
RS,3926-0 SAA PAB JUSTICA FEDERAL PASSO FUNDO,rs3926sw031.rs.caixa,rs3926sw031.rs.caixa
RS,3928-0 SAA PAB JUSTICA FEDERAL SANTO ANGELO,rs3928ra1.rs.caixa,rs3928ra1.rs.caixa
RS,3928-0 SAA PAB JUSTICA FEDERAL SANTO ANGELO,rs3928sw001.rs.caixa,rs3928sw001.rs.caixa
RS,3928-0 SAA PAB JUSTICA FEDERAL SANTO ANGELO,rs3928sw031.rs.caixa,rs3928sw031.rs.caixa
RS,3930-0 SAA PAB JUSTICA FEDERAL BAGe,rs3930ra1.rs.caixa,rs3930ra1.rs.caixa
RS,3930-0 SAA PAB JUSTICA FEDERAL BAGe,rs3930sw031.rs.caixa,rs3930sw031.rs.caixa
RS,3931-0 SAA PAB JUSTICA FEDERAL CAXIAS DO SUL,rs3931ra1.rs.caixa,rs3931ra1.rs.caixa
RS,3931-0 SAA PAB JUSTICA FEDERAL CAXIAS DO SUL,rs3931sw031.rs.caixa,rs3931sw031.rs.caixa
RS,3934-0 SAA PAB JUSTICA FEDERAL NOVO HAMBURGO,rs3934ra1.rs.caixa,rs3934ra1.rs.caixa
RS,3934-0 SAA PAB JUSTICA FEDERAL NOVO HAMBURGO,rs3934sw031.rs.caixa,rs3934sw031.rs.caixa
RS,3934-0 SAA PAB JUSTICA FEDERAL NOVO HAMBURGO,rs3934sw201.rs.caixa,rs3934sw201.rs.caixa
RS,3942-0 SAA PAB DPF,rs3942ra1.rs.caixa,rs3942ra1.rs.caixa
RS,3942-0 SAA PAB DPF,rs3942sw031.rs.caixa,rs3942sw031.rs.caixa
RS,3947-0 SAA PAB JUSTICA DO TRABALHO BENTO GONCALVES,rs3947ra1.rs.caixa,rs3947ra1.rs.caixa
RS,3947-0 SAA PAB JUSTICA DO TRABALHO BENTO GONCALVES,rs3947sw031.rs.caixa,rs3947sw031.rs.caixa
RS,3955-0 SAA PAB JUSTICA DO TRABALHO CAXIAS DO SUL,rs3955ra1.rs.caixa,rs3955ra1.rs.caixa
RS,3955-0 SAA PAB JUSTICA DO TRABALHO CAXIAS DO SUL,rs3955sw031.rs.caixa,rs3955sw031.rs.caixa
RS,3962-0 SAA AG. IMIGRANTE,rs3962ra1.rs.caixa,rs3962ra1.rs.caixa
RS,3962-0 SAA AG. IMIGRANTE,rs3962sw001.rs.caixa,rs3962sw001.rs.caixa
RS,3962-0 SAA AG. IMIGRANTE,rs3962sw002.rs.caixa,rs3962sw002.rs.caixa
RS,3962-0 SAA AG. IMIGRANTE,rs3962sw031.rs.caixa,rs3962sw031.rs.caixa
RS,3973-0 SAA PAB JUSTICA DO TRABALHO CANOAS,rs3973ra1.rs.caixa,rs3973ra1.rs.caixa
RS,3973-0 SAA PAB JUSTICA DO TRABALHO CANOAS,rs3973sw031.rs.caixa,rs3973sw031.rs.caixa
RS,4017-0 SAA PAB TRT 4A REGIAO PORTO ALEGRE,rs4017ra1.rs.caixa,rs4017ra1.rs.caixa
RS,4017-0 SAA PAB TRT 4A REGIAO PORTO ALEGRE,rs4017sw001.rs.caixa,rs4017sw001.rs.caixa
RS,4017-0 SAA PAB TRT 4A REGIAO PORTO ALEGRE,rs4017sw031.rs.caixa,rs4017sw031.rs.caixa
RS,4152-0 SAA AG. AV FREDERICO LINCK,rs4152ra1.rs.caixa,rs4152ra1.rs.caixa
RS,4152-0 SAA AG. AV FREDERICO LINCK,rs4152sw001.rs.caixa,rs4152sw001.rs.caixa
RS,4152-0 SAA AG. AV FREDERICO LINCK,rs4152sw002.rs.caixa,rs4152sw002.rs.caixa
RS,4152-0 SAA AG. AV FREDERICO LINCK,rs4152sw031.rs.caixa,rs4152sw031.rs.caixa
RS,4164-0 SAA AG. BAIRRO PIO X,rs4164ra1.rs.caixa,rs4164ra1.rs.caixa
RS,4164-0 SAA AG. BAIRRO PIO X,rs4164sw001.rs.caixa,rs4164sw001.rs.caixa
RS,4164-0 SAA AG. BAIRRO PIO X,rs4164sw002.rs.caixa,rs4164sw002.rs.caixa
RS,4164-0 SAA AG. BAIRRO PIO X,rs4164sw031.rs.caixa,rs4164sw031.rs.caixa
RS,4244-0 SAA AG. CASSINO,rs4244ra1.rs.caixa,rs4244ra1.rs.caixa
RS,4244-0 SAA AG. CASSINO,rs4244sw001.rs.caixa,rs4244sw001.rs.caixa
RS,4244-0 SAA AG. CASSINO,rs4244sw031.rs.caixa,rs4244sw031.rs.caixa
RS,4244-2 PAE SNC PRAIA DO CASSINO,rs4244ra3.rs.caixa,rs4244ra3.rs.caixa
RS,4244-2 PAE SNC PRAIA DO CASSINO,rs4244sw301.rs.caixa,rs4244sw301.rs.caixa
RS,4312-0 ED. EMPRESARIAL CAXIAS DO SUL (4312),rs4312ra1.rs.caixa,rs4312ra1.rs.caixa
RS,4312-0 ED. EMPRESARIAL CAXIAS DO SUL (4312),rs4312sw001.rs.caixa,rs4312sw001.rs.caixa
RS,4312-0 ED. EMPRESARIAL CAXIAS DO SUL (4312),rs4312sw002.rs.caixa,rs4312sw002.rs.caixa
RS,4424-0 SAA AG. SIMOES LOPES,rs4424ra1.rs.caixa,rs4424ra1.rs.caixa
RS,4424-0 SAA AG. SIMOES LOPES,rs4424sw001.rs.caixa,rs4424sw001.rs.caixa
RS,4424-0 SAA AG. SIMOES LOPES,rs4424sw002.rs.caixa,rs4424sw002.rs.caixa
RS,4424-0 SAA AG. SIMOES LOPES,rs4424sw031.rs.caixa,rs4424sw031.rs.caixa
RS,4425-0 SAA AG.BOCA DO MONTE,rs4425ra1.rs.caixa,rs4425ra1.rs.caixa
RS,4425-0 SAA AG.BOCA DO MONTE,rs4425sw001.rs.caixa,rs4425sw001.rs.caixa
RS,4425-0 SAA AG.BOCA DO MONTE,rs4425sw031.rs.caixa,rs4425sw031.rs.caixa
RS,4426-0 SAA AG. MOSTARDAS,rs4426ra1.rs.caixa,rs4426ra1.rs.caixa
RS,4426-0 SAA AG. MOSTARDAS,rs4426sw001.rs.caixa,rs4426sw001.rs.caixa
RS,4426-0 SAA AG. MOSTARDAS,rs4426sw031.rs.caixa,rs4426sw031.rs.caixa
RS,4428-0 SAA AG. RINCAO,rs4428ra1.rs.caixa,rs4428ra1.rs.caixa
RS,4428-0 SAA AG. RINCAO,rs4428sw001.rs.caixa,rs4428sw001.rs.caixa
RS,4428-0 SAA AG. RINCAO,rs4428sw031.rs.caixa,rs4428sw031.rs.caixa
RS,4429-0 SAA AG. BAIRRO RIO BRANCO,rs4429ra1.rs.caixa,rs4429ra1.rs.caixa
RS,4429-0 SAA AG. BAIRRO RIO BRANCO,rs4429sw001.rs.caixa,rs4429sw001.rs.caixa
RS,4429-0 SAA AG. BAIRRO RIO BRANCO,rs4429sw031.rs.caixa,rs4429sw031.rs.caixa
RS,4431-0 SAA AG. MARECHAL FLORIANO,rs4431ra1.rs.caixa,rs4431ra1.rs.caixa
RS,4431-0 SAA AG. MARECHAL FLORIANO,rs4431sw001.rs.caixa,rs4431sw001.rs.caixa
RS,4431-0 SAA AG. MARECHAL FLORIANO,rs4431sw031.rs.caixa,rs4431sw031.rs.caixa
RS,4432-0 SAA AG. SAO FRANCISCO DE ASSIS,rs4432ra1.rs.caixa,rs4432ra1.rs.caixa
RS,4432-0 SAA AG. SAO FRANCISCO DE ASSIS,rs4432sw001.rs.caixa,rs4432sw001.rs.caixa
RS,4432-0 SAA AG. SAO FRANCISCO DE ASSIS,rs4432sw031.rs.caixa,rs4432sw031.rs.caixa
RS,4433-0 SAA AG. CORACAO DO RIO GRANDE,rs4433ra1.rs.caixa,rs4433ra1.rs.caixa
RS,4433-0 SAA AG. CORACAO DO RIO GRANDE,rs4433sw001.rs.caixa,rs4433sw001.rs.caixa
RS,4433-0 SAA AG. CORACAO DO RIO GRANDE,rs4433sw031.rs.caixa,rs4433sw031.rs.caixa
RS,4434-0 SAA AG. SAO JOSE DO NORTE,rs4434ra1.rs.caixa,rs4434ra1.rs.caixa
RS,4434-0 SAA AG. SAO JOSE DO NORTE,rs4434sw001.rs.caixa,rs4434sw001.rs.caixa
RS,4434-0 SAA AG. SAO JOSE DO NORTE,rs4434sw031.rs.caixa,rs4434sw031.rs.caixa
RS,4435-0 SAA AG. PALMARES DO SUL,rs4435ra1.rs.caixa,rs4435ra1.rs.caixa
RS,4435-0 SAA AG. PALMARES DO SUL,rs4435sw001.rs.caixa,rs4435sw001.rs.caixa
RS,4435-0 SAA AG. PALMARES DO SUL,rs4435sw031.rs.caixa,rs4435sw031.rs.caixa
RS,4436-0 SAA AG. PRACA DO PORTAO,rs4436ra1.rs.caixa,rs4436ra1.rs.caixa
RS,4436-0 SAA AG. PRACA DO PORTAO,rs4436sw001.rs.caixa,rs4436sw001.rs.caixa
RS,4436-0 SAA AG. PRACA DO PORTAO,rs4436sw031.rs.caixa,rs4436sw031.rs.caixa
RS,4447-0 PA CAMINHOS DO CARAVAGGIO,rs4447ra1.rs.caixa,rs4447ra1.rs.caixa
RS,4447-0 PA CAMINHOS DO CARAVAGGIO,rs4447sw001.rs.caixa,rs4447sw001.rs.caixa
RS,4447-0 PA CAMINHOS DO CARAVAGGIO,rs4447sw030.rs.caixa,rs4447sw030.rs.caixa
RS,4447-0 PA CAMINHOS DO CARAVAGGIO,rs4447sw031.rs.caixa,rs4447sw031.rs.caixa
RS,4506-0 SAA AG.NOSSA SENHORA DA LUZ,rs4506ra1.rs.caixa,rs4506ra1.rs.caixa
RS,4506-0 SAA AG.NOSSA SENHORA DA LUZ,rs4506sw001.rs.caixa,rs4506sw001.rs.caixa
RS,4506-0 SAA AG.NOSSA SENHORA DA LUZ,rs4506sw031.rs.caixa,rs4506sw031.rs.caixa
RS,4507-0 SAA AG. TAPERA,rs4507ra1.rs.caixa,rs4507ra1.rs.caixa
RS,4507-0 SAA AG. TAPERA,rs4507sw001.rs.caixa,rs4507sw001.rs.caixa
RS,4507-0 SAA AG. TAPERA,rs4507sw031.rs.caixa,rs4507sw031.rs.caixa
RS,4508-0 SAA AG. AV. OTTO NIEMEYER,rs4508ra1.rs.caixa,rs4508ra1.rs.caixa
RS,4508-0 SAA AG. AV. OTTO NIEMEYER,rs4508sw001.rs.caixa,rs4508sw001.rs.caixa
RS,4508-0 SAA AG. AV. OTTO NIEMEYER,rs4508sw031.rs.caixa,rs4508sw031.rs.caixa
RS,4545-0 PA AGRO PASSO FUNDO,rs4545ra1.rs.caixa,rs4545ra1.rs.caixa
RS,4545-0 PA AGRO PASSO FUNDO,rs4545sw031.rs.caixa,rs4545sw031.rs.caixa
RS,4674-0 SAA AG. BAIRRO SANTA CATARINA,rs4674ra1.rs.caixa,rs4674ra1.rs.caixa
RS,4674-0 SAA AG. BAIRRO SANTA CATARINA,rs4674sw001.rs.caixa,rs4674sw001.rs.caixa
RS,4674-0 SAA AG. BAIRRO SANTA CATARINA,rs4674sw031.rs.caixa,rs4674sw031.rs.caixa
RS,4675-0 SAA AG. RAINHA DA FRONTEIRA,rs4675ra1.rs.caixa,rs4675ra1.rs.caixa
RS,4675-0 SAA AG. RAINHA DA FRONTEIRA,rs4675sw001.rs.caixa,rs4675sw001.rs.caixa
RS,4675-0 SAA AG. RAINHA DA FRONTEIRA,rs4675sw031.rs.caixa,rs4675sw031.rs.caixa
RS,4722-0 SAA AG. MOROTIN,rs4722ra1.rs.caixa,rs4722ra1.rs.caixa
RS,4722-0 SAA AG. MOROTIN,rs4722sw001.rs.caixa,rs4722sw001.rs.caixa
RS,4722-0 SAA AG. MOROTIN,rs4722sw031.rs.caixa,rs4722sw031.rs.caixa
RS,4726-0 SAA AG. ARROIO DOS RATOS,rs4726ra1.rs.caixa,rs4726ra1.rs.caixa
RS,4726-0 SAA AG. ARROIO DOS RATOS,rs4726sw001.rs.caixa,rs4726sw001.rs.caixa
RS,4726-0 SAA AG. ARROIO DOS RATOS,rs4726sw031.rs.caixa,rs4726sw031.rs.caixa
RS,4743-0 SAA AG. IMBE,rs4743ra1.rs.caixa,rs4743ra1.rs.caixa
RS,4743-0 SAA AG. IMBE,rs4743sw001.rs.caixa,rs4743sw001.rs.caixa
RS,4743-0 SAA AG. IMBE,rs4743sw031.rs.caixa,rs4743sw031.rs.caixa
RS,4809-0 SAA AG. ARROIO GRANDE,rs4809ra1.rs.caixa,rs4809ra1.rs.caixa
RS,4809-0 SAA AG. ARROIO GRANDE,rs4809sw001.rs.caixa,rs4809sw001.rs.caixa
RS,4809-0 SAA AG. ARROIO GRANDE,rs4809sw031.rs.caixa,rs4809sw031.rs.caixa
RS,4810-0 SAA AG. PARCAO,rs4810ra1.rs.caixa,rs4810ra1.rs.caixa
RS,4810-0 SAA AG. PARCAO,rs4810sw001.rs.caixa,rs4810sw001.rs.caixa
RS,4810-0 SAA AG. PARCAO,rs4810sw031.rs.caixa,rs4810sw031.rs.caixa
RS,4811-0 SAA AG. TENENTE PORTELA,rs4811ra1.rs.caixa,rs4811ra1.rs.caixa
RS,4811-0 SAA AG. TENENTE PORTELA,rs4811sw001.rs.caixa,rs4811sw001.rs.caixa
RS,4811-0 SAA AG. TENENTE PORTELA,rs4811sw031.rs.caixa,rs4811sw031.rs.caixa
RS,4812-0 SAA AG. BAIRRO LIBERDADE,rs4812ra1.rs.caixa,rs4812ra1.rs.caixa
RS,4812-0 SAA AG. BAIRRO LIBERDADE,rs4812sw001.rs.caixa,rs4812sw001.rs.caixa
RS,4812-0 SAA AG. BAIRRO LIBERDADE,rs4812sw031.rs.caixa,rs4812sw031.rs.caixa
RS,4938-0 SAA AG. SALTO DO JACUI,rs4938ra1.rs.caixa,rs4938ra1.rs.caixa
RS,4938-0 SAA AG. SALTO DO JACUI,rs4938sw001.rs.caixa,rs4938sw001.rs.caixa
RS,4938-0 SAA AG. SALTO DO JACUI,rs4938sw031.rs.caixa,rs4938sw031.rs.caixa
RS,4939-0 SAA AG. NOVA HARTZ,rs4939ra1.rs.caixa,rs4939ra1.rs.caixa
RS,4939-0 SAA AG. NOVA HARTZ,rs4939sw001.rs.caixa,rs4939sw001.rs.caixa
RS,4939-0 SAA AG. NOVA HARTZ,rs4939sw031.rs.caixa,rs4939sw031.rs.caixa
RS,6305-0 ED. REJUR SANTA MARIA (6305),rs6305ra1.rs.caixa,rs6305ra1.rs.caixa
RS,6305-0 ED. REJUR SANTA MARIA (6305),rs6305sw001.rs.caixa,rs6305sw001.rs.caixa
RS,6305-0 ED. REJUR SANTA MARIA (6305),rs6305sw002.rs.caixa,rs6305sw002.rs.caixa
RS,6305-0 ED. REJUR SANTA MARIA (6305),rs6305sw003.rs.caixa,rs6305sw003.rs.caixa
RS,6305-0 ED. REJUR SANTA MARIA (6305),rs6305sw101.rs.caixa,rs6305sw101.rs.caixa
RS,6305-0 ED. REJUR SANTA MARIA (6305),rs6305sw102.rs.caixa,rs6305sw102.rs.caixa
RS,6421-0 ED. GOV NOVO HAMBURGO (6421),rs2794sw001.rs.caixa,rs2794sw001.rs.caixa
RS,6421-0 ED. GOV NOVO HAMBURGO (6421),rs6421ra1.rs.caixa,rs6421ra1.rs.caixa
RS,6421-0 ED. GOV NOVO HAMBURGO (6421),rs6421sw001.rs.caixa,rs6421sw001.rs.caixa
RS,6421-0 ED. GOV NOVO HAMBURGO (6421),rs6421sw002.rs.caixa,rs6421sw002.rs.caixa
RS,6421-0 ED. GOV NOVO HAMBURGO (6421),rs6421sw003.rs.caixa,rs6421sw003.rs.caixa
RS,6421-0 ED. GOV NOVO HAMBURGO (6421),rs6421sw004.rs.caixa,rs6421sw004.rs.caixa
RS,6421-0 ED. GOV NOVO HAMBURGO (6421),rs6421sw005.rs.caixa,rs6421sw005.rs.caixa
RS,6421-0 ED. GOV NOVO HAMBURGO (6421),rs6421sw006.rs.caixa,rs6421sw006.rs.caixa
RS,6421-0 ED. GOV NOVO HAMBURGO (6421),rs6421sw101.rs.caixa,rs6421sw101.rs.caixa
RS,6421-0 ED. GOV NOVO HAMBURGO (6421),rs7710sw001.rs.caixa,rs7710sw001.rs.caixa
RS,6421-0 ED. GOV NOVO HAMBURGO (6421),rs7710sw002.rs.caixa,rs7710sw002.rs.caixa
RS,6421-0 ED. GOV NOVO HAMBURGO (6421),rs7710sw003.rs.caixa,rs7710sw003.rs.caixa
RS,6421-0 ED. GOV NOVO HAMBURGO (6421),rs7725sw001.rs.caixa,rs7725sw001.rs.caixa
RS,6421-0 ED. GOV NOVO HAMBURGO (6421),rs7725sw002.rs.caixa,rs7725sw002.rs.caixa
RS,7456-0 PA AGRO URUGUAIANA,rs7456ra1.rs.caixa,rs7456ra1.rs.caixa
RS,7456-0 PA AGRO URUGUAIANA,rs7456sw031.rs.caixa,rs7456sw031.rs.caixa
RS,7697-0 ED. REGOV CAXIAS DO SUL,rs7697ra1.rs.caixa,rs7697ra1.rs.caixa
RS,7697-0 ED. REGOV CAXIAS DO SUL,rs7697sw002.rs.caixa,rs7697sw002.rs.caixa
RS,7697-0 ED. REGOV CAXIAS DO SUL,rs7697sw003.rs.caixa,rs7697sw003.rs.caixa
RS,7697-0 ED. REGOV CAXIAS DO SUL,rs7697sw004.rs.caixa,rs7697sw004.rs.caixa
RS,7697-0 ED. REGOV CAXIAS DO SUL,rs7697sw005.rs.caixa,rs7697sw005.rs.caixa
RS,7697-0 ED. REGOV CAXIAS DO SUL,rs7697sw006.rs.caixa,rs7697sw006.rs.caixa
RS,7876-0 ED. QUERENCIA,rs7876ra1.rs.caixa,rs7876ra1.rs.caixa
RS,7876-0 ED. QUERENCIA,rs7876ra2.rs.caixa,rs7876ra2.rs.caixa
RS,7976-0 PA AGRO NAO-ME-TOQUE,rs7976ra1.rs.caixa,rs7976ra1.rs.caixa
RS,7976-0 PA AGRO NAO-ME-TOQUE,rs7976sw031.rs.caixa,rs7976sw031.rs.caixa
RS,PO,rs0000sw004.rs.caixa,rs0000sw004.rs.caixa
RS,PO,rs0000sw005.rs.caixa,rs0000sw005.rs.caixa
RS,PO,rs0000sw007.rs.caixa,rs0000sw007.rs.caixa
RS,PO,rs0000sw008.rs.caixa,rs0000sw008.rs.caixa
RS,PO,rs0000sw009.rs.caixa,rs0000sw009.rs.caixa
RS,PO,rs0000sw010.rs.caixa,rs0000sw010.rs.caixa
RS,PO,rs0000sw011.rs.caixa,rs0000sw011.rs.caixa
RS,PO,rs0000sw013.rs.caixa,rs0000sw013.rs.caixa
RS,PO,rs0000sw014.rs.caixa,rs0000sw014.rs.caixa
RS,PO,rs0000sw015.rs.caixa,rs0000sw015.rs.caixa
RS,PO,rs0000sw020.rs.caixa,rs0000sw020.rs.caixa
RS,PO,rs0000sw021.rs.caixa,rs0000sw021.rs.caixa
RS,PO,rs7876sw112.rs.caixa,rs7876sw112.rs.caixa
RS,PO,rs7876sw113.rs.caixa,rs7876sw113.rs.caixa
RS,PO,rs7876sw114.rs.caixa,rs7876sw114.rs.caixa
RS,PO,rs7876sw115.rs.caixa,rs7876sw115.rs.caixa
RS,PO,rs7876sw121.rs.caixa,rs7876sw121.rs.caixa
RS,PO,rs7876sw122.rs.caixa,rs7876sw122.rs.caixa
RS,PO,rs7876sw123.rs.caixa,rs7876sw123.rs.caixa
RS,PO,rs7876sw124.rs.caixa,rs7876sw124.rs.caixa
RS,PO,rs7876sw125.rs.caixa,rs7876sw125.rs.caixa
RS,PO,rs7876sw126.rs.caixa,rs7876sw126.rs.caixa
RS,PO,rs7876sw131.rs.caixa,rs7876sw131.rs.caixa
RS,PO,rs7876sw132.rs.caixa,rs7876sw132.rs.caixa
RS,PO,rs7876sw133.rs.caixa,rs7876sw133.rs.caixa
RS,PO,rs7876sw134.rs.caixa,rs7876sw134.rs.caixa
RS,PO,rs7876sw135.rs.caixa,rs7876sw135.rs.caixa
RS,PO,rs7876sw136.rs.caixa,rs7876sw136.rs.caixa
RS,PO,rs7876sw141.rs.caixa,rs7876sw141.rs.caixa
RS,PO,rs7876sw142.rs.caixa,rs7876sw142.rs.caixa
RS,PO,rs7876sw143.rs.caixa,rs7876sw143.rs.caixa
RS,PO,rs7876sw144.rs.caixa,rs7876sw144.rs.caixa
RS,PO,rs7876sw145.rs.caixa,rs7876sw145.rs.caixa
RS,PO,rs7876sw146.rs.caixa,rs7876sw146.rs.caixa
RS,PO,rs7876sw211.rs.caixa,rs7876sw211.rs.caixa
RS,PO,rs7876sw212.rs.caixa,rs7876sw212.rs.caixa
RS,PO,rs7876sw221.rs.caixa,rs7876sw221.rs.caixa
RS,PO,rs7876sw222.rs.caixa,rs7876sw222.rs.caixa
RS,PO,rs7876sw223.rs.caixa,rs7876sw223.rs.caixa
RS,PO,rs7876sw224.rs.caixa,rs7876sw224.rs.caixa
RS,PO,rsrrpae10.rs.caixa,rsrrpae10.rs.caixa
RS,PO,rsrrpae9.rs.caixa,rsrrpae9.rs.caixa
PR,0264-0 CLEVELANDIA,pr0264ra1.pr.caixa,pr0264ra1.pr.caixa
PR,0264-0 CLEVELANDIA,pr0264sw120.pr.caixa,pr0264sw120.pr.caixa
PR,0264-0 CLEVELANDIA,pr0264sw121.pr.caixa,pr0264sw121.pr.caixa
PR,0368-0 COMENDADOR,pr0368ra1.pr.caixa,pr0368ra1.pr.caixa
PR,0368-0 COMENDADOR,pr0368sw150.pr.caixa,pr0368sw150.pr.caixa
PR,0368-0 COMENDADOR,pr0368sw151.pr.caixa,pr0368sw151.pr.caixa
PR,0368-0 COMENDADOR,pr0368sw152.pr.caixa,pr0368sw152.pr.caixa
PR,0368-0 COMENDADOR,pr0368sw153.pr.caixa,pr0368sw153.pr.caixa
PR,0368-0 COMENDADOR,pr0368sw154.pr.caixa,pr0368sw154.pr.caixa
PR,0368-0 COMENDADOR,pr0368sw199.pr.caixa,pr0368sw199.pr.caixa
PR,0368-1 PA MINISTERIO PUBLICO,pr0368ra2.pr.caixa,pr0368ra2.pr.caixa
PR,0368-1 PA MINISTERIO PUBLICO,pr0368sw220.pr.caixa,pr0368sw220.pr.caixa
PR,0369-0 CARLOS GOMES,pr0369ra1.pr.caixa,pr0369ra1.pr.caixa
PR,0369-0 CARLOS GOMES,pr0369sw150.pr.caixa,pr0369sw150.pr.caixa
PR,0369-0 CARLOS GOMES,pr0369sw151.pr.caixa,pr0369sw151.pr.caixa
PR,0369-0 CARLOS GOMES,pr0369sw152.pr.caixa,pr0369sw152.pr.caixa
PR,0369-0 CARLOS GOMES,pr0369sw153.pr.caixa,pr0369sw153.pr.caixa
PR,0369-0 CARLOS GOMES,pr0369sw154.pr.caixa,pr0369sw154.pr.caixa
PR,0369-0 CARLOS GOMES,pr0369sw155.pr.caixa,pr0369sw155.pr.caixa
PR,0369-0 CARLOS GOMES,pr0369sw156.pr.caixa,pr0369sw156.pr.caixa
PR,0369-0 CARLOS GOMES,pr0369sw157.pr.caixa,pr0369sw157.pr.caixa
PR,0369-0 CARLOS GOMES,pr0369sw158.pr.caixa,pr0369sw158.pr.caixa
PR,0369-0 CARLOS GOMES,pr0369sw198.pr.caixa,pr0369sw198.pr.caixa
PR,0369-0 CARLOS GOMES,pr0369sw199.pr.caixa,pr0369sw199.pr.caixa
PR,0369-1 CAMARA DOS VEREADORES - CTBA,pr0369ra2.pr.caixa,pr0369ra2.pr.caixa
PR,0370-0 BARAO DO SERRO AZUL,pr0370ra1.pr.caixa,pr0370ra1.pr.caixa
PR,0370-0 BARAO DO SERRO AZUL,pr0370sw150.pr.caixa,pr0370sw150.pr.caixa
PR,0370-0 BARAO DO SERRO AZUL,pr0370sw151.pr.caixa,pr0370sw151.pr.caixa
PR,0370-0 BARAO DO SERRO AZUL,pr0370sw152.pr.caixa,pr0370sw152.pr.caixa
PR,0370-0 BARAO DO SERRO AZUL,pr0370sw153.pr.caixa,pr0370sw153.pr.caixa
PR,0370-0 BARAO DO SERRO AZUL,pr0370sw154.pr.caixa,pr0370sw154.pr.caixa
PR,0370-0 BARAO DO SERRO AZUL,pr0370sw199.pr.caixa,pr0370sw199.pr.caixa
PR,0371-0 BACACHERI,pr0371ra1.pr.caixa,pr0371ra1.pr.caixa
PR,0371-0 BACACHERI,pr0371sw150.pr.caixa,pr0371sw150.pr.caixa
PR,0371-0 BACACHERI,pr0371sw151.pr.caixa,pr0371sw151.pr.caixa
PR,0371-0 BACACHERI,pr0371sw152.pr.caixa,pr0371sw152.pr.caixa
PR,0371-0 BACACHERI,pr0371sw153.pr.caixa,pr0371sw153.pr.caixa
PR,0371-0 BACACHERI,pr0371sw199.pr.caixa,pr0371sw199.pr.caixa
PR,0372-0 CRISTO REI,pr0372ra1.pr.caixa,pr0372ra1.pr.caixa
PR,0372-0 CRISTO REI,pr0372sw150.pr.caixa,pr0372sw150.pr.caixa
PR,0372-0 CRISTO REI,pr0372sw151.pr.caixa,pr0372sw151.pr.caixa
PR,0372-0 CRISTO REI,pr0372sw152.pr.caixa,pr0372sw152.pr.caixa
PR,0372-0 CRISTO REI,pr0372sw153.pr.caixa,pr0372sw153.pr.caixa
PR,0372-0 CRISTO REI,pr0372sw199.pr.caixa,pr0372sw199.pr.caixa
PR,0373-0 MARECHAL DEODORO,pr0373ra1.pr.caixa,pr0373ra1.pr.caixa
PR,0373-0 MARECHAL DEODORO,pr0373sw150.pr.caixa,pr0373sw150.pr.caixa
PR,0373-0 MARECHAL DEODORO,pr0373sw151.pr.caixa,pr0373sw151.pr.caixa
PR,0373-0 MARECHAL DEODORO,pr0373sw152.pr.caixa,pr0373sw152.pr.caixa
PR,0373-0 MARECHAL DEODORO,pr0373sw153.pr.caixa,pr0373sw153.pr.caixa
PR,0373-0 MARECHAL DEODORO,pr0373sw154.pr.caixa,pr0373sw154.pr.caixa
PR,0373-0 MARECHAL DEODORO,pr0373sw155.pr.caixa,pr0373sw155.pr.caixa
PR,0373-0 MARECHAL DEODORO,pr0373sw199.pr.caixa,pr0373sw199.pr.caixa
PR,0373-2 - PAE COPEL,pr0373ra3.pr.caixa,pr0373ra3.pr.caixa
PR,0374-0 MERCES,pr0374ra1.pr.caixa,pr0374ra1.pr.caixa
PR,0374-0 MERCES,pr0374sw150.pr.caixa,pr0374sw150.pr.caixa
PR,0374-0 MERCES,pr0374sw151.pr.caixa,pr0374sw151.pr.caixa
PR,0374-0 MERCES,pr0374sw152.pr.caixa,pr0374sw152.pr.caixa
PR,0374-0 MERCES,pr0374sw153.pr.caixa,pr0374sw153.pr.caixa
PR,0374-0 MERCES,pr0374sw199.pr.caixa,pr0374sw199.pr.caixa
PR,0375-0 PORTAO,pr0375ra1.pr.caixa,pr0375ra1.pr.caixa
PR,0375-0 PORTAO,pr0375sw150.pr.caixa,pr0375sw150.pr.caixa
PR,0375-0 PORTAO,pr0375sw151.pr.caixa,pr0375sw151.pr.caixa
PR,0375-0 PORTAO,pr0375sw152.pr.caixa,pr0375sw152.pr.caixa
PR,0375-0 PORTAO,pr0375sw153.pr.caixa,pr0375sw153.pr.caixa
PR,0375-0 PORTAO,pr0375sw154.pr.caixa,pr0375sw154.pr.caixa
PR,0375-0 PORTAO,pr0375sw155.pr.caixa,pr0375sw155.pr.caixa
PR,0375-0 PORTAO,pr0375sw199.pr.caixa,pr0375sw199.pr.caixa
PR,0376-0 SANTA FELICIDADE,pr0376ra1.pr.caixa,pr0376ra1.pr.caixa
PR,0376-0 SANTA FELICIDADE,pr0376sw150.pr.caixa,pr0376sw150.pr.caixa
PR,0376-0 SANTA FELICIDADE,pr0376sw151.pr.caixa,pr0376sw151.pr.caixa
PR,0376-0 SANTA FELICIDADE,pr0376sw152.pr.caixa,pr0376sw152.pr.caixa
PR,0376-0 SANTA FELICIDADE,pr0376sw153.pr.caixa,pr0376sw153.pr.caixa
PR,0376-0 SANTA FELICIDADE,pr0376sw199.pr.caixa,pr0376sw199.pr.caixa
PR,0377-0 RUA DAS FLORES,pr0377ra1.pr.caixa,pr0377ra1.pr.caixa
PR,0377-0 RUA DAS FLORES,pr0377sw150.pr.caixa,pr0377sw150.pr.caixa
PR,0377-0 RUA DAS FLORES,pr0377sw151.pr.caixa,pr0377sw151.pr.caixa
PR,0377-0 RUA DAS FLORES,pr0377sw152.pr.caixa,pr0377sw152.pr.caixa
PR,0377-0 RUA DAS FLORES,pr0377sw153.pr.caixa,pr0377sw153.pr.caixa
PR,0377-0 RUA DAS FLORES,pr0377sw154.pr.caixa,pr0377sw154.pr.caixa
PR,0377-0 RUA DAS FLORES,pr0377sw199.pr.caixa,pr0377sw199.pr.caixa
PR,0378-0 ANTONINA,pr0378ra1.pr.caixa,pr0378ra1.pr.caixa
PR,0378-0 ANTONINA,pr0378sw120.pr.caixa,pr0378sw120.pr.caixa
PR,0378-0 ANTONINA,pr0378sw121.pr.caixa,pr0378sw121.pr.caixa
PR,0378-0 ANTONINA,pr0378sw122.pr.caixa,pr0378sw122.pr.caixa
PR,0379-0 APUCARANA,pr0379ra1.pr.caixa,pr0379ra1.pr.caixa
PR,0379-0 APUCARANA,pr0379sw150.pr.caixa,pr0379sw150.pr.caixa
PR,0379-0 APUCARANA,pr0379sw151.pr.caixa,pr0379sw151.pr.caixa
PR,0379-0 APUCARANA,pr0379sw152.pr.caixa,pr0379sw152.pr.caixa
PR,0379-0 APUCARANA,pr0379sw153.pr.caixa,pr0379sw153.pr.caixa
PR,0379-0 APUCARANA,pr0379sw154.pr.caixa,pr0379sw154.pr.caixa
PR,0379-0 APUCARANA,pr0379sw199.pr.caixa,pr0379sw199.pr.caixa
PR,0380-0 ARAPONGAS,pr0380ra1.pr.caixa,pr0380ra1.pr.caixa
PR,0380-0 ARAPONGAS,pr0380sw150.pr.caixa,pr0380sw150.pr.caixa
PR,0380-0 ARAPONGAS,pr0380sw151.pr.caixa,pr0380sw151.pr.caixa
PR,0380-0 ARAPONGAS,pr0380sw152.pr.caixa,pr0380sw152.pr.caixa
PR,0380-0 ARAPONGAS,pr0380sw153.pr.caixa,pr0380sw153.pr.caixa
PR,0380-0 ARAPONGAS,pr0380sw199.pr.caixa,pr0380sw199.pr.caixa
PR,0380-4 FORUM ARAPONGAS,pr0380ra5.pr.caixa,pr0380ra5.pr.caixa
PR,0380-4 FORUM ARAPONGAS,pr0380sw520.pr.caixa,pr0380sw520.pr.caixa
PR,0381-0 ARAUCARIA,pr0381ra1.pr.caixa,pr0381ra1.pr.caixa
PR,0381-0 ARAUCARIA,pr0381sw150.pr.caixa,pr0381sw150.pr.caixa
PR,0381-0 ARAUCARIA,pr0381sw151.pr.caixa,pr0381sw151.pr.caixa
PR,0381-0 ARAUCARIA,pr0381sw152.pr.caixa,pr0381sw152.pr.caixa
PR,0381-0 ARAUCARIA,pr0381sw153.pr.caixa,pr0381sw153.pr.caixa
PR,0381-0 ARAUCARIA,pr0381sw199.pr.caixa,pr0381sw199.pr.caixa
PR,0381-1 JT ARAUCARIA,pr0381ra2.pr.caixa,pr0381ra2.pr.caixa
PR,0381-1 JT ARAUCARIA,pr0381sw220.pr.caixa,pr0381sw220.pr.caixa
PR,0381-3 FORUM ARAUCARIA,pr0381ra4.pr.caixa,pr0381ra4.pr.caixa
PR,0381-3 FORUM ARAUCARIA,pr0381sw420.pr.caixa,pr0381sw420.pr.caixa
PR,0382-0 BANDEIRANTES,pr0382ra1.pr.caixa,pr0382ra1.pr.caixa
PR,0382-0 BANDEIRANTES,pr0382sw120.pr.caixa,pr0382sw120.pr.caixa
PR,0382-0 BANDEIRANTES,pr0382sw121.pr.caixa,pr0382sw121.pr.caixa
PR,0382-0 BANDEIRANTES,pr0382sw122.pr.caixa,pr0382sw122.pr.caixa
PR,0382-0 BANDEIRANTES,pr0382sw123.pr.caixa,pr0382sw123.pr.caixa
PR,0383-0 CAMBARA,pr0383ra1.pr.caixa,pr0383ra1.pr.caixa
PR,0383-0 CAMBARA,pr0383sw120.pr.caixa,pr0383sw120.pr.caixa
PR,0383-0 CAMBARA,pr0383sw121.pr.caixa,pr0383sw121.pr.caixa
PR,0383-0 CAMBARA,pr0383sw122.pr.caixa,pr0383sw122.pr.caixa
PR,0384-0 CAMBE,pr0384ra1.pr.caixa,pr0384ra1.pr.caixa
PR,0384-0 CAMBE,pr0384sw150.pr.caixa,pr0384sw150.pr.caixa
PR,0384-0 CAMBE,pr0384sw151.pr.caixa,pr0384sw151.pr.caixa
PR,0384-0 CAMBE,pr0384sw152.pr.caixa,pr0384sw152.pr.caixa
PR,0384-0 CAMBE,pr0384sw199.pr.caixa,pr0384sw199.pr.caixa
PR,0384-1 SNC CAMBE,pr0384ra2.pr.caixa,pr0384ra2.pr.caixa
PR,0385-0 CAMPO LARGO,pr0385ra1.pr.caixa,pr0385ra1.pr.caixa
PR,0385-0 CAMPO LARGO,pr0385sw150.pr.caixa,pr0385sw150.pr.caixa
PR,0385-0 CAMPO LARGO,pr0385sw151.pr.caixa,pr0385sw151.pr.caixa
PR,0385-0 CAMPO LARGO,pr0385sw152.pr.caixa,pr0385sw152.pr.caixa
PR,0385-0 CAMPO LARGO,pr0385sw153.pr.caixa,pr0385sw153.pr.caixa
PR,0385-0 CAMPO LARGO,pr0385sw199.pr.caixa,pr0385sw199.pr.caixa
PR,0385-1 HOSPITAL ROCIO,pr0385ra2.pr.caixa,pr0385ra2.pr.caixa
PR,0385-1 HOSPITAL ROCIO,pr0385sw220.pr.caixa,pr0385sw220.pr.caixa
PR,0385-2 FORUM CAMPO LARGO,pr0385ra3.pr.caixa,pr0385ra3.pr.caixa
PR,0385-2 FORUM CAMPO LARGO,pr0385sw320.pr.caixa,pr0385sw320.pr.caixa
PR,0386-0 CAMPO MOURAO,pr0386ra1.pr.caixa,pr0386ra1.pr.caixa
PR,0386-0 CAMPO MOURAO,PR0386SW150.pr.caixa,PR0386SW150.pr.caixa
PR,0386-0 CAMPO MOURAO,PR0386SW151.pr.caixa,PR0386SW151.pr.caixa
PR,0386-0 CAMPO MOURAO,PR0386SW152.pr.caixa,PR0386SW152.pr.caixa
PR,0386-0 CAMPO MOURAO,PR0386SW153.pr.caixa,PR0386SW153.pr.caixa
PR,0386-0 CAMPO MOURAO,PR0386SW154.pr.caixa,PR0386SW154.pr.caixa
PR,0386-0 CAMPO MOURAO,PR0386SW199.pr.caixa,PR0386SW199.pr.caixa
PR,0386-2 FORUM CAMPO MOURAO,pr0386ra3.pr.caixa,pr0386ra3.pr.caixa
PR,0386-2 FORUM CAMPO MOURAO,pr0386sw320.pr.caixa,pr0386sw320.pr.caixa
PR,0387-0 CASTRO,pr0387ra1.pr.caixa,pr0387ra1.pr.caixa
PR,0387-0 CASTRO,pr0387sw150.pr.caixa,pr0387sw150.pr.caixa
PR,0387-0 CASTRO,pr0387sw151.pr.caixa,pr0387sw151.pr.caixa
PR,0387-0 CASTRO,pr0387sw152.pr.caixa,pr0387sw152.pr.caixa
PR,0387-0 CASTRO,pr0387sw199.pr.caixa,pr0387sw199.pr.caixa
PR,0388-0 CORNELIO PROCOPIO,pr0388ra1.pr.caixa,pr0388ra1.pr.caixa
PR,0388-0 CORNELIO PROCOPIO,pr0388sw150.pr.caixa,pr0388sw150.pr.caixa
PR,0388-0 CORNELIO PROCOPIO,pr0388sw151.pr.caixa,pr0388sw151.pr.caixa
PR,0388-0 CORNELIO PROCOPIO,pr0388sw152.pr.caixa,pr0388sw152.pr.caixa
PR,0388-0 CORNELIO PROCOPIO,pr0388sw153.pr.caixa,pr0388sw153.pr.caixa
PR,0388-0 CORNELIO PROCOPIO,pr0388sw199.pr.caixa,pr0388sw199.pr.caixa
PR,0388-2 FORUM CORNELIO PROCOPIO,pr0388ra3.pr.caixa,pr0388ra3.pr.caixa
PR,0388-2 FORUM CORNELIO PROCOPIO,pr0388sw320.pr.caixa,pr0388sw320.pr.caixa
PR,0389-0 GUARAPUAVA,pr0389ra1.pr.caixa,pr0389ra1.pr.caixa
PR,0389-0 GUARAPUAVA,pr0389sw150.pr.caixa,pr0389sw150.pr.caixa
PR,0389-0 GUARAPUAVA,pr0389sw151.pr.caixa,pr0389sw151.pr.caixa
PR,0389-0 GUARAPUAVA,pr0389sw152.pr.caixa,pr0389sw152.pr.caixa
PR,0389-0 GUARAPUAVA,pr0389sw153.pr.caixa,pr0389sw153.pr.caixa
PR,0389-0 GUARAPUAVA,pr0389sw154.pr.caixa,pr0389sw154.pr.caixa
PR,0389-0 GUARAPUAVA,pr0389sw155.pr.caixa,pr0389sw155.pr.caixa
PR,0389-0 GUARAPUAVA,pr0389sw199.pr.caixa,pr0389sw199.pr.caixa
PR,0389-2 FORUM GUARAPUAVA,pr0389ra3.pr.caixa,pr0389ra3.pr.caixa
PR,0389-2 FORUM GUARAPUAVA,pr0389sw320.pr.caixa,pr0389sw320.pr.caixa
PR,0390-0 IRATI,pr0390ra1.pr.caixa,pr0390ra1.pr.caixa
PR,0390-0 IRATI,pr0390sw150.pr.caixa,pr0390sw150.pr.caixa
PR,0390-0 IRATI,pr0390sw151.pr.caixa,pr0390sw151.pr.caixa
PR,0390-0 IRATI,pr0390sw152.pr.caixa,pr0390sw152.pr.caixa
PR,0390-0 IRATI,pr0390sw153.pr.caixa,pr0390sw153.pr.caixa
PR,0390-0 IRATI,pr0390sw199.pr.caixa,pr0390sw199.pr.caixa
PR,0391-0 JACAREZINHO,pr0391ra1.pr.caixa,pr0391ra1.pr.caixa
PR,0391-0 JACAREZINHO,pr0391sw120.pr.caixa,pr0391sw120.pr.caixa
PR,0391-0 JACAREZINHO,pr0391sw121.pr.caixa,pr0391sw121.pr.caixa
PR,0391-0 JACAREZINHO,pr0391sw122.pr.caixa,pr0391sw122.pr.caixa
PR,0391-0 JACAREZINHO,PR0391SW123.pr.caixa,PR0391SW123.pr.caixa
PR,0391-1 FORUM JACAREZINHO,pr0391ra2.pr.caixa,pr0391ra2.pr.caixa
PR,0391-1 FORUM JACAREZINHO,pr0391sw220.pr.caixa,pr0391sw220.pr.caixa
PR,0392-0 JAGUARIAIVA,pr0392ra1.pr.caixa,pr0392ra1.pr.caixa
PR,0392-0 JAGUARIAIVA,pr0392sw150.pr.caixa,pr0392sw150.pr.caixa
PR,0392-0 JAGUARIAIVA,pr0392sw151.pr.caixa,pr0392sw151.pr.caixa
PR,0392-0 JAGUARIAIVA,pr0392sw152.pr.caixa,pr0392sw152.pr.caixa
PR,0392-0 JAGUARIAIVA,pr0392sw199.pr.caixa,pr0392sw199.pr.caixa
PR,0393-0 LAPA,pr0393ra1.pr.caixa,pr0393ra1.pr.caixa
PR,0393-0 LAPA,pr0393sw150.pr.caixa,pr0393sw150.pr.caixa
PR,0393-0 LAPA,pr0393sw151.pr.caixa,pr0393sw151.pr.caixa
PR,0393-0 LAPA,pr0393sw152.pr.caixa,pr0393sw152.pr.caixa
PR,0393-0 LAPA,pr0393sw199.pr.caixa,pr0393sw199.pr.caixa
PR,0394-0 LONDRINA,pr0394ra1.pr.caixa,pr0394ra1.pr.caixa
PR,0394-0 LONDRINA,pr0394sw150.pr.caixa,pr0394sw150.pr.caixa
PR,0394-0 LONDRINA,pr0394sw151.pr.caixa,pr0394sw151.pr.caixa
PR,0394-0 LONDRINA,pr0394sw152.pr.caixa,pr0394sw152.pr.caixa
PR,0394-0 LONDRINA,pr0394sw153.pr.caixa,pr0394sw153.pr.caixa
PR,0394-0 LONDRINA,pr0394sw154.pr.caixa,pr0394sw154.pr.caixa
PR,0394-0 LONDRINA,pr0394sw155.pr.caixa,pr0394sw155.pr.caixa
PR,0394-0 LONDRINA,pr0394sw156.pr.caixa,pr0394sw156.pr.caixa
PR,0394-0 LONDRINA,pr0394sw157.pr.caixa,pr0394sw157.pr.caixa
PR,0394-0 LONDRINA,pr0394sw158.pr.caixa,pr0394sw158.pr.caixa
PR,0394-0 LONDRINA,pr0394sw198.pr.caixa,pr0394sw198.pr.caixa
PR,0394-0 LONDRINA,pr0394sw199.pr.caixa,pr0394sw199.pr.caixa
PR,0395-0 MARINGA,pr0395ra1.pr.caixa,pr0395ra1.pr.caixa
PR,0395-0 MARINGA,pr0395sw150.pr.caixa,pr0395sw150.pr.caixa
PR,0395-0 MARINGA,pr0395sw151.pr.caixa,pr0395sw151.pr.caixa
PR,0395-0 MARINGA,pr0395sw152.pr.caixa,pr0395sw152.pr.caixa
PR,0395-0 MARINGA,pr0395sw153.pr.caixa,pr0395sw153.pr.caixa
PR,0395-0 MARINGA,pr0395sw154.pr.caixa,pr0395sw154.pr.caixa
PR,0395-0 MARINGA,pr0395sw155.pr.caixa,pr0395sw155.pr.caixa
PR,0395-0 MARINGA,pr0395sw156.pr.caixa,pr0395sw156.pr.caixa
PR,0395-0 MARINGA,pr0395sw157.pr.caixa,pr0395sw157.pr.caixa
PR,0395-0 MARINGA,pr0395sw158.pr.caixa,pr0395sw158.pr.caixa
PR,0395-0 MARINGA,pr0395sw159.pr.caixa,pr0395sw159.pr.caixa
PR,0395-0 MARINGA,pr0395sw199.pr.caixa,pr0395sw199.pr.caixa
PR,0396-0 MORRETES,pr0396ra1.pr.caixa,pr0396ra1.pr.caixa
PR,0396-0 MORRETES,pr0396sw120.pr.caixa,pr0396sw120.pr.caixa
PR,0396-0 MORRETES,pr0396sw121.pr.caixa,pr0396sw121.pr.caixa
PR,0396-0 MORRETES,pr0396sw122.pr.caixa,pr0396sw122.pr.caixa
PR,0397-0 PALMEIRA,pr0397ra1.pr.caixa,pr0397ra1.pr.caixa
PR,0397-0 PALMEIRA,pr0397sw120.pr.caixa,pr0397sw120.pr.caixa
PR,0397-0 PALMEIRA,pr0397sw121.pr.caixa,pr0397sw121.pr.caixa
PR,0397-0 PALMEIRA,pr0397sw122.pr.caixa,pr0397sw122.pr.caixa
PR,0398-0 PARANAGUA,pr0398ra1.pr.caixa,pr0398ra1.pr.caixa
PR,0398-0 PARANAGUA,pr0398sw150.pr.caixa,pr0398sw150.pr.caixa
PR,0398-0 PARANAGUA,pr0398sw151.pr.caixa,pr0398sw151.pr.caixa
PR,0398-0 PARANAGUA,pr0398sw152.pr.caixa,pr0398sw152.pr.caixa
PR,0398-0 PARANAGUA,pr0398sw153.pr.caixa,pr0398sw153.pr.caixa
PR,0398-0 PARANAGUA,pr0398sw154.pr.caixa,pr0398sw154.pr.caixa
PR,0398-0 PARANAGUA,pr0398sw199.pr.caixa,pr0398sw199.pr.caixa
PR,0399-0 PARANAVAI,pr0399ra1.pr.caixa,pr0399ra1.pr.caixa
PR,0399-0 PARANAVAI,pr0399sw150.pr.caixa,pr0399sw150.pr.caixa
PR,0399-0 PARANAVAI,pr0399sw151.pr.caixa,pr0399sw151.pr.caixa
PR,0399-0 PARANAVAI,pr0399sw152.pr.caixa,pr0399sw152.pr.caixa
PR,0399-0 PARANAVAI,pr0399sw153.pr.caixa,pr0399sw153.pr.caixa
PR,0399-0 PARANAVAI,pr0399sw199.pr.caixa,pr0399sw199.pr.caixa
PR,0399-1 JF PARANAVAI,pr0399ra2.pr.caixa,pr0399ra2.pr.caixa
PR,0399-1 JF PARANAVAI,pr0399sw220.pr.caixa,pr0399sw220.pr.caixa
PR,0399-5 FORUM PARANAVAI,pr0399ra6.pr.caixa,pr0399ra6.pr.caixa
PR,0399-5 FORUM PARANAVAI,pr0399sw620.pr.caixa,pr0399sw620.pr.caixa
PR,0400-0 PONTA GROSSA,pr0400ra1.pr.caixa,pr0400ra1.pr.caixa
PR,0400-0 PONTA GROSSA,pr0400sw120.pr.caixa,pr0400sw120.pr.caixa
PR,0400-0 PONTA GROSSA,pr0400sw150.pr.caixa,pr0400sw150.pr.caixa
PR,0400-0 PONTA GROSSA,pr0400sw151.pr.caixa,pr0400sw151.pr.caixa
PR,0400-0 PONTA GROSSA,pr0400sw152.pr.caixa,pr0400sw152.pr.caixa
PR,0400-0 PONTA GROSSA,pr0400sw153.pr.caixa,pr0400sw153.pr.caixa
PR,0400-0 PONTA GROSSA,pr0400sw154.pr.caixa,pr0400sw154.pr.caixa
PR,0400-0 PONTA GROSSA,pr0400sw155.pr.caixa,pr0400sw155.pr.caixa
PR,0400-0 PONTA GROSSA,pr0400sw156.pr.caixa,pr0400sw156.pr.caixa
PR,0400-1 FORUM PONTA GROSSA,pr0400ra2.pr.caixa,pr0400ra2.pr.caixa
PR,0400-1 FORUM PONTA GROSSA,pr0400sw220.pr.caixa,pr0400sw220.pr.caixa
PR,0400-3 PM PONTA GROSSA,pr0400ra4.pr.caixa,pr0400ra4.pr.caixa
PR,0400-3 PM PONTA GROSSA,pr0400sw420.pr.caixa,pr0400sw420.pr.caixa
PR,0401-0 PRUDENTOPOLIS,pr0401ra1.pr.caixa,pr0401ra1.pr.caixa
PR,0401-0 PRUDENTOPOLIS,pr0401sw150.pr.caixa,pr0401sw150.pr.caixa
PR,0401-0 PRUDENTOPOLIS,pr0401sw151.pr.caixa,pr0401sw151.pr.caixa
PR,0401-0 PRUDENTOPOLIS,pr0401sw152.pr.caixa,pr0401sw152.pr.caixa
PR,0401-0 PRUDENTOPOLIS,pr0401sw199.pr.caixa,pr0401sw199.pr.caixa
PR,0402-0 RIBEIRAO CLARO,pr0402ra1.pr.caixa,pr0402ra1.pr.caixa
PR,0402-0 RIBEIRAO CLARO,pr0402sw120.pr.caixa,pr0402sw120.pr.caixa
PR,0402-0 RIBEIRAO CLARO,pr0402sw121.pr.caixa,pr0402sw121.pr.caixa
PR,0403-0 RIO NEGRO,pr0403ra1.pr.caixa,pr0403ra1.pr.caixa
PR,0403-0 RIO NEGRO,pr0403sw150.pr.caixa,pr0403sw150.pr.caixa
PR,0403-0 RIO NEGRO,pr0403sw151.pr.caixa,pr0403sw151.pr.caixa
PR,0403-0 RIO NEGRO,pr0403sw152.pr.caixa,pr0403sw152.pr.caixa
PR,0403-1 PM CAMPO DO TENENTE,pr0403ra2.pr.caixa,pr0403ra2.pr.caixa
PR,0403-1 PM CAMPO DO TENENTE,pr0403sw220.pr.caixa,pr0403sw220.pr.caixa
PR,0404-0 ROLANDIA,pr0404ra1.pr.caixa,pr0404ra1.pr.caixa
PR,0404-0 ROLANDIA,pr0404sw150.pr.caixa,pr0404sw150.pr.caixa
PR,0404-0 ROLANDIA,pr0404sw151.pr.caixa,pr0404sw151.pr.caixa
PR,0404-0 ROLANDIA,pr0404sw152.pr.caixa,pr0404sw152.pr.caixa
PR,0404-0 ROLANDIA,pr0404sw199.pr.caixa,pr0404sw199.pr.caixa
PR,0404-1 FORUM ROLANDIA,pr0404ra2.pr.caixa,pr0404ra2.pr.caixa
PR,0404-1 FORUM ROLANDIA,pr0404sw220.pr.caixa,pr0404sw220.pr.caixa
PR,0405-0 SANTO ANTONIO DA PLATINA,pr0405ra1.pr.caixa,pr0405ra1.pr.caixa
PR,0405-0 SANTO ANTONIO DA PLATINA,pr0405sw120.pr.caixa,pr0405sw120.pr.caixa
PR,0405-0 SANTO ANTONIO DA PLATINA,pr0405sw121.pr.caixa,pr0405sw121.pr.caixa
PR,0405-0 SANTO ANTONIO DA PLATINA,pr0405sw122.pr.caixa,pr0405sw122.pr.caixa
PR,0405-0 SANTO ANTONIO DA PLATINA,pr0405sw123.pr.caixa,pr0405sw123.pr.caixa
PR,0405-1 JT SANTO ANTONIO DA PLATINA,pr0405ra2.pr.caixa,pr0405ra2.pr.caixa
PR,0405-1 JT SANTO ANTONIO DA PLATINA,pr0405sw220.pr.caixa,pr0405sw220.pr.caixa
PR,0406-0 SAO JOSE DOS PINHAIS,pr0406ra1.pr.caixa,pr0406ra1.pr.caixa
PR,0406-0 SAO JOSE DOS PINHAIS,pr0406sw150.pr.caixa,pr0406sw150.pr.caixa
PR,0406-0 SAO JOSE DOS PINHAIS,pr0406sw151.pr.caixa,pr0406sw151.pr.caixa
PR,0406-0 SAO JOSE DOS PINHAIS,pr0406sw152.pr.caixa,pr0406sw152.pr.caixa
PR,0406-0 SAO JOSE DOS PINHAIS,pr0406sw153.pr.caixa,pr0406sw153.pr.caixa
PR,0406-0 SAO JOSE DOS PINHAIS,pr0406sw154.pr.caixa,pr0406sw154.pr.caixa
PR,0406-0 SAO JOSE DOS PINHAIS,pr0406sw155.pr.caixa,pr0406sw155.pr.caixa
PR,0406-0 SAO JOSE DOS PINHAIS,pr0406sw156.pr.caixa,pr0406sw156.pr.caixa
PR,0406-0 SAO JOSE DOS PINHAIS,pr0406sw199.pr.caixa,pr0406sw199.pr.caixa
PR,0406-1 JT SAO JOSE DOS PINHAIS,pr0406ra2.pr.caixa,pr0406ra2.pr.caixa
PR,0406-1 JT SAO JOSE DOS PINHAIS,pr0406sw220.pr.caixa,pr0406sw220.pr.caixa
PR,0406-2 - PAE HOSPITAL SÃO JOSÉ DOS PINHAIS,pr0406ra3.pr.caixa,pr0406ra3.pr.caixa
PR,0406-4 FORUM SAO JOSE DOS PINHAIS,pr0406ra5.pr.caixa,pr0406ra5.pr.caixa
PR,0406-4 FORUM SAO JOSE DOS PINHAIS,pr0406sw520.pr.caixa,pr0406sw520.pr.caixa
PR,0407-0 UNIAO DA VITORIA,pr0407ra1.pr.caixa,pr0407ra1.pr.caixa
PR,0407-0 UNIAO DA VITORIA,pr0407sw150.pr.caixa,pr0407sw150.pr.caixa
PR,0407-0 UNIAO DA VITORIA,pr0407sw151.pr.caixa,pr0407sw151.pr.caixa
PR,0407-0 UNIAO DA VITORIA,pr0407sw152.pr.caixa,pr0407sw152.pr.caixa
PR,0407-0 UNIAO DA VITORIA,pr0407sw153.pr.caixa,pr0407sw153.pr.caixa
PR,0407-0 UNIAO DA VITORIA,pr0407sw199.pr.caixa,pr0407sw199.pr.caixa
PR,0568-0 CASCAVEL,pr0568ra1.pr.caixa,pr0568ra1.pr.caixa
PR,0568-0 CASCAVEL,pr0568sw150.pr.caixa,pr0568sw150.pr.caixa
PR,0568-0 CASCAVEL,pr0568sw151.pr.caixa,pr0568sw151.pr.caixa
PR,0568-0 CASCAVEL,pr0568sw152.pr.caixa,pr0568sw152.pr.caixa
PR,0568-0 CASCAVEL,pr0568sw153.pr.caixa,pr0568sw153.pr.caixa
PR,0568-0 CASCAVEL,pr0568sw154.pr.caixa,pr0568sw154.pr.caixa
PR,0568-0 CASCAVEL,pr0568sw199.pr.caixa,pr0568sw199.pr.caixa
PR,0569-0 CIANORTE,pr0569ra1.pr.caixa,pr0569ra1.pr.caixa
PR,0569-0 CIANORTE,pr0569sw150.pr.caixa,pr0569sw150.pr.caixa
PR,0569-0 CIANORTE,pr0569sw151.pr.caixa,pr0569sw151.pr.caixa
PR,0569-0 CIANORTE,pr0569sw152.pr.caixa,pr0569sw152.pr.caixa
PR,0569-0 CIANORTE,pr0569sw153.pr.caixa,pr0569sw153.pr.caixa
PR,0569-0 CIANORTE,pr0569sw154.pr.caixa,pr0569sw154.pr.caixa
PR,0569-1 JT CIANORTE,pr0569ra2.pr.caixa,pr0569ra2.pr.caixa
PR,0569-1 JT CIANORTE,pr0569sw220.pr.caixa,pr0569sw220.pr.caixa
PR,0569-3 FORUM CIANORTE,pr0569ra4.pr.caixa,pr0569ra4.pr.caixa
PR,0569-3 FORUM CIANORTE,pr0569sw420.pr.caixa,pr0569sw420.pr.caixa
PR,0570-0 UMUARAMA,pr0570ra1.pr.caixa,pr0570ra1.pr.caixa
PR,0570-0 UMUARAMA,pr0570sw150.pr.caixa,pr0570sw150.pr.caixa
PR,0570-0 UMUARAMA,pr0570sw151.pr.caixa,pr0570sw151.pr.caixa
PR,0570-0 UMUARAMA,pr0570sw152.pr.caixa,pr0570sw152.pr.caixa
PR,0570-0 UMUARAMA,pr0570sw153.pr.caixa,pr0570sw153.pr.caixa
PR,0570-0 UMUARAMA,pr0570sw154.pr.caixa,pr0570sw154.pr.caixa
PR,0570-0 UMUARAMA,pr0570sw155.pr.caixa,pr0570sw155.pr.caixa
PR,0570-0 UMUARAMA,pr0570sw156.pr.caixa,pr0570sw156.pr.caixa
PR,0570-0 UMUARAMA,pr0570sw199.pr.caixa,pr0570sw199.pr.caixa
PR,0570-2 PM PEROLA,pr0570ra3.pr.caixa,pr0570ra3.pr.caixa
PR,0570-2 PM PEROLA,pr0570sw320.pr.caixa,pr0570sw320.pr.caixa
PR,0579-0 NOVA AURORA,pr0579ra1.pr.caixa,pr0579ra1.pr.caixa
PR,0579-0 NOVA AURORA,pr0579sw120.pr.caixa,pr0579sw120.pr.caixa
PR,0579-0 NOVA AURORA,pr0579sw121.pr.caixa,pr0579sw121.pr.caixa
PR,0581-0 CAPITAL ECOLOGICA,pr0581ra1.pr.caixa,pr0581ra1.pr.caixa
PR,0581-0 CAPITAL ECOLOGICA,pr0581sw120.pr.caixa,pr0581sw120.pr.caixa
PR,0581-0 CAPITAL ECOLOGICA,pr0581sw121.pr.caixa,pr0581sw121.pr.caixa
PR,0581-0 CAPITAL ECOLOGICA,pr0581sw122.pr.caixa,pr0581sw122.pr.caixa
PR,0586-0 SALGADO FILHO,pr0586ra1.pr.caixa,pr0586ra1.pr.caixa
PR,0586-0 SALGADO FILHO,pr0586sw150.pr.caixa,pr0586sw150.pr.caixa
PR,0586-0 SALGADO FILHO,pr0586sw151.pr.caixa,pr0586sw151.pr.caixa
PR,0586-0 SALGADO FILHO,pr0586sw152.pr.caixa,pr0586sw152.pr.caixa
PR,0586-0 SALGADO FILHO,pr0586sw199.pr.caixa,PR0586SW199.pr.caixa
PR,0589-0 FOZ DO IGUACU,pr0589ra1.pr.caixa,pr0589ra1.pr.caixa
PR,0589-0 FOZ DO IGUACU,pr0589sw150.pr.caixa,pr0589sw150.pr.caixa
PR,0589-0 FOZ DO IGUACU,pr0589sw151.pr.caixa,pr0589sw151.pr.caixa
PR,0589-0 FOZ DO IGUACU,pr0589sw152.pr.caixa,pr0589sw152.pr.caixa
PR,0589-0 FOZ DO IGUACU,pr0589sw153.pr.caixa,pr0589sw153.pr.caixa
PR,0589-0 FOZ DO IGUACU,pr0589sw154.pr.caixa,pr0589sw154.pr.caixa
PR,0589-0 FOZ DO IGUACU,pr0589sw199.pr.caixa,pr0589sw199.pr.caixa
PR,0589-1 FORUM FOZ DO IGUACU,pr0589ra2.pr.caixa,pr0589ra2.pr.caixa
PR,0589-1 FORUM FOZ DO IGUACU,pr0589sw200.pr.caixa,pr0589sw200.pr.caixa
PR,0601-0 FRANCISCO BELTRAO,pr0601ra1.pr.caixa,pr0601ra1.pr.caixa
PR,0601-0 FRANCISCO BELTRAO,pr0601sw150.pr.caixa,pr0601sw150.pr.caixa
PR,0601-0 FRANCISCO BELTRAO,pr0601sw151.pr.caixa,pr0601sw151.pr.caixa
PR,0601-0 FRANCISCO BELTRAO,pr0601sw152.pr.caixa,pr0601sw152.pr.caixa
PR,0601-0 FRANCISCO BELTRAO,pr0601sw153.pr.caixa,pr0601sw153.pr.caixa
PR,0601-0 FRANCISCO BELTRAO,pr0601sw154.pr.caixa,pr0601sw154.pr.caixa
PR,0601-0 FRANCISCO BELTRAO,pr0601sw199.pr.caixa,pr0601sw199.pr.caixa
PR,0602-0 PATO BRANCO,pr0602ra1.pr.caixa,pr0602ra1.pr.caixa
PR,0602-0 PATO BRANCO,pr0602sw150.pr.caixa,pr0602sw150.pr.caixa
PR,0602-0 PATO BRANCO,pr0602sw151.pr.caixa,pr0602sw151.pr.caixa
PR,0602-0 PATO BRANCO,pr0602sw152.pr.caixa,pr0602sw152.pr.caixa
PR,0602-0 PATO BRANCO,pr0602sw153.pr.caixa,pr0602sw153.pr.caixa
PR,0602-0 PATO BRANCO,pr0602sw154.pr.caixa,pr0602sw154.pr.caixa
PR,0602-0 PATO BRANCO,pr0602sw199.pr.caixa,pr0602sw199.pr.caixa
PR,0602-1 FORUM PATO BRANCO,pr0602ra2.pr.caixa,pr0602ra2.pr.caixa
PR,0602-1 FORUM PATO BRANCO,pr0602sw220.pr.caixa,pr0602sw220.pr.caixa
PR,0650-0 JF CURITIBA,pr0650ra1.pr.caixa,pr0650ra1.pr.caixa
PR,0650-0 JF CURITIBA,pr0650sw150.pr.caixa,pr0650sw150.pr.caixa
PR,0650-0 JF CURITIBA,pr0650sw151.pr.caixa,pr0650sw151.pr.caixa
PR,0663-0 UNIVERSIDADE FEDERAL CURITIBA,pr0663ra1.pr.caixa,pr0663ra1.pr.caixa
PR,0663-0 UNIVERSIDADE FEDERAL CURITIBA,pr0663sw120.pr.caixa,pr0663sw120.pr.caixa
PR,0663-0 UNIVERSIDADE FEDERAL CURITIBA,pr0663sw121.pr.caixa,pr0663sw121.pr.caixa
PR,0663-0 UNIVERSIDADE FEDERAL CURITIBA,pr0663sw122.pr.caixa,pr0663sw122.pr.caixa
PR,0722-0 GUAIRA,pr0722ra1.pr.caixa,pr0722ra1.pr.caixa
PR,0722-0 GUAIRA,pr0722sw120.pr.caixa,pr0722sw120.pr.caixa
PR,0722-0 GUAIRA,pr0722sw121.pr.caixa,pr0722sw121.pr.caixa
PR,0722-0 GUAIRA,pr0722sw122.pr.caixa,pr0722sw122.pr.caixa
PR,0723-0 IPORA,pr0723ra1.pr.caixa,pr0723ra1.pr.caixa
PR,0723-0 IPORA,pr0723sw120.pr.caixa,pr0723sw120.pr.caixa
PR,0723-0 IPORA,pr0723sw121.pr.caixa,pr0723sw121.pr.caixa
PR,0723-0 IPORA,pr0723sw122.pr.caixa,pr0723sw122.pr.caixa
PR,0724-0 IVAIPORA,pr0724ra1.pr.caixa,pr0724ra1.pr.caixa
PR,0724-0 IVAIPORA,pr0724sw120.pr.caixa,pr0724sw120.pr.caixa
PR,0724-0 IVAIPORA,pr0724sw121.pr.caixa,pr0724sw121.pr.caixa
PR,0724-0 IVAIPORA,pr0724sw122.pr.caixa,pr0724sw122.pr.caixa
PR,0724-0 IVAIPORA,pr0724sw123.pr.caixa,pr0724sw123.pr.caixa
PR,0725-0 TELEMACO BORBA,pr0725ra1.pr.caixa,pr0725ra1.pr.caixa
PR,0725-0 TELEMACO BORBA,pr0725sw150.pr.caixa,pr0725sw150.pr.caixa
PR,0725-0 TELEMACO BORBA,pr0725sw151.pr.caixa,pr0725sw151.pr.caixa
PR,0725-0 TELEMACO BORBA,pr0725sw152.pr.caixa,pr0725sw152.pr.caixa
PR,0725-0 TELEMACO BORBA,pr0725sw153.pr.caixa,pr0725sw153.pr.caixa
PR,0725-0 TELEMACO BORBA,pr0725sw199.pr.caixa,pr0725sw199.pr.caixa
PR,0725-1 SNCTELEMACO BORBA,pr0725ra2.pr.caixa,pr0725ra2.pr.caixa
PR,0725-2 FORUM TELEMACO BORBA,pr0725ra3.pr.caixa,pr0725ra3.pr.caixa
PR,0725-2 FORUM TELEMACO BORBA,pr0725sw320.pr.caixa,pr0725sw320.pr.caixa
PR,0726-0 TOLEDO,pr0726ra1.pr.caixa,pr0726ra1.pr.caixa
PR,0726-0 TOLEDO,pr0726sw121.pr.caixa,pr0726sw121.pr.caixa
PR,0726-0 TOLEDO,pr0726sw122.pr.caixa,pr0726sw122.pr.caixa
PR,0726-0 TOLEDO,pr0726sw150.pr.caixa,pr0726sw150.pr.caixa
PR,0726-0 TOLEDO,pr0726sw151.pr.caixa,pr0726sw151.pr.caixa
PR,0726-0 TOLEDO,pr0726sw153.pr.caixa,pr0726sw153.pr.caixa
PR,0726-0 TOLEDO,pr0726sw154.pr.caixa,pr0726sw154.pr.caixa
PR,0726-0 TOLEDO,pr0726sw199.pr.caixa,pr0726sw199.pr.caixa
PR,0726-1 FORUM TOLEDO,pr0726ra2.pr.caixa,pr0726ra2.pr.caixa
PR,0726-1 FORUM TOLEDO,pr0726sw220.pr.caixa,pr0726sw220.pr.caixa
PR,0726-2 PM TOLEDO,pr0726ra3.pr.caixa,pr0726ra3.pr.caixa
PR,0726-2 PM TOLEDO,pr0726sw320.pr.caixa,pr0726sw320.pr.caixa
PR,0731-0 NOVA CAJURU,pr0731ra1.pr.caixa,pr0731ra1.pr.caixa
PR,0731-0 NOVA CAJURU,pr0731sw120.pr.caixa,pr0731sw120.pr.caixa
PR,0731-0 NOVA CAJURU,pr0731sw121.pr.caixa,pr0731sw121.pr.caixa
PR,0731-0 NOVA CAJURU,pr0731sw122.pr.caixa,pr0731sw122.pr.caixa
PR,0813-0 UNIVERSIDADE TECNOLOGICA,pr0813ra1.pr.caixa,pr0813ra1.pr.caixa
PR,0813-0 UNIVERSIDADE TECNOLOGICA,pr0813sw120.pr.caixa,pr0813sw120.pr.caixa
PR,0813-0 UNIVERSIDADE TECNOLOGICA,pr0813sw121.pr.caixa,pr0813sw121.pr.caixa
PR,0833-0 PONTAL DO PARANA,pr0833ra1.pr.caixa,pr0833ra1.pr.caixa
PR,0833-0 PONTAL DO PARANA,pr0833sw120.pr.caixa,pr0833sw120.pr.caixa
PR,0833-0 PONTAL DO PARANA,pr0833sw121.pr.caixa,pr0833sw121.pr.caixa
PR,0865-0 NOVA ESPERANCA,pr0865ra1.pr.caixa,pr0865ra1.pr.caixa
PR,0865-0 NOVA ESPERANCA,pr0865sw120.pr.caixa,pr0865sw120.pr.caixa
PR,0865-0 NOVA ESPERANCA,pr0865sw121.pr.caixa,pr0865sw121.pr.caixa
PR,0865-0 NOVA ESPERANCA,pr0865sw122.pr.caixa,pr0865sw122.pr.caixa
PR,0865-1 JT NOVA ESPERANCA,pr0865ra2.pr.caixa,pr0865ra2.pr.caixa
PR,0865-1 JT NOVA ESPERANCA,pr0865sw220.pr.caixa,pr0865sw220.pr.caixa
PR,0872-0 SENAC,pr0872ra1.pr.caixa,pr0872ra1.pr.caixa
PR,0872-0 SENAC,pr0872sw120.pr.caixa,pr0872sw120.pr.caixa
PR,0872-0 SENAC,pr0872sw121.pr.caixa,pr0872sw121.pr.caixa
PR,0873-0 TERRA BELA,pr0873ra1.pr.caixa,pr0873ra1.pr.caixa
PR,0873-0 TERRA BELA,pr0873sw150.pr.caixa,pr0873sw150.pr.caixa
PR,0873-0 TERRA BELA,pr0873sw151.pr.caixa,pr0873sw151.pr.caixa
PR,0873-0 TERRA BELA,pr0873sw152.pr.caixa,pr0873sw152.pr.caixa
PR,0873-0 TERRA BELA,pr0873sw153.pr.caixa,pr0873sw153.pr.caixa
PR,0873-0 TERRA BELA,pr0873sw199.pr.caixa,pr0873sw199.pr.caixa
PR,0891-0 FORUM TRABALHISTA CURITIBA,pr0891ra1.pr.caixa,pr0891ra1.pr.caixa
PR,0891-0 FORUM TRABALHISTA CURITIBA,pr0891sw150.pr.caixa,pr0891sw150.pr.caixa
PR,0891-0 FORUM TRABALHISTA CURITIBA,pr0891sw151.pr.caixa,pr0891sw151.pr.caixa
PR,0910-0 ASSAI,pr0910ra1.pr.caixa,pr0910ra1.pr.caixa
PR,0910-0 ASSAI,pr0910sw120.pr.caixa,pr0910sw120.pr.caixa
PR,0910-0 ASSAI,pr0910sw121.pr.caixa,pr0910sw121.pr.caixa
PR,0910-0 ASSAI,pr0910sw122.pr.caixa,pr0910sw122.pr.caixa
PR,0918-0 IBAITI,pr0918ra1.pr.caixa,pr0918ra1.pr.caixa
PR,0918-0 IBAITI,pr0918sw120.pr.caixa,pr0918sw120.pr.caixa
PR,0918-0 IBAITI,pr0918sw121.pr.caixa,pr0918sw121.pr.caixa
PR,0918-0 IBAITI,pr0918sw122.pr.caixa,pr0918sw122.pr.caixa
PR,0931-0 DOIS VIZINHOS,pr0931ra1.pr.caixa,pr0931ra1.pr.caixa
PR,0931-0 DOIS VIZINHOS,pr0931sw150.pr.caixa,pr0931sw150.pr.caixa
PR,0931-0 DOIS VIZINHOS,pr0931sw151.pr.caixa,pr0931sw151.pr.caixa
PR,0931-0 DOIS VIZINHOS,pr0931sw152.pr.caixa,pr0931sw152.pr.caixa
PR,0931-0 DOIS VIZINHOS,pr0931sw199.pr.caixa,pr0931sw199.pr.caixa
PR,0932-0 LARANJEIRAS DO SUL,pr0932ra1.pr.caixa,pr0932ra1.pr.caixa
PR,0932-0 LARANJEIRAS DO SUL,pr0932sw120.pr.caixa,pr0932sw120.pr.caixa
PR,0932-0 LARANJEIRAS DO SUL,pr0932sw121.pr.caixa,pr0932sw121.pr.caixa
PR,0932-0 LARANJEIRAS DO SUL,pr0932sw122.pr.caixa,pr0932sw122.pr.caixa
PR,0955-0 PALOTINA,pr0955ra1.pr.caixa,pr0955ra1.pr.caixa
PR,0955-0 PALOTINA,pr0955sw120.pr.caixa,pr0955sw120.pr.caixa
PR,0955-0 PALOTINA,pr0955sw121.pr.caixa,pr0955sw121.pr.caixa
PR,0955-0 PALOTINA,pr0955sw122.pr.caixa,pr0955sw122.pr.caixa
PR,0956-0 MEDIANEIRA,pr0956ra1.pr.caixa,pr0956ra1.pr.caixa
PR,0956-0 MEDIANEIRA,pr0956sw150.pr.caixa,pr0956sw150.pr.caixa
PR,0956-0 MEDIANEIRA,pr0956sw151.pr.caixa,pr0956sw151.pr.caixa
PR,0956-0 MEDIANEIRA,pr0956sw152.pr.caixa,pr0956sw152.pr.caixa
PR,0956-0 MEDIANEIRA,pr0956sw199.pr.caixa,pr0956sw199.pr.caixa
PR,0956-1 PAE FRIMESA,pr0956ra2.pr.caixa,pr0956ra2.pr.caixa
PR,0957-0 ASSIS CHATEAUBRIAND,pr0957ra1.pr.caixa,pr0957ra1.pr.caixa
PR,0957-0 ASSIS CHATEAUBRIAND,pr0957sw120.pr.caixa,pr0957sw120.pr.caixa
PR,0957-0 ASSIS CHATEAUBRIAND,pr0957sw121.pr.caixa,pr0957sw121.pr.caixa
PR,0957-0 ASSIS CHATEAUBRIAND,pr0957sw122.pr.caixa,pr0957sw122.pr.caixa
PR,0957-0 ASSIS CHATEAUBRIAND,pr0957sw123.pr.caixa,pr0957sw123.pr.caixa
PR,0966-0 GOIOERE,pr0966ra1.pr.caixa,pr0966ra1.pr.caixa
PR,0966-0 GOIOERE,pr0966sw120.pr.caixa,pr0966sw120.pr.caixa
PR,0966-0 GOIOERE,pr0966sw121.pr.caixa,pr0966sw121.pr.caixa
PR,0966-0 GOIOERE,pr0966sw122.pr.caixa,pr0966sw122.pr.caixa
PR,0967-0 LOANDA,pr0967ra1.pr.caixa,pr0967ra1.pr.caixa
PR,0967-0 LOANDA,PR0967SW120.pr.caixa,PR0967SW120.pr.caixa
PR,0967-0 LOANDA,PR0967SW121.pr.caixa,PR0967SW121.pr.caixa
PR,0967-0 LOANDA,PR0967SW122.pr.caixa,PR0967SW122.pr.caixa
PR,0967-1 SANTA ISABEL DO IVAI,pr0967ra2.pr.caixa,pr0967ra2.pr.caixa
PR,0967-1 SANTA ISABEL DO IVAI,pr0967sw220.pr.caixa,pr0967sw220.pr.caixa
PR,0968-0 MARECHAL CANDIDO RONDON,pr0968ra1.pr.caixa,pr0968ra1.pr.caixa
PR,0968-0 MARECHAL CANDIDO RONDON,pr0968sw150.pr.caixa,pr0968sw150.pr.caixa
PR,0968-0 MARECHAL CANDIDO RONDON,pr0968sw151.pr.caixa,pr0968sw151.pr.caixa
PR,0968-0 MARECHAL CANDIDO RONDON,pr0968sw152.pr.caixa,pr0968sw152.pr.caixa
PR,0968-0 MARECHAL CANDIDO RONDON,pr0968sw199.pr.caixa,pr0968sw199.pr.caixa
PR,0969-0 MANDAGUARI,pr0969ra1.pr.caixa,pr0969ra1.pr.caixa
PR,0969-0 MANDAGUARI,pr0969sw150.pr.caixa,pr0969sw150.pr.caixa
PR,0969-0 MANDAGUARI,pr0969sw151.pr.caixa,pr0969sw151.pr.caixa
PR,0969-0 MANDAGUARI,pr0969sw152.pr.caixa,pr0969sw152.pr.caixa
PR,0969-0 MANDAGUARI,pr0969sw199.pr.caixa,pr0969sw199.pr.caixa
PR,0997-0 JUVEVE,pr0997ra1.pr.caixa,pr0997ra1.pr.caixa
PR,0997-0 JUVEVE,pr0997sw150.pr.caixa,pr0997sw150.pr.caixa
PR,0997-0 JUVEVE,pr0997sw151.pr.caixa,pr0997sw151.pr.caixa
PR,0997-0 JUVEVE,pr0997sw152.pr.caixa,pr0997sw152.pr.caixa
PR,0997-0 JUVEVE,pr0997sw153.pr.caixa,pr0997sw153.pr.caixa
PR,0997-0 JUVEVE,pr0997sw199.pr.caixa,pr0997sw199.pr.caixa
PR,0998-0 PINHEIRINHO,pr0998ra1.pr.caixa,pr0998ra1.pr.caixa
PR,0998-0 PINHEIRINHO,pr0998sw150.pr.caixa,pr0998sw150.pr.caixa
PR,0998-0 PINHEIRINHO,pr0998sw151.pr.caixa,pr0998sw151.pr.caixa
PR,0998-0 PINHEIRINHO,pr0998sw152.pr.caixa,pr0998sw152.pr.caixa
PR,0998-0 PINHEIRINHO,pr0998sw153.pr.caixa,pr0998sw153.pr.caixa
PR,0998-0 PINHEIRINHO,pr0998sw154.pr.caixa,pr0998sw154.pr.caixa
PR,0998-0 PINHEIRINHO,pr0998sw199.pr.caixa,pr0998sw199.pr.caixa
PR,1000-0 CIDADE SORRISO,pr1000ra1.pr.caixa,pr1000ra1.pr.caixa
PR,1000-0 CIDADE SORRISO,pr1000sw150.pr.caixa,pr1000sw150.pr.caixa
PR,1000-0 CIDADE SORRISO,pr1000sw151.pr.caixa,pr1000sw151.pr.caixa
PR,1000-0 CIDADE SORRISO,pr1000sw152.pr.caixa,pr1000sw152.pr.caixa
PR,1000-0 CIDADE SORRISO,pr1000sw153.pr.caixa,pr1000sw153.pr.caixa
PR,1000-0 CIDADE SORRISO,pr1000sw199.pr.caixa,pr1000sw199.pr.caixa
PR,1001-0 VILA HAUER,pr1001ra1.pr.caixa,pr1001ra1.pr.caixa
PR,1001-0 VILA HAUER,pr1001sw150.pr.caixa,pr1001sw150.pr.caixa
PR,1001-0 VILA HAUER,pr1001sw151.pr.caixa,pr1001sw151.pr.caixa
PR,1001-0 VILA HAUER,pr1001sw152.pr.caixa,pr1001sw152.pr.caixa
PR,1001-0 VILA HAUER,pr1001sw153.pr.caixa,pr1001sw153.pr.caixa
PR,1001-0 VILA HAUER,pr1001sw154.pr.caixa,pr1001sw154.pr.caixa
PR,1001-0 VILA HAUER,pr1001sw199.pr.caixa,pr1001sw199.pr.caixa
PR,1127-0 IBIPORA,pr1127ra1.pr.caixa,pr1127ra1.pr.caixa
PR,1127-0 IBIPORA,pr1127sw120.pr.caixa,pr1127sw120.pr.caixa
PR,1127-0 IBIPORA,pr1127sw121.pr.caixa,pr1127sw121.pr.caixa
PR,1127-0 IBIPORA,pr1127sw122.pr.caixa,pr1127sw122.pr.caixa
PR,1127-0 IBIPORA,pr1127sw123.pr.caixa,pr1127sw123.pr.caixa
PR,1148-0 PORECATU,pr1148ra1.pr.caixa,pr1148ra1.pr.caixa
PR,1148-0 PORECATU,pr1148sw120.pr.caixa,pr1148sw120.pr.caixa
PR,1148-0 PORECATU,pr1148sw121.pr.caixa,pr1148sw121.pr.caixa
PR,1148-0 PORECATU,pr1148sw122.pr.caixa,pr1148sw122.pr.caixa
PR,1256-0 CAPANEMA DO PARANA,pr1256ra1.pr.caixa,pr1256ra1.pr.caixa
PR,1256-0 CAPANEMA DO PARANA,pr1256sw120.pr.caixa,pr1256sw120.pr.caixa
PR,1256-0 CAPANEMA DO PARANA,pr1256sw121.pr.caixa,pr1256sw121.pr.caixa
PR,1256-0 CAPANEMA DO PARANA,pr1256sw122.pr.caixa,pr1256sw122.pr.caixa
PR,1260-0 COLORADO,pr1260ra1.pr.caixa,pr1260ra1.pr.caixa
PR,1260-0 COLORADO,pr1260sw120.pr.caixa,pr1260sw120.pr.caixa
PR,1260-0 COLORADO,pr1260sw121.pr.caixa,pr1260sw121.pr.caixa
PR,1260-0 COLORADO,pr1260sw122.pr.caixa,pr1260sw122.pr.caixa
PR,1261-0 CORBELIA,pr1261ra1.pr.caixa,pr1261ra1.pr.caixa
PR,1261-0 CORBELIA,pr1261sw150.pr.caixa,pr1261sw150.pr.caixa
PR,1261-0 CORBELIA,pr1261sw151.pr.caixa,pr1261sw151.pr.caixa
PR,1261-0 CORBELIA,pr1261sw152.pr.caixa,pr1261sw152.pr.caixa
PR,1264-0 JANDAIA DO SUL,pr1264ra1.pr.caixa,pr1264ra1.pr.caixa
PR,1264-0 JANDAIA DO SUL,pr1264sw120.pr.caixa,pr1264sw120.pr.caixa
PR,1264-0 JANDAIA DO SUL,pr1264sw121.pr.caixa,pr1264sw121.pr.caixa
PR,1264-0 JANDAIA DO SUL,pr1264sw122.pr.caixa,pr1264sw122.pr.caixa
PR,1264-0 JANDAIA DO SUL,pr1264sw123.pr.caixa,pr1264sw123.pr.caixa
PR,1265-0 MAMBORE,pr1265ra1.pr.caixa,pr1265ra1.pr.caixa
PR,1265-0 MAMBORE,pr1265sw120.pr.caixa,pr1265sw120.pr.caixa
PR,1265-0 MAMBORE,pr1265sw121.pr.caixa,pr1265sw121.pr.caixa
PR,1266-0 GRALHA AZUL,pr1266ra1.pr.caixa,pr1266ra1.pr.caixa
PR,1266-0 GRALHA AZUL,pr1266sw150.pr.caixa,pr1266sw150.pr.caixa
PR,1266-0 GRALHA AZUL,pr1266sw151.pr.caixa,pr1266sw151.pr.caixa
PR,1266-0 GRALHA AZUL,pr1266sw152.pr.caixa,pr1266sw152.pr.caixa
PR,1266-0 GRALHA AZUL,pr1266sw153.pr.caixa,pr1266sw153.pr.caixa
PR,1266-0 GRALHA AZUL,pr1266sw199.pr.caixa,pr1266sw199.pr.caixa
PR,1267-0 MARIALVA,pr1267ra1.pr.caixa,pr1267ra1.pr.caixa
PR,1267-0 MARIALVA,pr1267sw120.pr.caixa,pr1267sw120.pr.caixa
PR,1267-0 MARIALVA,pr1267sw121.pr.caixa,pr1267sw121.pr.caixa
PR,1267-0 MARIALVA,pr1267sw122.pr.caixa,pr1267sw122.pr.caixa
PR,1268-0 SANTA HELENA,pr1268ra1.pr.caixa,pr1268ra1.pr.caixa
PR,1268-0 SANTA HELENA,pr1268sw120.pr.caixa,pr1268sw120.pr.caixa
PR,1268-0 SANTA HELENA,pr1268sw121.pr.caixa,pr1268sw121.pr.caixa
PR,1268-0 SANTA HELENA,pr1268sw122.pr.caixa,pr1268sw122.pr.caixa
PR,1270-0 JF FOZ DO IGUACU,pr1270ra1.pr.caixa,pr1270ra1.pr.caixa
PR,1270-0 JF FOZ DO IGUACU,pr1270sw120.pr.caixa,pr1270sw120.pr.caixa
PR,1271-0 JF LONDRINA,pr1271ra1.pr.caixa,pr1271ra1.pr.caixa
PR,1271-0 JF LONDRINA,pr1271sw120.pr.caixa,pr1271sw120.pr.caixa
PR,1282-0 PRACA DO CARMO,pr1282ra1.pr.caixa,pr1282ra1.pr.caixa
PR,1282-0 PRACA DO CARMO,pr1282sw150.pr.caixa,pr1282sw150.pr.caixa
PR,1282-0 PRACA DO CARMO,pr1282sw151.pr.caixa,pr1282sw151.pr.caixa
PR,1282-0 PRACA DO CARMO,pr1282sw152.pr.caixa,pr1282sw152.pr.caixa
PR,1282-0 PRACA DO CARMO,pr1282sw153.pr.caixa,pr1282sw153.pr.caixa
PR,1282-0 PRACA DO CARMO,pr1282sw199.pr.caixa,pr1282sw199.pr.caixa
PR,1284-0 OURO VERDE,pr1284ra1.pr.caixa,pr1284ra1.pr.caixa
PR,1284-0 OURO VERDE,pr1284sw150.pr.caixa,pr1284sw150.pr.caixa
PR,1284-0 OURO VERDE,pr1284sw151.pr.caixa,pr1284sw151.pr.caixa
PR,1284-0 OURO VERDE,pr1284sw152.pr.caixa,pr1284sw152.pr.caixa
PR,1284-0 OURO VERDE,pr1284sw153.pr.caixa,pr1284sw153.pr.caixa
PR,1284-0 OURO VERDE,pr1284sw154.pr.caixa,pr1284sw154.pr.caixa
PR,1284-0 OURO VERDE,pr1284sw199.pr.caixa,pr1284sw199.pr.caixa
PR,1286-0 SEMINARIO,pr1286ra1.pr.caixa,pr1286ra1.pr.caixa
PR,1286-0 SEMINARIO,pr1286sw150.pr.caixa,pr1286sw150.pr.caixa
PR,1286-0 SEMINARIO,pr1286sw151.pr.caixa,pr1286sw151.pr.caixa
PR,1286-0 SEMINARIO,pr1286sw152.pr.caixa,pr1286sw152.pr.caixa
PR,1286-0 SEMINARIO,pr1286sw153.pr.caixa,pr1286sw153.pr.caixa
PR,1286-0 SEMINARIO,pr1286sw199.pr.caixa,pr1286sw199.pr.caixa
PR,1287-0 REALEZA,pr1287ra1.pr.caixa,pr1287ra1.pr.caixa
PR,1287-0 REALEZA,pr1287sw120.pr.caixa,pr1287sw120.pr.caixa
PR,1287-0 REALEZA,pr1287sw121.pr.caixa,pr1287sw121.pr.caixa
PR,1287-0 REALEZA,pr1287sw122.pr.caixa,pr1287sw122.pr.caixa
PR,1316-0 BATEL,pr1316ra1.pr.caixa,pr1316ra1.pr.caixa
PR,1316-0 BATEL,pr1316sw150.pr.caixa,pr1316sw150.pr.caixa
PR,1316-0 BATEL,pr1316sw151.pr.caixa,pr1316sw151.pr.caixa
PR,1316-0 BATEL,pr1316sw152.pr.caixa,pr1316sw152.pr.caixa
PR,1316-0 BATEL,pr1316sw153.pr.caixa,pr1316sw153.pr.caixa
PR,1316-0 BATEL,pr1316sw199.pr.caixa,pr1316sw199.pr.caixa
PR,1318-0 ASTORGA,pr1318ra1.pr.caixa,pr1318ra1.pr.caixa
PR,1318-0 ASTORGA,pr1318sw120.pr.caixa,pr1318sw120.pr.caixa
PR,1318-0 ASTORGA,pr1318sw121.pr.caixa,pr1318sw121.pr.caixa
PR,1318-0 ASTORGA,pr1318sw122.pr.caixa,pr1318sw122.pr.caixa
PR,1319-0 PALMAS,pr1319ra1.pr.caixa,pr1319ra1.pr.caixa
PR,1319-0 PALMAS,pr1319sw120.pr.caixa,pr1319sw120.pr.caixa
PR,1319-0 PALMAS,pr1319sw121.pr.caixa,pr1319sw121.pr.caixa
PR,1319-0 PALMAS,pr1319sw122.pr.caixa,pr1319sw122.pr.caixa
PR,1398-0 ITAPERUCU,pr1398ra1.pr.caixa,pr1398ra1.pr.caixa
PR,1398-0 ITAPERUCU,pr1398sw120.pr.caixa,pr1398sw120.pr.caixa
PR,1398-0 ITAPERUCU,pr1398sw121.pr.caixa,pr1398sw121.pr.caixa
PR,1398-0 ITAPERUCU,pr1398sw122.pr.caixa,pr1398sw122.pr.caixa
PR,1445-0 VERDES CAMPOS,pr1445ra1.pr.caixa,pr1445ra1.pr.caixa
PR,1445-0 VERDES CAMPOS,pr1445sw150.pr.caixa,pr1445sw150.pr.caixa
PR,1445-0 VERDES CAMPOS,pr1445sw151.pr.caixa,pr1445sw151.pr.caixa
PR,1445-0 VERDES CAMPOS,pr1445sw152.pr.caixa,pr1445sw152.pr.caixa
PR,1445-0 VERDES CAMPOS,pr1445sw199.pr.caixa,pr1445sw199.pr.caixa
PR,1479-0 SAN REMO,pr1479ra1.pr.caixa,pr1479ra1.pr.caixa
PR,1479-0 SAN REMO,pr1479sw150.pr.caixa,pr1479sw150.pr.caixa
PR,1479-0 SAN REMO,pr1479sw151.pr.caixa,pr1479sw151.pr.caixa
PR,1479-0 SAN REMO,pr1479sw152.pr.caixa,pr1479sw152.pr.caixa
PR,1479-0 SAN REMO,pr1479sw199.pr.caixa,pr1479sw199.pr.caixa
PR,1482-0 AGUA VERDE,pr1482ra1.pr.caixa,pr1482ra1.pr.caixa
PR,1482-0 AGUA VERDE,pr1482sw150.pr.caixa,pr1482sw150.pr.caixa
PR,1482-0 AGUA VERDE,pr1482sw151.pr.caixa,pr1482sw151.pr.caixa
PR,1482-0 AGUA VERDE,pr1482sw152.pr.caixa,pr1482sw152.pr.caixa
PR,1482-0 AGUA VERDE,pr1482sw153.pr.caixa,pr1482sw153.pr.caixa
PR,1482-0 AGUA VERDE,pr1482sw199.pr.caixa,pr1482sw199.pr.caixa
PR,1524-0 BIGORRILHO,pr1524ra1.pr.caixa,pr1524ra1.pr.caixa
PR,1524-0 BIGORRILHO,pr1524sw150.pr.caixa,pr1524sw150.pr.caixa
PR,1524-0 BIGORRILHO,pr1524sw151.pr.caixa,pr1524sw151.pr.caixa
PR,1524-0 BIGORRILHO,pr1524sw152.pr.caixa,pr1524sw152.pr.caixa
PR,1524-0 BIGORRILHO,pr1524sw153.pr.caixa,pr1524sw153.pr.caixa
PR,1524-0 BIGORRILHO,pr1524sw154.pr.caixa,pr1524sw154.pr.caixa
PR,1524-0 BIGORRILHO,PR1524SW199.pr.caixa,PR1524SW199.pr.caixa
PR,1525-0 CANDIDO DE ABREU,pr1525ra1.pr.caixa,pr1525ra1.pr.caixa
PR,1525-0 CANDIDO DE ABREU,pr1525sw150.pr.caixa,pr1525sw150.pr.caixa
PR,1525-0 CANDIDO DE ABREU,pr1525sw151.pr.caixa,pr1525sw151.pr.caixa
PR,1525-0 CANDIDO DE ABREU,pr1525sw152.pr.caixa,pr1525sw152.pr.caixa
PR,1525-0 CANDIDO DE ABREU,pr1525sw153.pr.caixa,pr1525sw153.pr.caixa
PR,1525-0 CANDIDO DE ABREU,pr1525sw199.pr.caixa,pr1525sw199.pr.caixa
PR,1546-0 CIDADE CANCAO,pr1546ra1.pr.caixa,pr1546ra1.pr.caixa
PR,1546-0 CIDADE CANCAO,pr1546sw150.pr.caixa,pr1546sw150.pr.caixa
PR,1546-0 CIDADE CANCAO,pr1546sw151.pr.caixa,pr1546sw151.pr.caixa
PR,1546-0 CIDADE CANCAO,pr1546sw152.pr.caixa,pr1546sw152.pr.caixa
PR,1546-0 CIDADE CANCAO,pr1546sw153.pr.caixa,pr1546sw153.pr.caixa
PR,1546-0 CIDADE CANCAO,pr1546sw154.pr.caixa,pr1546sw154.pr.caixa
PR,1546-0 CIDADE CANCAO,pr1546sw199.pr.caixa,pr1546sw199.pr.caixa
PR,1547-0 PRINCESA DOS CAMPOS,pr1547ra1.pr.caixa,pr1547ra1.pr.caixa
PR,1547-0 PRINCESA DOS CAMPOS,pr1547sw150.pr.caixa,pr1547sw150.pr.caixa
PR,1547-0 PRINCESA DOS CAMPOS,pr1547sw151.pr.caixa,pr1547sw151.pr.caixa
PR,1547-0 PRINCESA DOS CAMPOS,pr1547sw152.pr.caixa,pr1547sw152.pr.caixa
PR,1547-0 PRINCESA DOS CAMPOS,pr1547sw199.pr.caixa,pr1547sw199.pr.caixa
PR,1547-1 SNC PRINCESA DOS CAMPOS,pr1547ra2.pr.caixa,pr1547ra2.pr.caixa
PR,1547-1 SNC PRINCESA DOS CAMPOS,pr1547sw220.pr.caixa,pr1547sw220.pr.caixa
PR,1552-0 PRACA DO MIGRANTE,pr1552ra1.pr.caixa,pr1552ra1.pr.caixa
PR,1552-0 PRACA DO MIGRANTE,pr1552sw150.pr.caixa,pr1552sw150.pr.caixa
PR,1552-0 PRACA DO MIGRANTE,pr1552sw151.pr.caixa,pr1552sw151.pr.caixa
PR,1552-0 PRACA DO MIGRANTE,pr1552sw152.pr.caixa,pr1552sw152.pr.caixa
PR,1552-0 PRACA DO MIGRANTE,pr1552sw199.pr.caixa,pr1552sw199.pr.caixa
PR,1553-0 IGAPO,pr1553ra1.pr.caixa,pr1553ra1.pr.caixa
PR,1553-0 IGAPO,pr1553sw150.pr.caixa,pr1553sw150.pr.caixa
PR,1553-0 IGAPO,pr1553sw151.pr.caixa,pr1553sw151.pr.caixa
PR,1553-0 IGAPO,pr1553sw152.pr.caixa,pr1553sw152.pr.caixa
PR,1553-0 IGAPO,pr1553sw199.pr.caixa,pr1553sw199.pr.caixa
PR,1565-0 CURITIBA,pr1565ra1.pr.caixa,pr1565ra1.pr.caixa
PR,1565-0 CURITIBA,pr1565sw150.pr.caixa,pr1565sw150.pr.caixa
PR,1565-0 CURITIBA,pr1565sw151.pr.caixa,pr1565sw151.pr.caixa
PR,1565-0 CURITIBA,pr1565sw152.pr.caixa,pr1565sw152.pr.caixa
PR,1565-0 CURITIBA,pr1565sw153.pr.caixa,pr1565sw153.pr.caixa
PR,1565-0 CURITIBA,pr1565sw154.pr.caixa,pr1565sw154.pr.caixa
PR,1565-0 CURITIBA,pr1565sw199.pr.caixa,pr1565sw199.pr.caixa
PR,1627-0 JOAO NEGRAO,pr1627ra1.pr.caixa,pr1627ra1.pr.caixa
PR,1627-0 JOAO NEGRAO,pr1627sw150.pr.caixa,pr1627sw150.pr.caixa
PR,1627-0 JOAO NEGRAO,pr1627sw151.pr.caixa,pr1627sw151.pr.caixa
PR,1627-0 JOAO NEGRAO,pr1627sw152.pr.caixa,pr1627sw152.pr.caixa
PR,1627-0 JOAO NEGRAO,pr1627sw153.pr.caixa,pr1627sw153.pr.caixa
PR,1627-0 JOAO NEGRAO,PR1627SW199.pr.caixa,PR1627SW199.pr.caixa
PR,1628-0 CENTRO CIVICO,pr1628ra1.pr.caixa,pr1628ra1.pr.caixa
PR,1628-0 CENTRO CIVICO,pr1628sw150.pr.caixa,pr1628sw150.pr.caixa
PR,1628-0 CENTRO CIVICO,pr1628sw151.pr.caixa,pr1628sw151.pr.caixa
PR,1628-0 CENTRO CIVICO,pr1628sw152.pr.caixa,pr1628sw152.pr.caixa
PR,1628-0 CENTRO CIVICO,pr1628sw199.pr.caixa,pr1628sw199.pr.caixa
PR,1630-0 AHU,pr1630ra1.pr.caixa,pr1630ra1.pr.caixa
PR,1630-0 AHU,pr1630sw150.pr.caixa,pr1630sw150.pr.caixa
PR,1630-0 AHU,pr1630sw151.pr.caixa,pr1630sw151.pr.caixa
PR,1630-0 AHU,pr1630sw152.pr.caixa,pr1630sw152.pr.caixa
PR,1630-0 AHU,pr1630sw153.pr.caixa,pr1630sw153.pr.caixa
PR,1630-0 AHU,pr1630sw199.pr.caixa,pr1630sw199.pr.caixa
PR,1631-0 NOVA LONDRES,pr1631ra1.pr.caixa,pr1631ra1.pr.caixa
PR,1631-0 NOVA LONDRES,pr1631sw150.pr.caixa,pr1631sw150.pr.caixa
PR,1631-0 NOVA LONDRES,pr1631sw151.pr.caixa,pr1631sw151.pr.caixa
PR,1631-0 NOVA LONDRES,pr1631sw152.pr.caixa,pr1631sw152.pr.caixa
PR,1631-0 NOVA LONDRES,pr1631sw153.pr.caixa,pr1631sw153.pr.caixa
PR,1631-0 NOVA LONDRES,pr1631sw199.pr.caixa,pr1631sw199.pr.caixa
PR,1632-0 CAPAO DA IMBUIA,pr1632ra1.pr.caixa,pr1632ra1.pr.caixa
PR,1632-0 CAPAO DA IMBUIA,pr1632sw150.pr.caixa,pr1632sw150.pr.caixa
PR,1632-0 CAPAO DA IMBUIA,pr1632sw151.pr.caixa,pr1632sw151.pr.caixa
PR,1632-0 CAPAO DA IMBUIA,pr1632sw152.pr.caixa,pr1632sw152.pr.caixa
PR,1632-0 CAPAO DA IMBUIA,pr1632sw153.pr.caixa,pr1632sw153.pr.caixa
PR,1632-0 CAPAO DA IMBUIA,pr1632sw199.pr.caixa,pr1632sw199.pr.caixa
PR,1633-0 BAIRRO REBOUCAS,pr1633ra1.pr.caixa,pr1633ra1.pr.caixa
PR,1633-0 BAIRRO REBOUCAS,pr1633sw150.pr.caixa,pr1633sw150.pr.caixa
PR,1633-0 BAIRRO REBOUCAS,pr1633sw151.pr.caixa,pr1633sw151.pr.caixa
PR,1633-0 BAIRRO REBOUCAS,pr1633sw152.pr.caixa,pr1633sw152.pr.caixa
PR,1633-0 BAIRRO REBOUCAS,pr1633sw199.pr.caixa,pr1633sw199.pr.caixa
PR,1669-0 JT MARINGA,pr1669ra1.pr.caixa,pr1669ra1.pr.caixa
PR,1669-0 JT MARINGA,pr1669sw120.pr.caixa,pr1669sw120.pr.caixa
PR,1671-0 PEDRO TAQUES,pr1671ra1.pr.caixa,pr1671ra1.pr.caixa
PR,1671-0 PEDRO TAQUES,pr1671sw150.pr.caixa,pr1671sw150.pr.caixa
PR,1671-0 PEDRO TAQUES,pr1671sw151.pr.caixa,pr1671sw151.pr.caixa
PR,1671-0 PEDRO TAQUES,pr1671sw152.pr.caixa,pr1671sw152.pr.caixa
PR,1671-0 PEDRO TAQUES,pr1671sw153.pr.caixa,pr1671sw153.pr.caixa
PR,1671-0 PEDRO TAQUES,pr1671sw199.pr.caixa,pr1671sw199.pr.caixa
PR,1756-0 AV CENTER,pr1756ra1.pr.caixa,pr1756ra1.pr.caixa
PR,1756-0 AV CENTER,pr1756sw150.pr.caixa,pr1756sw150.pr.caixa
PR,1756-0 AV CENTER,pr1756sw151.pr.caixa,pr1756sw151.pr.caixa
PR,1756-0 AV CENTER,pr1756sw152.pr.caixa,pr1756sw152.pr.caixa
PR,1756-0 AV CENTER,pr1756sw153.pr.caixa,pr1756sw153.pr.caixa
PR,1756-0 AV CENTER,pr1756sw154.pr.caixa,pr1756sw154.pr.caixa
PR,1756-0 AV CENTER,pr1756sw199.pr.caixa,pr1756sw199.pr.caixa
PR,1757-0 NOVA RUSSIA,pr1757ra1.pr.caixa,pr1757ra1.pr.caixa
PR,1757-0 NOVA RUSSIA,pr1757sw150.pr.caixa,pr1757sw150.pr.caixa
PR,1757-0 NOVA RUSSIA,pr1757sw151.pr.caixa,pr1757sw151.pr.caixa
PR,1757-0 NOVA RUSSIA,pr1757sw152.pr.caixa,pr1757sw152.pr.caixa
PR,1757-0 NOVA RUSSIA,pr1757sw153.pr.caixa,pr1757sw153.pr.caixa
PR,1757-0 NOVA RUSSIA,pr1757sw199.pr.caixa,pr1757sw199.pr.caixa
PR,1840-1 JT ARAPONGAS,pr1840ra1.pr.caixa,pr1840ra1.pr.caixa
PR,1840-1 JT ARAPONGAS,pr1840sw120.pr.caixa,pr1840sw120.pr.caixa
PR,1861-0 JARDIM INDEPENDENCIA,pr1861ra1.pr.caixa,pr1861ra1.pr.caixa
PR,1861-0 JARDIM INDEPENDENCIA,pr1861sw120.pr.caixa,pr1861sw120.pr.caixa
PR,1861-0 JARDIM INDEPENDENCIA,pr1861sw121.pr.caixa,pr1861sw121.pr.caixa
PR,1861-0 JARDIM INDEPENDENCIA,pr1861sw122.pr.caixa,pr1861sw122.pr.caixa
PR,1932-0 CHOPINZINHO,pr1932ra1.pr.caixa,pr1932ra1.pr.caixa
PR,1932-0 CHOPINZINHO,pr1932sw120.pr.caixa,pr1932sw120.pr.caixa
PR,1932-0 CHOPINZINHO,pr1932sw121.pr.caixa,pr1932sw121.pr.caixa
PR,1932-0 CHOPINZINHO,pr1932sw122.pr.caixa,pr1932sw122.pr.caixa
PR,1946-0 PITANGA,pr1946ra1.pr.caixa,pr1946ra1.pr.caixa
PR,1946-0 PITANGA,pr1946sw120.pr.caixa,pr1946sw120.pr.caixa
PR,1946-0 PITANGA,pr1946sw121.pr.caixa,pr1946sw121.pr.caixa
PR,1946-0 PITANGA,pr1946sw122.pr.caixa,pr1946sw122.pr.caixa
PR,1949-0 CIDADE SIQUEIRA CAMPOS,pr1949ra1.pr.caixa,pr1949ra1.pr.caixa
PR,1949-0 CIDADE SIQUEIRA CAMPOS,pr1949sw120.pr.caixa,pr1949sw120.pr.caixa
PR,1949-0 CIDADE SIQUEIRA CAMPOS,pr1949sw121.pr.caixa,pr1949sw121.pr.caixa
PR,1949-0 CIDADE SIQUEIRA CAMPOS,pr1949sw122.pr.caixa,pr1949sw122.pr.caixa
PR,1951-0 WENCESLAU BRAZ,pr1951ra1.pr.caixa,pr1951ra1.pr.caixa
PR,1951-0 WENCESLAU BRAZ,pr1951sw120.pr.caixa,pr1951sw120.pr.caixa
PR,1951-0 WENCESLAU BRAZ,pr1951sw121.pr.caixa,pr1951sw121.pr.caixa
PR,1951-0 WENCESLAU BRAZ,pr1951sw122.pr.caixa,pr1951sw122.pr.caixa
PR,1952-0 NOVA ORLEANS,pr1952ra1.pr.caixa,pr1952ra1.pr.caixa
PR,1952-0 NOVA ORLEANS,pr1952sw150.pr.caixa,pr1952sw150.pr.caixa
PR,1952-0 NOVA ORLEANS,pr1952sw151.pr.caixa,pr1952sw151.pr.caixa
PR,1952-0 NOVA ORLEANS,pr1952sw152.pr.caixa,pr1952sw152.pr.caixa
PR,1952-0 NOVA ORLEANS,pr1952sw153.pr.caixa,pr1952sw153.pr.caixa
PR,1952-0 NOVA ORLEANS,pr1952sw199.pr.caixa,pr1952sw199.pr.caixa
PR,1970-0 MARMELEIRO,pr1970ra1.pr.caixa,pr1970ra1.pr.caixa
PR,1970-0 MARMELEIRO,pr1970sw120.pr.caixa,pr1970sw120.pr.caixa
PR,1970-0 MARMELEIRO,pr1970sw121.pr.caixa,pr1970sw121.pr.caixa
PR,1971-0 AV BRASILIA,pr1971ra1.pr.caixa,pr1971ra1.pr.caixa
PR,1971-0 AV BRASILIA,pr1971sw150.pr.caixa,pr1971sw150.pr.caixa
PR,1971-0 AV BRASILIA,pr1971sw151.pr.caixa,pr1971sw151.pr.caixa
PR,1971-0 AV BRASILIA,pr1971sw152.pr.caixa,pr1971sw152.pr.caixa
PR,1971-0 AV BRASILIA,pr1971sw153.pr.caixa,pr1971sw153.pr.caixa
PR,1971-0 AV BRASILIA,pr1971sw199.pr.caixa,pr1971sw199.pr.caixa
PR,1982-0 NOVA LONDRINA,pr1982ra1.pr.caixa,pr1982ra1.pr.caixa
PR,1982-0 NOVA LONDRINA,pr1982sw120.pr.caixa,pr1982sw120.pr.caixa
PR,1982-0 NOVA LONDRINA,pr1982sw121.pr.caixa,pr1982sw121.pr.caixa
PR,1982-0 NOVA LONDRINA,pr1982sw122.pr.caixa,pr1982sw122.pr.caixa
PR,2122-0 COLOMBO,pr2122ra1.pr.caixa,pr2122ra1.pr.caixa
PR,2122-0 COLOMBO,pr2122sw150.pr.caixa,pr2122sw150.pr.caixa
PR,2122-0 COLOMBO,pr2122sw151.pr.caixa,pr2122sw151.pr.caixa
PR,2122-0 COLOMBO,pr2122sw152.pr.caixa,pr2122sw152.pr.caixa
PR,2122-0 COLOMBO,pr2122sw199.pr.caixa,pr2122sw199.pr.caixa
PR,2152-0 SAO MATEUS DO SUL,pr2152ra1.pr.caixa,pr2152ra1.pr.caixa
PR,2152-0 SAO MATEUS DO SUL,pr2152sw120.pr.caixa,pr2152sw120.pr.caixa
PR,2152-0 SAO MATEUS DO SUL,pr2152sw121.pr.caixa,pr2152sw121.pr.caixa
PR,2152-0 SAO MATEUS DO SUL,pr2152sw122.pr.caixa,pr2152sw122.pr.caixa
PR,2155-0 OSTERNACK,pr2155ra1.pr.caixa,pr2155ra1.pr.caixa
PR,2155-0 OSTERNACK,pr2155sw120.pr.caixa,pr2155sw120.pr.caixa
PR,2155-0 OSTERNACK,pr2155sw121.pr.caixa,pr2155sw121.pr.caixa
PR,2155-0 OSTERNACK,pr2155sw122.pr.caixa,pr2155sw122.pr.caixa
PR,2204-0 JOAO BETTEGA,pr2204ra1.pr.caixa,pr2204ra1.pr.caixa
PR,2204-0 JOAO BETTEGA,pr2204sw120.pr.caixa,pr2204sw120.pr.caixa
PR,2204-0 JOAO BETTEGA,pr2204sw121.pr.caixa,pr2204sw121.pr.caixa
PR,2204-0 JOAO BETTEGA,pr2204sw122.pr.caixa,pr2204sw122.pr.caixa
PR,2252-0 SESC,pr2252ra1.pr.caixa,pr2252ra1.pr.caixa
PR,2252-0 SESC,pr2252sw120.pr.caixa,pr2252sw120.pr.caixa
PR,2499-0 FORUM MARINGA,pr2499ra1.pr.caixa,pr2499ra1.pr.caixa
PR,2499-0 FORUM MARINGA,pr2499sw150.pr.caixa,pr2499sw150.pr.caixa
PR,2499-0 FORUM MARINGA,pr2499sw151.pr.caixa,pr2499sw151.pr.caixa
PR,2540-0 CATARATAS,pr2540ra1.pr.caixa,pr2540ra1.pr.caixa
PR,2540-0 CATARATAS,pr2540sw150.pr.caixa,pr2540sw150.pr.caixa
PR,2540-0 CATARATAS,pr2540sw151.pr.caixa,pr2540sw151.pr.caixa
PR,2540-0 CATARATAS,pr2540sw152.pr.caixa,pr2540sw152.pr.caixa
PR,2540-0 CATARATAS,pr2540sw153.pr.caixa,pr2540sw153.pr.caixa
PR,2540-0 CATARATAS,pr2540sw199.pr.caixa,pr2540sw199.pr.caixa
PR,2553-0 NOVO MUNDO,pr2553ra1.pr.caixa,pr2553ra1.pr.caixa
PR,2553-0 NOVO MUNDO,pr2553sw150.pr.caixa,pr2553sw150.pr.caixa
PR,2553-0 NOVO MUNDO,pr2553sw151.pr.caixa,pr2553sw151.pr.caixa
PR,2553-0 NOVO MUNDO,pr2553sw152.pr.caixa,pr2553sw152.pr.caixa
PR,2553-0 NOVO MUNDO,pr2553sw153.pr.caixa,pr2553sw153.pr.caixa
PR,2553-0 NOVO MUNDO,pr2553sw199.pr.caixa,pr2553sw199.pr.caixa
PR,2612-0 SR LONDRINA,PR2612SW120.pr.caixa,PR2612SW120.pr.caixa
PR,2612-0 SR LONDRINA,PR2612SW121.pr.caixa,PR2612SW121.pr.caixa
PR,2658-0 PM PATO BRANCO,pr2658ra1.pr.caixa,pr2658ra1.pr.caixa
PR,2658-0 PM PATO BRANCO,pr2658sw120.pr.caixa,pr2658sw120.pr.caixa
PR,2688-0 FORUM UMUARAMA,pr2688ra1.pr.caixa,pr2688ra1.pr.caixa
PR,2688-0 FORUM UMUARAMA,pr2688sw120.pr.caixa,pr2688sw120.pr.caixa
PR,2689-0 JF PONTA GROSSA,pr2689ra1.pr.caixa,pr2689ra1.pr.caixa
PR,2689-0 JF PONTA GROSSA,pr2689sw120.pr.caixa,pr2689sw120.pr.caixa
PR,2694-0 SR CURITIBA OESTE,pr2694sw120.pr.caixa,pr2694sw120.pr.caixa
PR,2695-0 JT UMUARAMA,pr2695ra1.pr.caixa,pr2695ra1.pr.caixa
PR,2695-0 JT UMUARAMA,pr2695sw120.pr.caixa,pr2695sw120.pr.caixa
PR,2697-0 JT CAMPO MOURAO,pr2697ra1.pr.caixa,pr2697ra1.pr.caixa
PR,2697-0 JT CAMPO MOURAO,pr2697sw120.pr.caixa,pr2697sw120.pr.caixa
PR,2702-0 SAUL ELKIND,pr2702ra1.pr.caixa,pr2702ra1.pr.caixa
PR,2702-0 SAUL ELKIND,pr2702sw120.pr.caixa,pr2702sw120.pr.caixa
PR,2702-0 SAUL ELKIND,pr2702sw121.pr.caixa,pr2702sw121.pr.caixa
PR,2702-0 SAUL ELKIND,pr2702sw122.pr.caixa,pr2702sw122.pr.caixa
PR,2702-0 SAUL ELKIND,pr2702sw123.pr.caixa,pr2702sw123.pr.caixa
PR,2706-0 JT PONTA GROSSA,pr2706ra1.pr.caixa,pr2706ra1.pr.caixa
PR,2706-0 JT PONTA GROSSA,pr2706sw120.pr.caixa,pr2706sw120.pr.caixa
PR,2709-0 JT PARANAVAI,pr2709ra1.pr.caixa,pr2709ra1.pr.caixa
PR,2709-0 JT PARANAVAI,pr2709sw120.pr.caixa,pr2709sw120.pr.caixa
PR,2711-0 FORUM ESTADUAL DE LONDRINA,pr2711ra1.pr.caixa,pr2711ra1.pr.caixa
PR,2711-0 FORUM ESTADUAL DE LONDRINA,pr2711sw150.pr.caixa,pr2711sw150.pr.caixa
PR,2711-0 FORUM ESTADUAL DE LONDRINA,pr2711sw151.pr.caixa,pr2711sw151.pr.caixa
PR,2729-0 JT GUARAPUAVA,pr2729ra1.pr.caixa,pr2729ra1.pr.caixa
PR,2729-0 JT GUARAPUAVA,pr2729sw120.pr.caixa,pr2729sw120.pr.caixa
PR,2731-0 PM LONDRINA,pr2731ra1.pr.caixa,pr2731ra1.pr.caixa
PR,2731-0 PM LONDRINA,pr2731sw120.pr.caixa,pr2731sw120.pr.caixa
PR,2731-0 PM LONDRINA,pr2731sw121.pr.caixa,pr2731sw121.pr.caixa
PR,2825 - PA HU LONDRINA,PR2825RA1.pr.caixa,PR2825RA1.pr.caixa
PR,2825 - PA HU LONDRINA,PR2825SW120.pr.caixa,PR2825SW120.pr.caixa
PR,2863-0 PEDRA BRANCA,pr2863ra1.pr.caixa,pr2863ra1.pr.caixa
PR,2863-0 PEDRA BRANCA,PR2863SW150.pr.caixa,PR2863SW150.pr.caixa
PR,2863-0 PEDRA BRANCA,PR2863SW151.pr.caixa,PR2863SW151.pr.caixa
PR,2863-0 PEDRA BRANCA,PR2863SW152.pr.caixa,PR2863SW152.pr.caixa
PR,2863-0 PEDRA BRANCA,PR2863SW199.pr.caixa,PR2863SW199.pr.caixa
PR,2863-1 FORUM ALMIRANTE TAMANDARE,pr2863ra2.pr.caixa,pr2863ra2.pr.caixa
PR,2863-1 FORUM ALMIRANTE TAMANDARE,pr2863sw220.pr.caixa,pr2863sw220.pr.caixa
PR,2864-0 FAZENDA RIO GRANDE,pr2864ra1.pr.caixa,pr2864ra1.pr.caixa
PR,2864-0 FAZENDA RIO GRANDE,pr2864sw150.pr.caixa,pr2864sw150.pr.caixa
PR,2864-0 FAZENDA RIO GRANDE,pr2864sw151.pr.caixa,pr2864sw151.pr.caixa
PR,2864-0 FAZENDA RIO GRANDE,pr2864sw152.pr.caixa,pr2864sw152.pr.caixa
PR,2864-0 FAZENDA RIO GRANDE,pr2864sw199.pr.caixa,pr2864sw199.pr.caixa
PR,2864-1 FORUM FAZENDA RIO GRANDE,pr2864ra2.pr.caixa,pr2864ra2.pr.caixa
PR,2864-1 FORUM FAZENDA RIO GRANDE,pr2864sw220.pr.caixa,pr2864sw220.pr.caixa
PR,2919-0 AGUAS DE SARANDI,pr2919ra1.pr.caixa,pr2919ra1.pr.caixa
PR,2919-0 AGUAS DE SARANDI,pr2919sw150.pr.caixa,pr2919sw150.pr.caixa
PR,2919-0 AGUAS DE SARANDI,pr2919sw151.pr.caixa,pr2919sw151.pr.caixa
PR,2919-0 AGUAS DE SARANDI,pr2919sw152.pr.caixa,pr2919sw152.pr.caixa
PR,2919-0 AGUAS DE SARANDI,pr2919sw199.pr.caixa,pr2919sw199.pr.caixa
PR,2931-0 TRT 9 REGIAO,pr2931ra1.pr.caixa,pr2931ra1.pr.caixa
PR,2931-0 TRT 9 REGIAO,pr2931sw150.pr.caixa,pr2931sw150.pr.caixa
PR,2932-0 JEF CURITIBA,pr2932ra1.pr.caixa,pr2932ra1.pr.caixa
PR,2932-0 JEF CURITIBA,pr2932sw120.pr.caixa,pr2932sw120.pr.caixa
PR,2932-0 JEF CURITIBA,pr2932sw121.pr.caixa,pr2932sw121.pr.caixa
PR,2937-0 ECOVILLE,pr2937ra1.pr.caixa,pr2937ra1.pr.caixa
PR,2937-0 ECOVILLE,pr2937sw150.pr.caixa,pr2937sw150.pr.caixa
PR,2937-0 ECOVILLE,pr2937sw151.pr.caixa,pr2937sw151.pr.caixa
PR,2937-0 ECOVILLE,pr2937sw152.pr.caixa,pr2937sw152.pr.caixa
PR,2937-0 ECOVILLE,pr2937sw199.pr.caixa,pr2937sw199.pr.caixa
PR,2939-0 TJ SEDE MAUA,pr2939ra1.pr.caixa,pr2939ra1.pr.caixa
PR,2939-0 TJ SEDE MAUA,pr2939sw150.pr.caixa,pr2939sw150.pr.caixa
PR,2957-0 PM PARANAVAI,pr2957ra1.pr.caixa,pr2957ra1.pr.caixa
PR,2957-0 PM PARANAVAI,pr2957sw120.pr.caixa,pr2957sw120.pr.caixa
PR,2958-0 UVARANAS,pr2958ra1.pr.caixa,pr2958ra1.pr.caixa
PR,2958-0 UVARANAS,pr2958sw150.pr.caixa,pr2958sw150.pr.caixa
PR,2958-0 UVARANAS,pr2958sw151.pr.caixa,pr2958sw151.pr.caixa
PR,2958-0 UVARANAS,pr2958sw152.pr.caixa,pr2958sw152.pr.caixa
PR,2958-0 UVARANAS,pr2958sw199.pr.caixa,pr2958sw199.pr.caixa
PR,2974-0 ALTO MARACANA,pr2974ra1.pr.caixa,pr2974ra1.pr.caixa
PR,2974-0 ALTO MARACANA,pr2974sw150.pr.caixa,pr2974sw150.pr.caixa
PR,2974-0 ALTO MARACANA,pr2974sw151.pr.caixa,pr2974sw151.pr.caixa
PR,2974-0 ALTO MARACANA,pr2974sw152.pr.caixa,pr2974sw152.pr.caixa
PR,2974-0 ALTO MARACANA,pr2974sw199.pr.caixa,pr2974sw199.pr.caixa
PR,2975-0 TINGUI,pr2975ra1.pr.caixa,pr2975ra1.pr.caixa
PR,2975-0 TINGUI,pr2975sw150.pr.caixa,pr2975sw150.pr.caixa
PR,2975-0 TINGUI,pr2975sw151.pr.caixa,pr2975sw151.pr.caixa
PR,2975-0 TINGUI,pr2975sw152.pr.caixa,pr2975sw152.pr.caixa
PR,2975-0 TINGUI,pr2975sw199.pr.caixa,pr2975sw199.pr.caixa
PR,2997-0 CIDADE INDUSTRIAL,pr2997ra1.pr.caixa,pr2997ra1.pr.caixa
PR,2997-0 CIDADE INDUSTRIAL,pr2997sw150.pr.caixa,pr2997sw150.pr.caixa
PR,2997-0 CIDADE INDUSTRIAL,pr2997sw151.pr.caixa,pr2997sw151.pr.caixa
PR,2997-0 CIDADE INDUSTRIAL,pr2997sw152.pr.caixa,pr2997sw152.pr.caixa
PR,2997-0 CIDADE INDUSTRIAL,pr2997sw153.pr.caixa,pr2997sw153.pr.caixa
PR,2997-0 CIDADE INDUSTRIAL,pr2997sw199.pr.caixa,pr2997sw199.pr.caixa
PR,2999-0 JF JACAREZINHO,pr2999ra1.pr.caixa,pr2999ra1.pr.caixa
PR,2999-0 JF JACAREZINHO,pr2999sw120.pr.caixa,pr2999sw120.pr.caixa
PR,3036-0 JF PATO BRANCO,pr3036ra1.pr.caixa,pr3036ra1.pr.caixa
PR,3036-0 JF PATO BRANCO,pr3036sw120.pr.caixa,pr3036sw120.pr.caixa
PR,3038-0 PA PM PARANAGUA,pr3038ra1.pr.caixa,pr3038ra1.pr.caixa
PR,3038-0 PA PM PARANAGUA,pr3038sw120.pr.caixa,pr3038sw120.pr.caixa
PR,3068-0 MADRE LEONIA,pr3068ra1.pr.caixa,pr3068ra1.pr.caixa
PR,3068-0 MADRE LEONIA,pr3068sw150.pr.caixa,pr3068sw150.pr.caixa
PR,3068-0 MADRE LEONIA,pr3068sw151.pr.caixa,pr3068sw151.pr.caixa
PR,3068-0 MADRE LEONIA,pr3068sw152.pr.caixa,pr3068sw152.pr.caixa
PR,3068-0 MADRE LEONIA,pr3068sw199.pr.caixa,pr3068sw199.pr.caixa
PR,3069-0 JT ROLANDIA - DISPONIVEL BKP,pr3069ra1.pr.caixa,pr3069ra1.pr.caixa
PR,3069-0 JT ROLANDIA - DISPONIVEL BKP,pr3069sw120.pr.caixa,pr3069sw120.pr.caixa
PR,3076 - UEL,pr3076ra1.pr.caixa,pr3076ra1.pr.caixa
PR,3076 - UEL,pr3076sw120.pr.caixa,pr3076sw120.pr.caixa
PR,3076 - UEL,pr3076sw121.pr.caixa,pr3076sw121.pr.caixa
PR,3076 - UEL,pr3076sw122.pr.caixa,pr3076sw122.pr.caixa
PR,3083-0 TRT PARANAGUA,pr3083ra1.pr.caixa,pr3083ra1.pr.caixa
PR,3083-0 TRT PARANAGUA,pr3083sw120.pr.caixa,pr3083sw120.pr.caixa
PR,3123-0 PIONEIROS,pr3123ra1.pr.caixa,pr3123ra1.pr.caixa
PR,3123-0 PIONEIROS,pr3123sw120.pr.caixa,pr3123sw120.pr.caixa
PR,3123-0 PIONEIROS,pr3123sw121.pr.caixa,pr3123sw121.pr.caixa
PR,3123-0 PIONEIROS,pr3123sw122.pr.caixa,pr3123sw122.pr.caixa
PR,3123-0 PIONEIROS,pr3123sw123.pr.caixa,pr3123sw123.pr.caixa
PR,3153-0 GOVERNO DO ESTADO DO PARANA,pr3153ra1.pr.caixa,pr3153ra1.pr.caixa
PR,3153-0 GOVERNO DO ESTADO DO PARANA,pr3153sw150.pr.caixa,pr3153sw150.pr.caixa
PR,3153-0 GOVERNO DO ESTADO DO PARANA,pr3153sw151.pr.caixa,pr3153sw151.pr.caixa
PR,3158-1 SANEPAR ENG REBOUCAS,pr3158ra2.pr.caixa,pr3158ra2.pr.caixa
PR,3162-0 TJ ESTADO DO PARANA,pr3162ra1.pr.caixa,pr3162ra1.pr.caixa
PR,3162-0 TJ ESTADO DO PARANA,pr3162sw150.pr.caixa,pr3162sw150.pr.caixa
PR,3162-0 TJ ESTADO DO PARANA,pr3162sw151.pr.caixa,pr3162sw151.pr.caixa
PR,3162-0 TJ ESTADO DO PARANA,pr3162sw152.pr.caixa,pr3162sw152.pr.caixa
PR,3164-0 MATINHOS,pr3164ra1.pr.caixa,pr3164ra1.pr.caixa
PR,3164-0 MATINHOS,pr3164sw120.pr.caixa,pr3164sw120.pr.caixa
PR,3164-0 MATINHOS,pr3164sw121.pr.caixa,pr3164sw121.pr.caixa
PR,3164-0 MATINHOS,pr3164sw122.pr.caixa,pr3164sw122.pr.caixa
PR,3164-1 SNC MATINHOS,pr3164ra2.pr.caixa,pr3164ra2.pr.caixa
PR,3168-0 PIRAI DO SUL,pr3168ra1.pr.caixa,pr3168ra1.pr.caixa
PR,3168-0 PIRAI DO SUL,pr3168sw120.pr.caixa,pr3168sw120.pr.caixa
PR,3168-0 PIRAI DO SUL,pr3168sw121.pr.caixa,pr3168sw121.pr.caixa
PR,3170-0 CIDADE GAUCHA,pr3170ra1.pr.caixa,pr3170ra1.pr.caixa
PR,3170-0 CIDADE GAUCHA,pr3170sw120.pr.caixa,pr3170sw120.pr.caixa
PR,3170-0 CIDADE GAUCHA,pr3170sw121.pr.caixa,pr3170sw121.pr.caixa
PR,3173-0 IMBITUVA,pr3173ra1.pr.caixa,pr3173ra1.pr.caixa
PR,3173-0 IMBITUVA,pr3173sw120.pr.caixa,pr3173sw120.pr.caixa
PR,3173-0 IMBITUVA,pr3173sw121.pr.caixa,pr3173sw121.pr.caixa
PR,3175-0 ARAPOTI,pr3175ra1.pr.caixa,pr3175ra1.pr.caixa
PR,3175-0 ARAPOTI,pr3175sw120.pr.caixa,pr3175sw120.pr.caixa
PR,3175-0 ARAPOTI,pr3175sw121.pr.caixa,pr3175sw121.pr.caixa
PR,3177-0 HOSPITAL UNIVERSITARIO MARINGA,pr3177ra1.pr.caixa,pr3177ra1.pr.caixa
PR,3177-0 HOSPITAL UNIVERSITARIO MARINGA,pr3177sw120.pr.caixa,pr3177sw120.pr.caixa
PR,3178-0 UEM,pr3178ra1.pr.caixa,pr3178ra1.pr.caixa
PR,3178-0 UEM,pr3178sw120.pr.caixa,pr3178sw120.pr.caixa
PR,3178-0 UEM,pr3178sw121.pr.caixa,pr3178sw121.pr.caixa
PR,3178-0 UEM,pr3178sw122.pr.caixa,pr3178sw122.pr.caixa
PR,3181-0 UNIOESTE,pr3181ra1.pr.caixa,pr3181ra1.pr.caixa
PR,3181-0 UNIOESTE,pr3181sw120.pr.caixa,pr3181sw120.pr.caixa
PR,3182-0 HOSPITAL UNIVERSITARIO CASCAVEL,pr3182ra1.pr.caixa,pr3182ra1.pr.caixa
PR,3182-0 HOSPITAL UNIVERSITARIO CASCAVEL,pr3182sw120.pr.caixa,pr3182sw120.pr.caixa
PR,3186-0 UEPG,pr3186ra1.pr.caixa,pr3186ra1.pr.caixa
PR,3186-0 UEPG,pr3186sw120.pr.caixa,pr3186sw120.pr.caixa
PR,3292-0 FORUM APUCARANA,pr3292ra1.pr.caixa,pr3292ra1.pr.caixa
PR,3292-0 FORUM APUCARANA,pr3292sw120.pr.caixa,pr3292sw120.pr.caixa
PR,3293-0 ILHA DO MEL,pr3293ra1.pr.caixa,pr3293ra1.pr.caixa
PR,3293-0 ILHA DO MEL,pr3293sw120.pr.caixa,pr3293sw120.pr.caixa
PR,3293-0 ILHA DO MEL,pr3293sw121.pr.caixa,pr3293sw121.pr.caixa
PR,3293-0 ILHA DO MEL,pr3293sw122.pr.caixa,pr3293sw122.pr.caixa
PR,3304-0 LAGOA DOURADA,pr3304ra1.pr.caixa,pr3304ra1.pr.caixa
PR,3304-0 LAGOA DOURADA,PR3304SW120.pr.caixa,PR3304SW120.pr.caixa
PR,3304-0 LAGOA DOURADA,PR3304SW121.pr.caixa,PR3304SW121.pr.caixa
PR,3304-0 LAGOA DOURADA,PR3304SW122.pr.caixa,pr3304sw122.pr.caixa
PR,3304-0 LAGOA DOURADA,PR3304SW123.pr.caixa,PR3304SW123.pr.caixa
PR,3322-0 FRANCISCO DEROSSO,pr3322ra1.pr.caixa,pr3322ra1.pr.caixa
PR,3322-0 FRANCISCO DEROSSO,pr3322sw150.pr.caixa,pr3322sw150.pr.caixa
PR,3322-0 FRANCISCO DEROSSO,pr3322sw151.pr.caixa,pr3322sw151.pr.caixa
PR,3322-0 FRANCISCO DEROSSO,pr3322sw152.pr.caixa,pr3322sw152.pr.caixa
PR,3322-0 FRANCISCO DEROSSO,pr3322sw199.pr.caixa,pr3322sw199.pr.caixa
PR,3326-0 UBIRATA,pr3326ra1.pr.caixa,pr3326ra1.pr.caixa
PR,3326-0 UBIRATA,pr3326sw120.pr.caixa,pr3326sw120.pr.caixa
PR,3326-0 UBIRATA,pr3326sw121.pr.caixa,pr3326sw121.pr.caixa
PR,3326-0 UBIRATA,pr3326sw122.pr.caixa,pr3326sw122.pr.caixa
PR,3327-0 ALTONIA,pr3327ra1.pr.caixa,pr3327ra1.pr.caixa
PR,3327-0 ALTONIA,pr3327sw120.pr.caixa,pr3327sw120.pr.caixa
PR,3327-0 ALTONIA,pr3327sw121.pr.caixa,pr3327sw121.pr.caixa
PR,3342-0 BARREIRINHA,pr3342ra1.pr.caixa,pr3342ra1.pr.caixa
PR,3342-0 BARREIRINHA,pr3342sw120.pr.caixa,pr3342sw120.pr.caixa
PR,3342-0 BARREIRINHA,pr3342sw121.pr.caixa,pr3342sw121.pr.caixa
PR,3342-0 BARREIRINHA,pr3342sw122.pr.caixa,pr3342sw122.pr.caixa
PR,3352-0 CRUZEIRO DO OESTE,pr3352ra1.pr.caixa,pr3352ra1.pr.caixa
PR,3352-0 CRUZEIRO DO OESTE,pr3352sw120.pr.caixa,pr3352sw120.pr.caixa
PR,3352-0 CRUZEIRO DO OESTE,pr3352sw121.pr.caixa,pr3352sw121.pr.caixa
PR,3352-0 CRUZEIRO DO OESTE,pr3352sw122.pr.caixa,pr3352sw122.pr.caixa
PR,3353-0 JT CAMBE,pr3353ra1.pr.caixa,pr3353ra1.pr.caixa
PR,3353-0 JT CAMBE,pr3353sw120.pr.caixa,pr3353sw120.pr.caixa
PR,3362-0 PAICANDU,pr3362ra1.pr.caixa,pr3362ra1.pr.caixa
PR,3362-0 PAICANDU,pr3362sw120.pr.caixa,pr3362sw120.pr.caixa
PR,3362-0 PAICANDU,pr3362sw121.pr.caixa,pr3362sw121.pr.caixa
PR,3362-0 PAICANDU,pr3362sw122.pr.caixa,pr3362sw122.pr.caixa
PR,3363-0 PM SAO JOSE DOS PINHAIS,pr3363ra1.pr.caixa,pr3363ra1.pr.caixa
PR,3363-0 PM SAO JOSE DOS PINHAIS,pr3363sw120.pr.caixa,pr3363sw120.pr.caixa
PR,3371-0 GRACIOSA,pr3371ra1.pr.caixa,pr3371ra1.pr.caixa
PR,3371-0 GRACIOSA,pr3371sw150.pr.caixa,pr3371sw150.pr.caixa
PR,3371-0 GRACIOSA,pr3371sw151.pr.caixa,pr3371sw151.pr.caixa
PR,3371-0 GRACIOSA,pr3371sw152.pr.caixa,pr3371sw152.pr.caixa
PR,3371-0 GRACIOSA,pr3371sw199.pr.caixa,pr3371sw199.pr.caixa
PR,3379-0 SITIO CERCADO,pr3379ra1.pr.caixa,pr3379ra1.pr.caixa
PR,3379-0 SITIO CERCADO,pr3379sw150.pr.caixa,pr3379sw150.pr.caixa
PR,3379-0 SITIO CERCADO,pr3379sw151.pr.caixa,pr3379sw151.pr.caixa
PR,3379-0 SITIO CERCADO,pr3379sw152.pr.caixa,pr3379sw152.pr.caixa
PR,3379-0 SITIO CERCADO,pr3379sw153.pr.caixa,pr3379sw153.pr.caixa
PR,3379-0 SITIO CERCADO,pr3379sw199.pr.caixa,pr3379sw199.pr.caixa
PR,3387-0 JARDIM DAS AMERICAS,pr3387ra1.pr.caixa,pr3387ra1.pr.caixa
PR,3387-0 JARDIM DAS AMERICAS,pr3387sw150.pr.caixa,pr3387sw150.pr.caixa
PR,3387-0 JARDIM DAS AMERICAS,pr3387sw151.pr.caixa,pr3387sw151.pr.caixa
PR,3387-0 JARDIM DAS AMERICAS,pr3387sw152.pr.caixa,pr3387sw152.pr.caixa
PR,3387-0 JARDIM DAS AMERICAS,pr3387sw199.pr.caixa,pr3387sw199.pr.caixa
PR,3397-0 BAIRRO FAZENDINHA,pr3397ra1.pr.caixa,pr3397ra1.pr.caixa
PR,3397-0 BAIRRO FAZENDINHA,PR3397SW150.pr.caixa,PR3397SW150.pr.caixa
PR,3397-0 BAIRRO FAZENDINHA,PR3397SW151.pr.caixa,PR3397SW151.pr.caixa
PR,3397-0 BAIRRO FAZENDINHA,PR3397SW152.pr.caixa,PR3397SW152.pr.caixa
PR,3397-0 BAIRRO FAZENDINHA,PR3397SW199.pr.caixa,PR3397SW199.pr.caixa
PR,3414-0 BAIRRO ALTO,pr3414ra1.pr.caixa,pr3414ra1.pr.caixa
PR,3414-0 BAIRRO ALTO,pr3414sw120.pr.caixa,pr3414sw120.pr.caixa
PR,3414-0 BAIRRO ALTO,pr3414sw121.pr.caixa,pr3414sw121.pr.caixa
PR,3414-0 BAIRRO ALTO,pr3414sw122.pr.caixa,pr3414sw122.pr.caixa
PR,3414-0 BAIRRO ALTO,pr3414sw123.pr.caixa,pr3414sw123.pr.caixa
PR,3426-0 PM PARAISO DO NORTE,pr3426ra1.pr.caixa,pr3426ra1.pr.caixa
PR,3426-0 PM PARAISO DO NORTE,pr3426sw120.pr.caixa,pr3426sw120.pr.caixa
PR,3426-0 PM PARAISO DO NORTE,pr3426sw121.pr.caixa,pr3426sw121.pr.caixa
PR,3492-0 PINHEIRO DO PARANA,pr3492ra1.pr.caixa,pr3492ra1.pr.caixa
PR,3492-0 PINHEIRO DO PARANA,pr3492sw120.pr.caixa,pr3492sw120.pr.caixa
PR,3492-0 PINHEIRO DO PARANA,pr3492sw121.pr.caixa,pr3492sw121.pr.caixa
PR,3492-0 PINHEIRO DO PARANA,pr3492sw122.pr.caixa,pr3492sw122.pr.caixa
PR,3493-0 ZILDA ARNS,pr3493ra1.pr.caixa,pr3493ra1.pr.caixa
PR,3493-0 ZILDA ARNS,pr3493sw120.pr.caixa,pr3493sw120.pr.caixa
PR,3493-0 ZILDA ARNS,pr3493sw121.pr.caixa,pr3493sw121.pr.caixa
PR,3493-0 ZILDA ARNS,pr3493sw122.pr.caixa,pr3493sw122.pr.caixa
PR,3509-0 AVENIDA IRAI,pr3509ra1.pr.caixa,pr3509ra1.pr.caixa
PR,3509-0 AVENIDA IRAI,pr3509sw120.pr.caixa,pr3509sw120.pr.caixa
PR,3509-0 AVENIDA IRAI,pr3509sw121.pr.caixa,pr3509sw121.pr.caixa
PR,3509-0 AVENIDA IRAI,pr3509sw122.pr.caixa,pr3509sw122.pr.caixa
PR,3510-0 GUARAITUBA,pr3510ra1.pr.caixa,pr3510ra1.pr.caixa
PR,3510-0 GUARAITUBA,PR3510SW120.pr.caixa,PR3510SW120.pr.caixa
PR,3510-0 GUARAITUBA,PR3510SW121.pr.caixa,PR3510SW121.pr.caixa
PR,3510-0 GUARAITUBA,PR3510SW122.pr.caixa,PR3510SW122.pr.caixa
PR,3511-0 CAMPINA GRANDE DO SUL,pr3511ra1.pr.caixa,pr3511ra1.pr.caixa
PR,3511-0 CAMPINA GRANDE DO SUL,pr3511sw150.pr.caixa,pr3511sw150.pr.caixa
PR,3511-0 CAMPINA GRANDE DO SUL,pr3511sw151.pr.caixa,pr3511sw151.pr.caixa
PR,3511-0 CAMPINA GRANDE DO SUL,pr3511sw152.pr.caixa,pr3511sw152.pr.caixa
PR,3511-0 CAMPINA GRANDE DO SUL,pr3511sw199.pr.caixa,pr3511sw199.pr.caixa
PR,3511-1 FORUM CAMPINA GRANDE DO SUL,pr3511ra2.pr.caixa,pr3511ra2.pr.caixa
PR,3511-1 FORUM CAMPINA GRANDE DO SUL,pr3511sw220.pr.caixa,pr3511sw220.pr.caixa
PR,3512-0 GUARATUBA,pr3512ra1.pr.caixa,pr3512ra1.pr.caixa
PR,3512-0 GUARATUBA,pr3512sw120.pr.caixa,pr3512sw120.pr.caixa
PR,3512-0 GUARATUBA,pr3512sw121.pr.caixa,pr3512sw121.pr.caixa
PR,3512-0 GUARATUBA,pr3512sw122.pr.caixa,pr3512sw122.pr.caixa
PR,3512-1 SNC GUARATUBA,pr3512ra2.pr.caixa,pr3512ra2.pr.caixa
PR,3514-0 CATUAI SHOPPING LONDRINA,pr3514ra1.pr.caixa,pr3514ra1.pr.caixa
PR,3514-0 CATUAI SHOPPING LONDRINA,pr3514sw120.pr.caixa,pr3514sw120.pr.caixa
PR,3514-0 CATUAI SHOPPING LONDRINA,pr3514sw121.pr.caixa,pr3514sw121.pr.caixa
PR,3531-0 KAKOGAWA,pr3531ra1.pr.caixa,pr3531ra1.pr.caixa
PR,3531-0 KAKOGAWA,pr3531sw120.pr.caixa,pr3531sw120.pr.caixa
PR,3531-0 KAKOGAWA,pr3531sw121.pr.caixa,pr3531sw121.pr.caixa
PR,3531-0 KAKOGAWA,pr3531sw122.pr.caixa,pr3531sw122.pr.caixa
PR,3531-0 KAKOGAWA,pr3531sw123.pr.caixa,pr3531sw123.pr.caixa
PR,3556-0 ANDRE DE BARROS,pr3556ra1.pr.caixa,pr3556ra1.pr.caixa
PR,3556-0 ANDRE DE BARROS,pr3556sw120.pr.caixa,pr3556sw120.pr.caixa
PR,3556-0 ANDRE DE BARROS,pr3556sw121.pr.caixa,pr3556sw121.pr.caixa
PR,3556-0 ANDRE DE BARROS,pr3556sw122.pr.caixa,pr3556sw122.pr.caixa
PR,3557-0 CAPAO RASO,pr3557ra1.pr.caixa,pr3557ra1.pr.caixa
PR,3557-0 CAPAO RASO,pr3557sw150.pr.caixa,pr3557sw150.pr.caixa
PR,3557-0 CAPAO RASO,pr3557sw151.pr.caixa,pr3557sw151.pr.caixa
PR,3557-0 CAPAO RASO,pr3557sw152.pr.caixa,pr3557sw152.pr.caixa
PR,3557-0 CAPAO RASO,pr3557sw199.pr.caixa,pr3557sw199.pr.caixa
PR,"3608-0 DIGITAL OESTE DO PARANA, PR",pr3608sw150.pr.caixa,pr3608sw150.pr.caixa
PR,"3608-0 DIGITAL OESTE DO PARANA, PR",pr3608sw151.pr.caixa,pr3608sw151.pr.caixa
PR,3626-0 PORTAL DE SAO JOSE,pr3626ra1.pr.caixa,pr3626ra1.pr.caixa
PR,3626-0 PORTAL DE SAO JOSE,pr3626sw120.pr.caixa,pr3626sw120.pr.caixa
PR,3626-0 PORTAL DE SAO JOSE,pr3626sw121.pr.caixa,pr3626sw121.pr.caixa
PR,3626-0 PORTAL DE SAO JOSE,pr3626sw122.pr.caixa,pr3626sw122.pr.caixa
PR,3627-0 CAPITAL DO BONE,pr3627ra1.pr.caixa,pr3627ra1.pr.caixa
PR,3627-0 CAPITAL DO BONE,pr3627sw120.pr.caixa,pr3627sw120.pr.caixa
PR,3627-0 CAPITAL DO BONE,pr3627sw121.pr.caixa,pr3627sw121.pr.caixa
PR,3627-0 CAPITAL DO BONE,pr3627sw124.pr.caixa,pr3627sw124.pr.caixa
PR,3634-0 SERTANOPOLIS,pr3634ra1.pr.caixa,pr3634ra1.pr.caixa
PR,3634-0 SERTANOPOLIS,pr3634sw120.pr.caixa,pr3634sw120.pr.caixa
PR,3634-0 SERTANOPOLIS,pr3634sw121.pr.caixa,pr3634sw121.pr.caixa
PR,3634-0 SERTANOPOLIS,pr3634sw122.pr.caixa,pr3634sw122.pr.caixa
PR,3635-0 PE VERMELHO,pr3635ra1.pr.caixa,pr3635ra1.pr.caixa
PR,3635-0 PE VERMELHO,pr3635sw120.pr.caixa,pr3635sw120.pr.caixa
PR,3635-0 PE VERMELHO,pr3635sw121.pr.caixa,pr3635sw121.pr.caixa
PR,3635-0 PE VERMELHO,pr3635sw122.pr.caixa,pr3635sw122.pr.caixa
PR,3636-0 FAXINAL,pr3636ra1.pr.caixa,pr3636ra1.pr.caixa
PR,3636-0 FAXINAL,pr3636sw120.pr.caixa,pr3636sw120.pr.caixa
PR,3636-0 FAXINAL,pr3636sw121.pr.caixa,pr3636sw121.pr.caixa
PR,3636-0 FAXINAL,pr3636sw122.pr.caixa,pr3636sw122.pr.caixa
PR,3640-0 RUI BARBOSA,pr3640ra1.pr.caixa,pr3640ra1.pr.caixa
PR,3640-0 RUI BARBOSA,pr3640sw120.pr.caixa,pr3640sw120.pr.caixa
PR,3640-0 RUI BARBOSA,pr3640sw121.pr.caixa,pr3640sw121.pr.caixa
PR,3640-0 RUI BARBOSA,pr3640sw122.pr.caixa,pr3640sw122.pr.caixa
PR,3676-0 QUEDAS DO IGUACU,pr3676ra1.pr.caixa,pr3676ra1.pr.caixa
PR,3676-0 QUEDAS DO IGUACU,pr3676sw120.pr.caixa,pr3676sw120.pr.caixa
PR,3676-0 QUEDAS DO IGUACU,pr3676sw121.pr.caixa,pr3676sw121.pr.caixa
PR,3676-0 QUEDAS DO IGUACU,pr3676sw122.pr.caixa,pr3676sw122.pr.caixa
PR,3698 - 3699 - SEDE 1 - 3º ANDAR,pr3698sw150.pr.caixa,pr3698sw150.pr.caixa
PR,3698 - 3699 - SEDE 1 - 3º ANDAR,pr3698sw151.pr.caixa,pr3698sw151.pr.caixa
PR,3698 - 3699 - SEDE 1 - 3º ANDAR,pr3698sw152.pr.caixa,pr3698sw152.pr.caixa
PR,3698 - 3699 - SEDE 1 - 3º ANDAR,pr3699sw150.pr.caixa,pr3699sw150.pr.caixa
PR,3698 - 3699 - SEDE 1 - 3º ANDAR,pr3699sw151.pr.caixa,pr3699sw151.pr.caixa
PR,3698 - 3699 - SEDE 1 - 3º ANDAR,pr3699sw152.pr.caixa,pr3699sw152.pr.caixa
PR,3708-0 HUGO SIMAS,pr3708ra1.pr.caixa,pr3708ra1.pr.caixa
PR,3708-0 HUGO SIMAS,pr3708sw120.pr.caixa,pr3708sw120.pr.caixa
PR,3708-0 HUGO SIMAS,pr3708sw121.pr.caixa,pr3708sw121.pr.caixa
PR,3708-0 HUGO SIMAS,PR3708SW122.pr.caixa,PR3708SW122.pr.caixa
PR,3733-0 AVENIDA INGLATERRA,pr3733ra1.pr.caixa,pr3733ra1.pr.caixa
PR,3733-0 AVENIDA INGLATERRA,pr3733sw120.pr.caixa,pr3733sw120.pr.caixa
PR,3733-0 AVENIDA INGLATERRA,pr3733sw121.pr.caixa,pr3733sw121.pr.caixa
PR,3733-0 AVENIDA INGLATERRA,pr3733sw122.pr.caixa,pr3733sw122.pr.caixa
PR,3734-0 ENGENHEIRO BELTRAO,pr3734ra1.pr.caixa,pr3734ra1.pr.caixa
PR,3734-0 ENGENHEIRO BELTRAO,pr3734sw120.pr.caixa,pr3734sw120.pr.caixa
PR,3734-0 ENGENHEIRO BELTRAO,pr3734sw121.pr.caixa,pr3734sw121.pr.caixa
PR,3734-0 ENGENHEIRO BELTRAO,pr3734sw122.pr.caixa,pr3734sw122.pr.caixa
PR,3739-0 GUAIRACA,pr3739ra1.pr.caixa,pr3739ra1.pr.caixa
PR,3739-0 GUAIRACA,pr3739sw120.pr.caixa,pr3739sw120.pr.caixa
PR,3739-0 GUAIRACA,pr3739sw121.pr.caixa,pr3739sw121.pr.caixa
PR,3739-0 GUAIRACA,pr3739sw122.pr.caixa,pr3739sw122.pr.caixa
PR,3740-0 PARQUE ECOLOGICO,pr3740ra1.pr.caixa,pr3740ra1.pr.caixa
PR,3740-0 PARQUE ECOLOGICO,pr3740sw120.pr.caixa,pr3740sw120.pr.caixa
PR,3740-0 PARQUE ECOLOGICO,pr3740sw121.pr.caixa,pr3740sw121.pr.caixa
PR,3740-0 PARQUE ECOLOGICO,pr3740sw122.pr.caixa,pr3740sw122.pr.caixa
PR,3746-0 MANGUEIRINHA,pr3746ra1.pr.caixa,pr3746ra1.pr.caixa
PR,3746-0 MANGUEIRINHA,pr3746sw120.pr.caixa,pr3746sw120.pr.caixa
PR,3746-0 MANGUEIRINHA,pr3746sw121.pr.caixa,pr3746sw121.pr.caixa
PR,3746-0 MANGUEIRINHA,pr3746sw122.pr.caixa,pr3746sw122.pr.caixa
PR,3753-0 MANDAGUACU,pr3753ra1.pr.caixa,pr3753ra1.pr.caixa
PR,3753-0 MANDAGUACU,pr3753sw120.pr.caixa,pr3753sw120.pr.caixa
PR,3753-0 MANDAGUACU,pr3753sw121.pr.caixa,pr3753sw121.pr.caixa
PR,3753-0 MANDAGUACU,pr3753sw122.pr.caixa,pr3753sw122.pr.caixa
PR,3754-0 MANDACARU,pr3754ra1.pr.caixa,pr3754ra1.pr.caixa
PR,3754-0 MANDACARU,pr3754sw120.pr.caixa,pr3754sw120.pr.caixa
PR,3754-0 MANDACARU,pr3754sw121.pr.caixa,pr3754sw121.pr.caixa
PR,3754-0 MANDACARU,pr3754sw122.pr.caixa,pr3754sw122.pr.caixa
PR,3755-0 PARANACITY,pr3755ra1.pr.caixa,pr3755ra1.pr.caixa
PR,3755-0 PARANACITY,PR3755SW120.pr.caixa,PR3755SW120.pr.caixa
PR,3755-0 PARANACITY,PR3755SW121.pr.caixa,PR3755SW121.pr.caixa
PR,3755-0 PARANACITY,PR3755SW122.pr.caixa,PR3755SW122.pr.caixa
PR,3770-0 AG DIGITAL NORTE DO PARANA,pr3770sw150.pr.caixa,pr3770sw150.pr.caixa
PR,3770-0 AG DIGITAL NORTE DO PARANA,pr3770sw151.pr.caixa,pr3770sw151.pr.caixa
PR,3806-0 AV TANCREDO NEVES,pr3806ra1.pr.caixa,pr3806ra1.pr.caixa
PR,3806-0 AV TANCREDO NEVES,pr3806sw150.pr.caixa,pr3806sw150.pr.caixa
PR,3806-0 AV TANCREDO NEVES,pr3806sw151.pr.caixa,pr3806sw151.pr.caixa
PR,3806-0 AV TANCREDO NEVES,pr3806sw152.pr.caixa,pr3806sw152.pr.caixa
PR,3806-0 AV TANCREDO NEVES,pr3806sw199.pr.caixa,pr3806sw199.pr.caixa
PR,3842-0 SAO MIGUEL DO IGUACU,pr3842ra1.pr.caixa,pr3842ra1.pr.caixa
PR,3842-0 SAO MIGUEL DO IGUACU,pr3842sw120.pr.caixa,pr3842sw120.pr.caixa
PR,3842-0 SAO MIGUEL DO IGUACU,pr3842sw121.pr.caixa,pr3842sw121.pr.caixa
PR,3842-0 SAO MIGUEL DO IGUACU,pr3842sw122.pr.caixa,pr3842sw122.pr.caixa
PR,3844-0 CAPITAO LEONIDAS MARQUES,pr3844ra1.pr.caixa,pr3844ra1.pr.caixa
PR,3844-0 CAPITAO LEONIDAS MARQUES,pr3844sw120.pr.caixa,pr3844sw120.pr.caixa
PR,3844-0 CAPITAO LEONIDAS MARQUES,pr3844sw121.pr.caixa,pr3844sw121.pr.caixa
PR,3844-0 CAPITAO LEONIDAS MARQUES,pr3844sw122.pr.caixa,pr3844sw122.pr.caixa
PR,3847-0 CAPITAO INDIO BANDEIRA,pr3847ra1.pr.caixa,pr3847ra1.pr.caixa
PR,3847-0 CAPITAO INDIO BANDEIRA,pr3847sw120.pr.caixa,pr3847sw120.pr.caixa
PR,3847-0 CAPITAO INDIO BANDEIRA,pr3847sw121.pr.caixa,pr3847sw121.pr.caixa
PR,3847-0 CAPITAO INDIO BANDEIRA,pr3847sw122.pr.caixa,pr3847sw122.pr.caixa
PR,3849-0 CATEDRAL MARINGA,pr3849ra1.pr.caixa,pr3849ra1.pr.caixa
PR,3849-0 CATEDRAL MARINGA,pr3849sw120.pr.caixa,pr3849sw120.pr.caixa
PR,3849-0 CATEDRAL MARINGA,pr3849sw121.pr.caixa,pr3849sw121.pr.caixa
PR,3849-0 CATEDRAL MARINGA,pr3849sw122.pr.caixa,pr3849sw122.pr.caixa
PR,3851-0 VEST MODA,pr3851ra1.pr.caixa,pr3851ra1.pr.caixa
PR,3851-0 VEST MODA,pr3851sw120.pr.caixa,pr3851sw120.pr.caixa
PR,3851-0 VEST MODA,pr3851sw121.pr.caixa,pr3851sw121.pr.caixa
PR,3851-0 VEST MODA,pr3851sw122.pr.caixa,pr3851sw122.pr.caixa
PR,3857-0 AMPERE,pr3857ra1.pr.caixa,pr3857ra1.pr.caixa
PR,3857-0 AMPERE,pr3857sw120.pr.caixa,pr3857sw120.pr.caixa
PR,3857-0 AMPERE,pr3857sw121.pr.caixa,pr3857sw121.pr.caixa
PR,3857-0 AMPERE,pr3857sw122.pr.caixa,pr3857sw122.pr.caixa
PR,3864-0 JARDIM SABARA,pr3864ra1.pr.caixa,pr3864ra1.pr.caixa
PR,3864-0 JARDIM SABARA,pr3864sw120.pr.caixa,pr3864sw120.pr.caixa
PR,3864-0 JARDIM SABARA,pr3864sw121.pr.caixa,pr3864sw121.pr.caixa
PR,3866-0 PIRAQUARA,pr3866ra1.pr.caixa,pr3866ra1.pr.caixa
PR,3866-0 PIRAQUARA,pr3866sw120.pr.caixa,pr3866sw120.pr.caixa
PR,3866-0 PIRAQUARA,pr3866sw121.pr.caixa,pr3866sw121.pr.caixa
PR,3868-0 CAPITAL DA AMIZADE,pr3868ra1.pr.caixa,pr3868ra1.pr.caixa
PR,3868-0 CAPITAL DA AMIZADE,pr3868sw120.pr.caixa,pr3868sw120.pr.caixa
PR,3868-0 CAPITAL DA AMIZADE,pr3868sw121.pr.caixa,pr3868sw121.pr.caixa
PR,3868-0 CAPITAL DA AMIZADE,pr3868sw122.pr.caixa,pr3868sw122.pr.caixa
PR,3876-0 HUGO LANGE,pr3876ra1.pr.caixa,pr3876ra1.pr.caixa
PR,3876-0 HUGO LANGE,pr3876sw120.pr.caixa,pr3876sw120.pr.caixa
PR,3876-0 HUGO LANGE,pr3876sw121.pr.caixa,pr3876sw121.pr.caixa
PR,3876-0 HUGO LANGE,pr3876sw122.pr.caixa,pr3876sw122.pr.caixa
PR,3877-0 KENNEDY,pr3877ra1.pr.caixa,pr3877ra1.pr.caixa
PR,3877-0 KENNEDY,pr3877sw120.pr.caixa,pr3877sw120.pr.caixa
PR,3877-0 KENNEDY,pr3877sw121.pr.caixa,pr3877sw121.pr.caixa
PR,3877-0 KENNEDY,pr3877sw122.pr.caixa,pr3877sw122.pr.caixa
PR,3915-0 PINHAIS,pr3915ra1.pr.caixa,pr3915ra1.pr.caixa
PR,3915-0 PINHAIS,pr3915sw150.pr.caixa,pr3915sw150.pr.caixa
PR,3915-0 PINHAIS,pr3915sw151.pr.caixa,pr3915sw151.pr.caixa
PR,3915-0 PINHAIS,pr3915sw152.pr.caixa,pr3915sw152.pr.caixa
PR,3915-0 PINHAIS,pr3915sw153.pr.caixa,pr3915sw153.pr.caixa
PR,3915-0 PINHAIS,pr3915sw154.pr.caixa,pr3915sw154.pr.caixa
PR,3915-0 PINHAIS,pr3915sw199.pr.caixa,pr3915sw199.pr.caixa
PR,3915-1 FORUM PINHAIS,pr3915ra2.pr.caixa,pr3915ra2.pr.caixa
PR,3915-2 JT PINHAIS - BKP disponivel,pr3915ra3.pr.caixa,pr3915ra3.pr.caixa
PR,3915-2 JT PINHAIS - BKP disponivel,pr3915sw320.pr.caixa,pr3915sw320.pr.caixa
PR,3915-3 PM PINHAIS,pr3915ra4.pr.caixa,pr3915ra4.pr.caixa
PR,3915-3 PM PINHAIS,pr3915sw420.pr.caixa,pr3915sw420.pr.caixa
PR,3922-0 JF UMUARAMA,pr3922ra1.pr.caixa,pr3922ra1.pr.caixa
PR,3922-0 JF UMUARAMA,pr3922sw150.pr.caixa,pr3922sw150.pr.caixa
PR,3935-0 JF CASCAVEL,pr3935ra1.pr.caixa,pr3935ra1.pr.caixa
PR,3935-0 JF CASCAVEL,pr3935sw120.pr.caixa,pr3935sw120.pr.caixa
PR,3937-0 JF GUARAPUAVA,pr3937ra1.pr.caixa,pr3937ra1.pr.caixa
PR,3937-0 JF GUARAPUAVA,pr3937sw120.pr.caixa,pr3937sw120.pr.caixa
PR,3944-0 JF MARINGA,pr3944ra1.pr.caixa,pr3944ra1.pr.caixa
PR,3944-0 JF MARINGA,pr3944sw120.pr.caixa,pr3944sw120.pr.caixa
PR,3976-0 VILA A,pr3976ra1.pr.caixa,pr3976ra1.pr.caixa
PR,3976-0 VILA A,pr3976sw120.pr.caixa,pr3976sw120.pr.caixa
PR,3976-0 VILA A,pr3976sw121.pr.caixa,pr3976sw121.pr.caixa
PR,3976-0 VILA A,pr3976sw122.pr.caixa,pr3976sw122.pr.caixa
PR,3977-0 USINA,pr3977ra1.pr.caixa,pr3977ra1.pr.caixa
PR,3977-0 USINA,pr3977sw120.pr.caixa,pr3977sw120.pr.caixa
PR,3979-0 JT TOLEDO,pr3979ra1.pr.caixa,pr3979ra1.pr.caixa
PR,3979-0 JT TOLEDO,pr3979sw120.pr.caixa,pr3979sw120.pr.caixa
PR,3980-0 JT FRANCISCO BELTRAO,pr3980ra1.pr.caixa,pr3980ra1.pr.caixa
PR,3980-0 JT FRANCISCO BELTRAO,pr3980sw120.pr.caixa,pr3980sw120.pr.caixa
PR,3982-0 JT CASCAVEL,pr3982ra1.pr.caixa,pr3982ra1.pr.caixa
PR,3982-0 JT CASCAVEL,pr3982sw120.pr.caixa,pr3982sw120.pr.caixa
PR,3983-0 FORUM CASCAVEL,pr3983ra1.pr.caixa,pr3983ra1.pr.caixa
PR,3983-0 FORUM CASCAVEL,pr3983sw120.pr.caixa,pr3983sw120.pr.caixa
PR,3984-0 FORUM CURITIBA,pr3984ra1.pr.caixa,pr3984ra1.pr.caixa
PR,3984-0 FORUM CURITIBA,pr3984sw150.pr.caixa,pr3984sw150.pr.caixa
PR,3984-0 FORUM CURITIBA,pr3984sw151.pr.caixa,pr3984sw151.pr.caixa
PR,3984-0 FORUM CURITIBA,pr3984sw152.pr.caixa,pr3984sw152.pr.caixa
PR,3984-2 PA JT ALVARO RAMOS,PR3984RA2.pr.caixa,PR3984RA2.pr.caixa
PR,3984-2 PA JT ALVARO RAMOS,PR3984SW220.pr.caixa,PR3984SW220.pr.caixa
PR,3984-3 TJ Centro Judiciario,pr3984ra3.pr.caixa,pr3984ra3.pr.caixa
PR,3984-3 TJ Centro Judiciario,pr3984sw320.pr.caixa,pr3984sw320.pr.caixa
PR,3984-6 PA FORUM II,pr3984ra7.pr.caixa,pr3984ra7.pr.caixa
PR,3984-6 PA FORUM II,pr3984sw720.pr.caixa,pr3984sw720.pr.caixa
PR,4002-0 JT FOZ DO IGUACU,pr4002ra1.pr.caixa,pr4002ra1.pr.caixa
PR,4002-0 JT FOZ DO IGUACU,pr4002sw120.pr.caixa,pr4002sw120.pr.caixa
PR,4003-0 UTFPR PATO BRANCO,pr4003ra1.pr.caixa,pr4003ra1.pr.caixa
PR,4003-0 UTFPR PATO BRANCO,pr4003sw120.pr.caixa,pr4003sw120.pr.caixa
PR,4005-0 JT LONDRINA,pr4005ra1.pr.caixa,pr4005ra1.pr.caixa
PR,4005-0 JT LONDRINA,pr4005sw120.pr.caixa,pr4005sw120.pr.caixa
PR,4006-0 CENTRO EXECUTIVO,pr4006ra1.pr.caixa,pr4006ra1.pr.caixa
PR,4006-0 CENTRO EXECUTIVO,pr4006sw120.pr.caixa,pr4006sw120.pr.caixa
PR,4098-0 JT JACAREZINHO,pr4098ra1.pr.caixa,pr4098ra1.pr.caixa
PR,4098-0 JT JACAREZINHO,pr4098sw120.pr.caixa,pr4098sw120.pr.caixa
PR,4124-0 PARQUE SAO PAULO,pr4124ra1.pr.caixa,pr4124ra1.pr.caixa
PR,4124-0 PARQUE SAO PAULO,pr4124sw120.pr.caixa,pr4124sw120.pr.caixa
PR,4124-0 PARQUE SAO PAULO,pr4124sw121.pr.caixa,pr4124sw121.pr.caixa
PR,4124-0 PARQUE SAO PAULO,pr4124sw122.pr.caixa,pr4124sw122.pr.caixa
PR,4156-0 REPUBLICA ARGENTINA,pr4156ra1.pr.caixa,pr4156ra1.pr.caixa
PR,4156-0 REPUBLICA ARGENTINA,pr4156sw120.pr.caixa,pr4156sw120.pr.caixa
PR,4156-0 REPUBLICA ARGENTINA,pr4156sw121.pr.caixa,pr4156sw121.pr.caixa
PR,4156-0 REPUBLICA ARGENTINA,pr4156sw122.pr.caixa,pr4156sw122.pr.caixa
PR,4181-0 JF FRANCISCO BELTRAO,pr4181ra1.pr.caixa,pr4181ra1.pr.caixa
PR,4181-0 JF FRANCISCO BELTRAO,pr4181sw120.pr.caixa,pr4181sw120.pr.caixa
PR,4182-0 JT PATO BRANCO,pr4182ra1.pr.caixa,pr4182ra1.pr.caixa
PR,4182-0 JT PATO BRANCO,pr4182sw120.pr.caixa,pr4182sw120.pr.caixa
PR,4266 - SEDE 1 - 6º ANDAR,pr4266sw150.pr.caixa,pr4266sw150.pr.caixa
PR,4266 - SEDE 1 - 6º ANDAR,pr4266sw151.pr.caixa,pr4266sw151.pr.caixa
PR,4267 - SEDE 1 - 5º ANDAR,pr4267sw150.pr.caixa,pr4267sw150.pr.caixa
PR,4267 - SEDE 1 - 5º ANDAR,pr4267sw151.pr.caixa,pr4267sw151.pr.caixa
PR,4267 - SEDE 1 - 5º ANDAR,pr4267sw152.pr.caixa,pr4267sw152.pr.caixa
PR,4268-0 AG EMPRESARIAL MARINGA,pr4268sw150.pr.caixa,pr4268sw150.pr.caixa
PR,4268-0 AG EMPRESARIAL MARINGA,pr4268sw151.pr.caixa,pr4268sw151.pr.caixa
PR,4307-0 AG PALMITAL,pr4307ra1.pr.caixa,pr4307ra1.pr.caixa
PR,4307-0 AG PALMITAL,pr4307sw120.pr.caixa,pr4307sw120.pr.caixa
PR,4307-0 AG PALMITAL,pr4307sw121.pr.caixa,pr4307sw121.pr.caixa
PR,4315-0 AG EMPRESARIAL LONDRINA,pr4315sw150.pr.caixa,pr4315sw150.pr.caixa
PR,4315-0 AG EMPRESARIAL LONDRINA,pr4315sw151.pr.caixa,pr4315sw151.pr.caixa
PR,4317-0 AG EMPRESARIAL CASCAVEL,pr4317sw150.pr.caixa,pr4317sw150.pr.caixa
PR,4317-0 AG EMPRESARIAL CASCAVEL,pr4317sw151.pr.caixa,pr4317sw151.pr.caixa
PR,4341-0 VISTA DA SERRA,pr4341ra1.pr.caixa,pr4341ra1.pr.caixa
PR,4341-0 VISTA DA SERRA,pr4341sw120.pr.caixa,pr4341sw120.pr.caixa
PR,4341-0 VISTA DA SERRA,pr4341sw121.pr.caixa,pr4341sw121.pr.caixa
PR,4341-0 VISTA DA SERRA,pr4341sw122.pr.caixa,pr4341sw122.pr.caixa
PR,4347-0 JARDIM SANTO AMARO,pr4347ra1.pr.caixa,pr4347ra1.pr.caixa
PR,4347-0 JARDIM SANTO AMARO,pr4347sw120.pr.caixa,pr4347sw120.pr.caixa
PR,4347-0 JARDIM SANTO AMARO,pr4347sw121.pr.caixa,pr4347sw121.pr.caixa
PR,4347-0 JARDIM SANTO AMARO,pr4347sw122.pr.caixa,pr4347sw122.pr.caixa
PR,4348-0 PM ANDIRA,pr4348ra1.pr.caixa,pr4348ra1.pr.caixa
PR,4348-0 PM ANDIRA,pr4348sw120.pr.caixa,pr4348sw120.pr.caixa
PR,4352-0 PM CENTENARIO DO SUL,pr4352ra1.pr.caixa,pr4352ra1.pr.caixa
PR,4352-0 PM CENTENARIO DO SUL,pr4352sw120.pr.caixa,pr4352sw120.pr.caixa
PR,4394-0 CIDADE DE TAPEJARA,pr4394ra1.pr.caixa,pr4394ra1.pr.caixa
PR,4394-0 CIDADE DE TAPEJARA,pr4394sw120.pr.caixa,pr4394sw120.pr.caixa
PR,4394-0 CIDADE DE TAPEJARA,pr4394sw121.pr.caixa,pr4394sw121.pr.caixa
PR,4395-0 PINEVILLE,pr4395ra1.pr.caixa,pr4395ra1.pr.caixa
PR,4395-0 PINEVILLE,pr4395sw120.pr.caixa,pr4395sw120.pr.caixa
PR,4395-0 PINEVILLE,pr4395sw121.pr.caixa,pr4395sw121.pr.caixa
PR,4396-0 BALSA NOVA,pr4396ra1.pr.caixa,pr4396ra1.pr.caixa
PR,4396-0 BALSA NOVA,pr4396sw120.pr.caixa,pr4396sw120.pr.caixa
PR,4396-0 BALSA NOVA,pr4396sw121.pr.caixa,pr4396sw121.pr.caixa
PR,4396-0 BALSA NOVA,pr4396sw122.pr.caixa,pr4396sw122.pr.caixa
PR,4404-0 TIBAGI,pr4404ra1.pr.caixa,pr4404ra1.pr.caixa
PR,4404-0 TIBAGI,pr4404sw120.pr.caixa,pr4404sw120.pr.caixa
PR,4404-0 TIBAGI,pr4404sw121.pr.caixa,pr4404sw121.pr.caixa
PR,4404-0 TIBAGI,pr4404sw122.pr.caixa,pr4404sw122.pr.caixa
PR,4405-0 CARAMBEI,pr4405ra1.pr.caixa,pr4405ra1.pr.caixa
PR,4405-0 CARAMBEI,pr4405sw120.pr.caixa,pr4405sw120.pr.caixa
PR,4405-0 CARAMBEI,pr4405sw121.pr.caixa,pr4405sw121.pr.caixa
PR,4405-0 CARAMBEI,pr4405sw122.pr.caixa,pr4405sw122.pr.caixa
PR,4411-0 PM IRETAMA,pr4411ra1.pr.caixa,pr4411ra1.pr.caixa
PR,4411-0 PM IRETAMA,pr4411sw120.pr.caixa,pr4411sw120.pr.caixa
PR,4417-0 JAGUAPITA,pr4417ra1.pr.caixa,pr4417ra1.pr.caixa
PR,4417-0 JAGUAPITA,pr4417sw120.pr.caixa,pr4417sw120.pr.caixa
PR,4417-0 JAGUAPITA,pr4417sw121.pr.caixa,pr4417sw121.pr.caixa
PR,4427-0 PM BARRACAO,pr4427ra1.pr.caixa,pr4427ra1.pr.caixa
PR,4427-0 PM BARRACAO,pr4427sw120.pr.caixa,pr4427sw120.pr.caixa
PR,4474-0 TERRA RICA,pr4474ra1.pr.caixa,pr4474ra1.pr.caixa
PR,4474-0 TERRA RICA,pr4474sw120.pr.caixa,pr4474sw120.pr.caixa
PR,4474-0 TERRA RICA,pr4474sw121.pr.caixa,pr4474sw121.pr.caixa
PR,4538-0 CAMPO MAGRO,pr4538ra1.pr.caixa,pr4538ra1.pr.caixa
PR,4538-0 CAMPO MAGRO,pr4538sw120.pr.caixa,pr4538sw120.pr.caixa
PR,4538-0 CAMPO MAGRO,pr4538sw121.pr.caixa,pr4538sw121.pr.caixa
PR,4538-0 CAMPO MAGRO,pr4538sw122.pr.caixa,pr4538sw122.pr.caixa
PR,4546-0 MANDIRITUBA,pr4546ra1.pr.caixa,pr4546ra1.pr.caixa
PR,4546-0 MANDIRITUBA,pr4546sw120.pr.caixa,pr4546sw120.pr.caixa
PR,4546-0 MANDIRITUBA,pr4546sw121.pr.caixa,pr4546sw121.pr.caixa
PR,4546-0 MANDIRITUBA,pr4546sw122.pr.caixa,pr4546sw122.pr.caixa
PR,4547-0 CONTENDA,pr4547ra1.pr.caixa,pr4547ra1.pr.caixa
PR,4547-0 CONTENDA,pr4547sw120.pr.caixa,pr4547sw120.pr.caixa
PR,4547-0 CONTENDA,pr4547sw121.pr.caixa,pr4547sw121.pr.caixa
PR,4593-0 CORONEL VIVIDA,pr4593ra1.pr.caixa,pr4593ra1.pr.caixa
PR,4593-0 CORONEL VIVIDA,pr4593sw120.pr.caixa,pr4593sw120.pr.caixa
PR,4593-0 CORONEL VIVIDA,pr4593sw121.pr.caixa,pr4593sw121.pr.caixa
PR,4594-0 TUPI,pr4594ra1.pr.caixa,pr4594ra1.pr.caixa
PR,4594-0 TUPI,pr4594sw120.pr.caixa,pr4594sw120.pr.caixa
PR,4594-0 TUPI,pr4594sw121.pr.caixa,pr4594sw121.pr.caixa
PR,4603-0 MOREIRA SALES,pr4603ra1.pr.caixa,pr4603ra1.pr.caixa
PR,4603-0 MOREIRA SALES,pr4603sw120.pr.caixa,pr4603sw120.pr.caixa
PR,4603-0 MOREIRA SALES,pr4603sw121.pr.caixa,pr4603sw121.pr.caixa
PR,4609-0 PIEN,pr4609ra1.pr.caixa,pr4609ra1.pr.caixa
PR,4609-0 PIEN,pr4609sw120.pr.caixa,pr4609sw120.pr.caixa
PR,4609-0 PIEN,pr4609sw121.pr.caixa,pr4609sw121.pr.caixa
PR,4609-0 PIEN,pr4609sw122.pr.caixa,pr4609sw122.pr.caixa
PR,4628-0 PA SANTO ANTONIO DA PLATINA,pr4628ra1.pr.caixa,pr4628ra1.pr.caixa
PR,4628-0 PA SANTO ANTONIO DA PLATINA,pr4628sw120.pr.caixa,pr4628sw120.pr.caixa
PR,4649-0 24 DE JUNHO,pr4649ra1.pr.caixa,pr4649ra1.pr.caixa
PR,4649-0 24 DE JUNHO,pr4649sw120.pr.caixa,pr4649sw120.pr.caixa
PR,4649-0 24 DE JUNHO,pr4649sw121.pr.caixa,pr4649sw121.pr.caixa
PR,4649-0 24 DE JUNHO,pr4649sw122.pr.caixa,pr4649sw122.pr.caixa
PR,4692-0 SANTO ANTONIO DO SUDOESTE,pr4692ra1.pr.caixa,pr4692ra1.pr.caixa
PR,4692-0 SANTO ANTONIO DO SUDOESTE,pr4692sw120.pr.caixa,pr4692sw120.pr.caixa
PR,4692-0 SANTO ANTONIO DO SUDOESTE,pr4692sw121.pr.caixa,pr4692sw121.pr.caixa
PR,4701-0 AV DR VICTOR DO AMARAL,pr4701ra1.pr.caixa,pr4701ra1.pr.caixa
PR,4701-0 AV DR VICTOR DO AMARAL,pr4701sw120.pr.caixa,pr4701sw120.pr.caixa
PR,4701-0 AV DR VICTOR DO AMARAL,pr4701sw121.pr.caixa,pr4701sw121.pr.caixa
PR,4744-0 TATUQUARA,pr4744ra1.pr.caixa,pr4744ra1.pr.caixa
PR,4744-0 TATUQUARA,pr4744sw120.pr.caixa,pr4744sw120.pr.caixa
PR,4744-0 TATUQUARA,pr4744sw121.pr.caixa,pr4744sw121.pr.caixa
PR,4943-0 MARRECAS,pr4943ra1.pr.caixa,pr4943ra1.pr.caixa
PR,4943-0 MARRECAS,pr4943sw120.pr.caixa,pr4943sw120.pr.caixa
PR,4943-0 MARRECAS,pr4943sw121.pr.caixa,pr4943sw121.pr.caixa
PR,4958-0 PM CURITIBA,pr4958ra1.pr.caixa,pr4958ra1.pr.caixa
PR,4958-0 PM CURITIBA,pr4958sw120.pr.caixa,pr4958sw120.pr.caixa
PR,4958-0 PM CURITIBA,pr4958sw121.pr.caixa,pr4958sw121.pr.caixa
PR,4958-1 EDIFiCIO DELTA,pr4958ra2.pr.caixa,pr4958ra2.pr.caixa
PR,4958-1 EDIFiCIO DELTA,pr4958sw220.pr.caixa,pr4958sw220.pr.caixa
PR,6289-0 JURIDICO REGIONAL CASCAVEL,pr6289sw150.pr.caixa,pr6289sw150.pr.caixa
PR,6289-0 JURIDICO REGIONAL CASCAVEL,pr6289sw151.pr.caixa,pr6289sw151.pr.caixa
PR,6294-0 JURIDICO REGIONAL LONDRINA,pr6294sw150.pr.caixa,pr6294sw150.pr.caixa
PR,6294-0 JURIDICO REGIONAL LONDRINA,pr6294sw151.pr.caixa,pr6294sw151.pr.caixa
PR,6513 - SEDE 1 - 6º ANDAR,pr6513sw150.pr.caixa,pr6513sw150.pr.caixa
PR,7083 - SEDE 1 - 14º ANDAR,pr7083sw150.pr.caixa,pr7083sw150.pr.caixa
PR,7083 - SEDE 1 - 14º ANDAR,pr7083sw151.pr.caixa,pr7083sw151.pr.caixa
PR,7083 - SEDE 1 - 14º ANDAR,pr7083sw152.pr.caixa,pr7083sw152.pr.caixa
PR,7083 - SEDE 1 - 14º ANDAR,pr7083sw153.pr.caixa,pr7083sw153.pr.caixa
PR,7107-0 PA AGRO OESTE PR,pr7107ra1.pr.caixa,pr7107ra1.pr.caixa
PR,7107-0 PA AGRO OESTE PR,pr7107sw120.pr.caixa,pr7107sw120.pr.caixa
PR,7113 - SEDE 1 - 4º ANDAR,pr7113sw150.pr.caixa,pr7113sw150.pr.caixa
PR,7113 - SEDE 1 - 4º ANDAR,pr7113sw151.pr.caixa,pr7113sw151.pr.caixa
PR,7113 - SEDE 1 - 4º ANDAR,pr7113sw152.pr.caixa,pr7113sw152.pr.caixa
PR,7113 - SEDE 1 - 4º ANDAR,pr7113sw153.pr.caixa,pr7113sw153.pr.caixa
PR,7127 - SEDE 1 - 15º ANDAR,pr7039sw153.pr.caixa,pr7039sw153.pr.caixa
PR,7127 - SEDE 1 - 15º ANDAR,pr7127sw154.pr.caixa,pr7127sw154.pr.caixa
PR,7127 - SEDE 1 - 15º ANDAR,pr7127sw155.pr.caixa,pr7127sw155.pr.caixa
PR,7127 - SEDE 1 - 15º ANDAR,pr7127sw158.pr.caixa,pr7127sw158.pr.caixa
PR,7163 - SEDE II,pr7163ra1.pr.caixa,pr7163ra1.pr.caixa
PR,7163 - SEDE II,pr7163sw101.pr.caixa,pr7163sw101.pr.caixa
PR,7163 - SEDE II,pr7163sw102.pr.caixa,pr7163sw102.pr.caixa
PR,7163 - SEDE II,pr7163sw146.pr.caixa,pr7163sw146.pr.caixa
PR,7163 - SEDE II,pr7163sw147.pr.caixa,pr7163sw147.pr.caixa
PR,7163 - SEDE II,pr7163sw148.pr.caixa,pr7163sw148.pr.caixa
PR,7163 - SEDE II,pr7163sw149.pr.caixa,pr7163sw149.pr.caixa
PR,7163 - SEDE II,pr7163sw150.pr.caixa,pr7163sw150.pr.caixa
PR,7163 - SEDE II,pr7163sw151.pr.caixa,pr7163sw151.pr.caixa
PR,7163 - SEDE II,pr7163sw152.pr.caixa,pr7163sw152.pr.caixa
PR,7163 - SEDE II,pr7163sw153.pr.caixa,pr7163sw153.pr.caixa
PR,7163 - SEDE II,pr7163sw154.pr.caixa,pr7163sw154.pr.caixa
PR,7163 - SEDE II,pr7163sw155.pr.caixa,pr7163sw155.pr.caixa
PR,7163 - SEDE II,pr7163sw156.pr.caixa,pr7163sw156.pr.caixa
PR,7163 - SEDE II,pr7163sw157.pr.caixa,pr7163sw157.pr.caixa
PR,7163 - SEDE II,pr7163sw158.pr.caixa,pr7163sw158.pr.caixa
PR,7163 - SEDE II,pr7163sw159.pr.caixa,pr7163sw159.pr.caixa
PR,7163 - SEDE II,pr7163sw160.pr.caixa,pr7163sw160.pr.caixa
PR,7163 - SEDE II,pr7163sw161.pr.caixa,pr7163sw161.pr.caixa
PR,7178 - SEDE 1 - 6º ANDAR,pr7178sw150.pr.caixa,pr7178sw150.pr.caixa
PR,7410- SEDE 1 - 10º ANDAR,pr7410sw150.pr.caixa,pr7410sw150.pr.caixa
PR,7410- SEDE 1 - 10º ANDAR,pr7410sw151.pr.caixa,pr7410sw151.pr.caixa
PR,7410- SEDE 1 - 10º ANDAR,pr7410sw152.pr.caixa,pr7410sw152.pr.caixa
PR,7410- SEDE 1 - 10º ANDAR,pr7410sw153.pr.caixa,pr7410sw153.pr.caixa
PR,7410- SEDE 1 - 10º ANDAR,pr7410sw154.pr.caixa,pr7410sw154.pr.caixa
PR,7471-0 PA AGRO CAMPO MOURAO,pr7471ra1.pr.caixa,pr7471ra1.pr.caixa
PR,7471-0 PA AGRO CAMPO MOURAO,pr7471sw120.pr.caixa,pr7471sw120.pr.caixa
PR,7646 - 7621 - SEDE 1 - 2º ANDAR,pr7621sw150.pr.caixa,pr7621sw150.pr.caixa
PR,7646 - 7621 - SEDE 1 - 2º ANDAR,pr7621sw151.pr.caixa,pr7621sw151.pr.caixa
PR,7646 - 7621 - SEDE 1 - 2º ANDAR,pr7646sw150.pr.caixa,pr7646sw150.pr.caixa
PR,7646 - 7621 - SEDE 1 - 2º ANDAR,pr7646sw151.pr.caixa,pr7646sw151.pr.caixa
PR,7646 - 7621 - SEDE 1 - 2º ANDAR,pr7646sw154.pr.caixa,pr7646sw154.pr.caixa
PR,7950-0 PA PM GUARAPUAVA,pr7950ra1.pr.caixa,pr7950ra1.pr.caixa
PR,7950-0 PA PM GUARAPUAVA,pr7950sw120.pr.caixa,pr7950sw120.pr.caixa
PR,CT - SEDE 2,pr0000sw150.pr.caixa,pr0000sw150.pr.caixa
PR,CT - SEDE 2,pr0000sw151.pr.caixa,pr0000sw151.pr.caixa
PR,CT - SEDE 2,pr0000sw152.pr.caixa,pr0000sw152.pr.caixa
PR,CT - SEDE 2,pr0000sw153.pr.caixa,pr0000sw153.pr.caixa
PR,CT - SEDE 2,pr0000sw800.pr.caixa,pr0000sw800.pr.caixa
PR,CT - SEDE 2,pr0000sw801.pr.caixa,pr0000sw801.pr.caixa
PR,CT - SEDE 2,pr0000sw802.pr.caixa,pr0000sw802.pr.caixa
PR,CT - SEDE 2,pr0000sw803.pr.caixa,pr0000sw803.pr.caixa
PR,CT - SEDE 2,prrrcta10.pr.caixa,prrrcta10.pr.caixa
PR,CT - SEDE 2,prrrcta9.pr.caixa,prrrcta9.pr.caixa
PR,SEDE 1 - 1º ANDAR,pr7876sw150.pr.caixa,pr7876sw150.pr.caixa
PR,SEDE 1 - 1º ANDAR,pr7876sw151.pr.caixa,pr7876sw151.pr.caixa
PR,SEDE 1 - 1º ANDAR,pr7876sw152.pr.caixa,pr7876sw152.pr.caixa
PR,SEDE 1 - 1º ANDAR,pr7876sw153.pr.caixa,pr7876sw153.pr.caixa
PR,SEDE 1 - 1º ANDAR,pr7876sw154.pr.caixa,pr7876sw154.pr.caixa
PR,SEDE 1 - 1º ANDAR,pr7876sw155.pr.caixa,pr7876sw155.pr.caixa
PR,SEDE 1 - 1º ANDAR,pr7876sw211.pr.caixa,pr7876sw211.pr.caixa
PR,CT,pr7804sw150.pr.caixa,pr7804sw150.pr.caixa
PR,CT,pr7804sw151.pr.caixa,pr7804sw151.pr.caixa
PR,CT,pr7804sw152.pr.caixa,pr7804sw152.pr.caixa
PR,CT,pr7804sw153.pr.caixa,pr7804sw153.pr.caixa
PR,CT,pr7804sw154.pr.caixa,pr7804sw154.pr.caixa
PR,CT,pr7804sw155.pr.caixa,pr7804sw155.pr.caixa
PR,CT,pr7804sw156.pr.caixa,pr7804sw156.pr.caixa
PR,CT,pr7804sw157.pr.caixa,pr7804sw157.pr.caixa
PR,MR,pr7788sw150.pr.caixa,pr7788sw150.pr.caixa
PR,MR,pr7788sw151.pr.caixa,pr7788sw151.pr.caixa
PR,MR,pr7788sw152.pr.caixa,pr7788sw152.pr.caixa
PR,CV,pr7787ra1.pr.caixa,pr7787ra1.pr.caixa
PR,CV,pr7787sw150.pr.caixa,pr7787sw150.pr.caixa
PR,CV,pr7787sw151.pr.caixa,pr7787sw151.pr.caixa
PR,CV,pr7787sw152.pr.caixa,pr7787sw152.pr.caixa
PR,MR,pr7733ra1.pr.caixa,pr7733ra1.pr.caixa
PR,MR,pr7733sw150.pr.caixa,pr7733sw150.pr.caixa
PR,MR,pr7733sw151.pr.caixa,pr7733sw151.pr.caixa
PR,MR,pr7733sw152.pr.caixa,pr7733sw152.pr.caixa
PR,MR,pr7733sw153.pr.caixa,pr7733sw153.pr.caixa
PR,LD,pr7724sw150.pr.caixa,pr7724sw150.pr.caixa
PR,LD,pr7707sw150.pr.caixa,pr7707sw150.pr.caixa
PR,LD,pr7707sw151.pr.caixa,pr7707sw151.pr.caixa
PR,LD,pr7707sw152.pr.caixa,pr7707sw152.pr.caixa
PR,CT,pr7696sw150.pr.caixa,pr7696sw150.pr.caixa
PR,CT,pr7696sw151.pr.caixa,pr7696sw151.pr.caixa
PR,CT,pr7606sw150.pr.caixa,pr7606sw150.pr.caixa
PR,CT,pr7606sw151.pr.caixa,pr7606sw151.pr.caixa
PR,CT,pr7606sw152.pr.caixa,pr7606sw152.pr.caixa
PR,CT,pr7606sw153.pr.caixa,pr7606sw153.pr.caixa
PR,CT,pr7606sw154.pr.caixa,pr7606sw154.pr.caixa
PR,CT,pr7606sw155.pr.caixa,pr7606sw155.pr.caixa
PR,CT,pr7606sw156.pr.caixa,pr7606sw156.pr.caixa
PR,CT,pr7606sw157.pr.caixa,pr7606sw157.pr.caixa
PR,CT,pr7606sw158.pr.caixa,pr7606sw158.pr.caixa
PR,CV,pr7364sw150.pr.caixa,pr7364sw150.pr.caixa
PR,CV,pr7364sw151.pr.caixa,pr7364sw151.pr.caixa
PR,CT,pr7127sw150.pr.caixa,pr7127sw150.pr.caixa
PR,CT,pr7127sw151.pr.caixa,pr7127sw151.pr.caixa
PR,CT,pr7127sw152.pr.caixa,pr7127sw152.pr.caixa
PR,CT,pr7072sw150.pr.caixa,pr7072sw150.pr.caixa
PR,Logistock,pr7068ra1.pr.caixa,pr7068ra1.pr.caixa
PR,CT,pr7039sw150.pr.caixa,pr7039sw150.pr.caixa
PR,CT,pr7039sw151.pr.caixa,pr7039sw151.pr.caixa
PR,CT,pr7039sw152.pr.caixa,pr7039sw152.pr.caixa
PR,CT,pr7010sw151.pr.caixa,pr7010sw151.pr.caixa
PR,CT,pr7010sw152.pr.caixa,pr7010sw152.pr.caixa
PR,CT,pr7010sw153.pr.caixa,pr7010sw153.pr.caixa
PR,CT,pr7010sw154.pr.caixa,pr7010sw154.pr.caixa
PR,CT,pr7010sw155.pr.caixa,pr7010sw155.pr.caixa
PR,COLOMBO,PR6534RA4.pr.caixa,PR6534RA4.pr.caixa
PR,COLOMBO,PR6534RA5.pr.caixa,PR6534RA5.pr.caixa
PR,COLOMBO,PR6534SW016.pr.caixa,PR6534SW016.pr.caixa
PR,COLOMBO,PR6534SW017.pr.caixa,PR6534SW017.pr.caixa
PR,COLOMBO,PR6534SW032.pr.caixa,PR6534SW032.pr.caixa
PR,COLOMBO,PR6534SW033.pr.caixa,PR6534SW033.pr.caixa
PR,COLOMBO,PR6534SW034.pr.caixa,PR6534SW034.pr.caixa
PR,COLOMBO,PR6534SW035.pr.caixa,PR6534SW035.pr.caixa
PR,COLOMBO,PR6534SW036.pr.caixa,PR6534SW036.pr.caixa
PR,COLOMBO,PR6534SW037.pr.caixa,PR6534SW037.pr.caixa
PR,COLOMBO,PR6534SW038.pr.caixa,PR6534SW038.pr.caixa
PR,COLOMBO,PR6534SW039.pr.caixa,PR6534SW039.pr.caixa
PR,COLOMBO,PR6534SW040.pr.caixa,PR6534SW040.pr.caixa
PR,COLOMBO,PR6534SW041.pr.caixa,PR6534SW041.pr.caixa
PR,COLOMBO,PR6534SW042.pr.caixa,PR6534SW042.pr.caixa
PR,COLOMBO,PR6534SW043.pr.caixa,PR6534SW043.pr.caixa
PR,COLOMBO,PR6534SW044.pr.caixa,PR6534SW044.pr.caixa
PR,COLOMBO,PR6534SW045.pr.caixa,PR6534SW045.pr.caixa
PR,COLOMBO,PR6534SW046.pr.caixa,PR6534SW046.pr.caixa
PR,COLOMBO,PR6534SW047.pr.caixa,PR6534SW047.pr.caixa
PR,COLOMBO,PR6534SW048.pr.caixa,PR6534SW048.pr.caixa
PR,COLOMBO,PR6534SW049.pr.caixa,PR6534SW049.pr.caixa
PR,COLOMBO,PR6534SW050.pr.caixa,PR6534SW050.pr.caixa
PR,COLOMBO,PR6534SW051.pr.caixa,PR6534SW051.pr.caixa
PR,COLOMBO,PR6534SW052.pr.caixa,PR6534SW052.pr.caixa
PR,COLOMBO,PR6534SW053.pr.caixa,PR6534SW053.pr.caixa
PR,COLOMBO,PR6534SW054.pr.caixa,PR6534SW054.pr.caixa
PR,COLOMBO,PR6534SW055.pr.caixa,PR6534SW055.pr.caixa
PR,COLOMBO,PR6534SW056.pr.caixa,PR6534SW056.pr.caixa
PR,COLOMBO,PR6534SW057.pr.caixa,PR6534SW057.pr.caixa
PR,COLOMBO,PR6534SW058.pr.caixa,PR6534SW058.pr.caixa
PR,COLOMBO,PR6534SW059.pr.caixa,PR6534SW059.pr.caixa
PR,COLOMBO,PR6534SW060.pr.caixa,PR6534SW060.pr.caixa
PR,COLOMBO,PR6534SW061.pr.caixa,PR6534SW061.pr.caixa
PR,COLOMBO,PR6534SW062.pr.caixa,PR6534SW062.pr.caixa
PR,COLOMBO,PR6534SW063.pr.caixa,PR6534SW063.pr.caixa
PR,COLOMBO,PR6534SW064.pr.caixa,PR6534SW064.pr.caixa
PR,COLOMBO,PR6534SW065.pr.caixa,PR6534SW065.pr.caixa
PR,COLOMBO,PR6534SW066.pr.caixa,PR6534SW066.pr.caixa
PR,COLOMBO,PR6534SW067.pr.caixa,PR6534SW067.pr.caixa
PR,COLOMBO,PR6534SW068.pr.caixa,PR6534SW068.pr.caixa
PR,COLOMBO,PR6534SW069.pr.caixa,PR6534SW069.pr.caixa
PR,COLOMBO,PR6534SW070.pr.caixa,PR6534SW070.pr.caixa
PR,COLOMBO,PR6534SW071.pr.caixa,PR6534SW071.pr.caixa
PR,COLOMBO,PR6534SW072.pr.caixa,PR6534SW072.pr.caixa
PR,COLOMBO,PR6534SW073.pr.caixa,PR6534SW073.pr.caixa
PR,COLOMBO,PR6534SW074.pr.caixa,PR6534SW074.pr.caixa
PR,COLOMBO,PR6534SW075.pr.caixa,PR6534SW075.pr.caixa
PR,COLOMBO,PR6534SW076.pr.caixa,PR6534SW076.pr.caixa
PR,COLOMBO,PR6534SW077.pr.caixa,PR6534SW077.pr.caixa
PR,COLOMBO,PR6534SW078.pr.caixa,PR6534SW078.pr.caixa
PR,COLOMBO,PR6534SW079.pr.caixa,PR6534SW079.pr.caixa
PR,COLOMBO,PR6534SW080.pr.caixa,PR6534SW080.pr.caixa
PR,COLOMBO,PR6534SW081.pr.caixa,PR6534SW081.pr.caixa
PR,COLOMBO,PR6534SW082.pr.caixa,PR6534SW082.pr.caixa
PR,CT - XAXIM,pr6534ra2.pr.caixa,pr6534ra2.pr.caixa
PR,CT - XAXIM,pr6534ra3.pr.caixa,pr6534ra3.pr.caixa
PR,CT - XAXIM,PR6534SW100.pr.caixa,PR6534SW100.pr.caixa
PR,CT - XAXIM,PR6534SW150.pr.caixa,PR6534SW150.pr.caixa
PR,CT - XAXIM,PR6534SW151.pr.caixa,PR6534SW151.pr.caixa
PR,CT - XAXIM,PR6534SW152.pr.caixa,PR6534SW152.pr.caixa
PR,CT - XAXIM,PR6534SW153.pr.caixa,PR6534SW153.pr.caixa
PR,CT - XAXIM,PR6534SW154.pr.caixa,PR6534SW154.pr.caixa
PR,CT - XAXIM,PR6534SW155.pr.caixa,PR6534SW155.pr.caixa
PR,CT - XAXIM,PR6534SW156.pr.caixa,PR6534SW156.pr.caixa
PR,CT - XAXIM,PR6534SW157.pr.caixa,PR6534SW157.pr.caixa
PR,CT - XAXIM,PR6534SW158.pr.caixa,PR6534SW158.pr.caixa
PR,CT - XAXIM,PR6534SW159.pr.caixa,PR6534SW159.pr.caixa
PR,CT - XAXIM,PR6534SW160.pr.caixa,PR6534SW160.pr.caixa
PR,CT - XAXIM,PR6534SW161.pr.caixa,PR6534SW161.pr.caixa
PR,CT - XAXIM,PR6534SW162.pr.caixa,PR6534SW162.pr.caixa
PR,CT - XAXIM,PR6534SW163.pr.caixa,PR6534SW163.pr.caixa
PR,CT - XAXIM,PR6534SW164.pr.caixa,PR6534SW164.pr.caixa
PR,CT - XAXIM,PR6534SW165.pr.caixa,PR6534SW165.pr.caixa
PR,CT - XAXIM,PR6534SW166.pr.caixa,PR6534SW166.pr.caixa
PR,CT - XAXIM,PR6534SW167.pr.caixa,PR6534SW167.pr.caixa
PR,CT - XAXIM,PR6534SW168.pr.caixa,PR6534SW168.pr.caixa
PR,CT - XAXIM,PR6534SW169.pr.caixa,PR6534SW169.pr.caixa
PR,CT - XAXIM,PR6534SW170.pr.caixa,PR6534SW170.pr.caixa
PR,CT - XAXIM,PR6534SW171.pr.caixa,PR6534SW171.pr.caixa
PR,CT - XAXIM,PR6534SW172.pr.caixa,PR6534SW172.pr.caixa
PR,CT - XAXIM,PR6534SW173.pr.caixa,PR6534SW173.pr.caixa
PR,CT - XAXIM,PR6534SW174.pr.caixa,PR6534SW174.pr.caixa
PR,CT - XAXIM,PR6534SW175.pr.caixa,PR6534SW175.pr.caixa
PR,CT - XAXIM,PR6534SW176.pr.caixa,PR6534SW176.pr.caixa
PR,CT - XAXIM,PR6534SW177.pr.caixa,PR6534SW177.pr.caixa
PR,CT - XAXIM,PR6534SW178.pr.caixa,PR6534SW178.pr.caixa
PR,CT - XAXIM,PR6534SW179.pr.caixa,PR6534SW179.pr.caixa
PR,CT - XAXIM,PR6534SW180.pr.caixa,PR6534SW180.pr.caixa
PR,CT - XAXIM,PR6534SW181.pr.caixa,PR6534SW181.pr.caixa
PR,CT - XAXIM,PR6534SW182.pr.caixa,PR6534SW182.pr.caixa
PR,CT - XAXIM,PR6534SW183.pr.caixa,PR6534SW183.pr.caixa
PR,CT - XAXIM,PR6534SW184.pr.caixa,PR6534SW184.pr.caixa
PR,CT - XAXIM,PR6534SW185.pr.caixa,PR6534SW185.pr.caixa
PR,CT - XAXIM,PR6534SW186.pr.caixa,PR6534SW186.pr.caixa
PR,CT - XAXIM,PR6534SW187.pr.caixa,PR6534SW187.pr.caixa
PR,CT - XAXIM,PR6534SW200.pr.caixa,PR6534SW200.pr.caixa
PR,PG,pr6423sw150.pr.caixa,pr6423sw150.pr.caixa
PR,PG,pr6423sw151.pr.caixa,pr6423sw151.pr.caixa
PR,PG,pr6423sw152.pr.caixa,pr6423sw152.pr.caixa
PR,PG,pr6423sw153.pr.caixa,pr6423sw153.pr.caixa
PR,PG,pr6423sw154.pr.caixa,pr6423sw154.pr.caixa
PR,PG,pr6423sw155.pr.caixa,pr6423sw155.pr.caixa
PR,CT,pr6158sw150.pr.caixa,pr6158sw150.pr.caixa
PR,CT,pr6158sw151.pr.caixa,pr6158sw151.pr.caixa
PR,CT,pr6158sw152.pr.caixa,pr6158sw152.pr.caixa
PR,CT,pr6158sw153.pr.caixa,pr6158sw153.pr.caixa
PR,PR,pr3158ra1.pr.caixa,pr3158ra1.pr.caixa
PR,PR,pr3158sw120.pr.caixa,pr3158sw120.pr.caixa
PR,MARINGA,pr3157ra1.pr.caixa,pr3157ra1.pr.caixa
PR,MARINGA,pr3157sw120.pr.caixa,pr3157sw120.pr.caixa
PR,CT,pr0368sw250.pr.caixa,pr0368sw250.pr.caixa
PR,CT,pr0368sw251.pr.caixa,pr0368sw251.pr.caixa
PR,CT,pr0368sw252.pr.caixa,pr0368sw252.pr.caixa
